"排名","代號","名稱","成交","漲跌價","漲跌幅","法人買賣日期","當日賣出佔成交","2日賣出佔成交","3日賣出佔成交","5日賣出佔成交","10日賣出佔成交","1個月賣出佔成交","3個月賣出佔成交","半年賣出佔成交","1年賣出佔成交","3年賣出佔成交","10年賣出佔成交","今年賣出佔成交"
"1","2887","台新新光金","23.15","+0.15","+0.65","05/13","46","50.8","50.2","50.5","44.7","35.2","14.6","8.23","5.17","3.74","2.04","11.3"
"2","00755B","群益投資級公用債","32.83","+0.02","+0.06","05/13","49.2","49.4","49.5","44.5","32.3","20","9.16","4.57","2.27","0.41","","6.13"
"3","2606","裕民","64.3","+0.4","+0.63","05/13","38.6","41.8","35","23","20","12","9.05","6.81","6.85","4.83","2.78","11"
"4","3167","大量","753","-7","-0.92","05/13","0","2.09","17.3","21.6","7.32","8.07","2.54","1.12","0.42","0.31","0.27","2.23"
"5","6592B","和潤企業乙特","97.2","0","0","05/13","80.5","35.7","34.2","21.2","11.5","6.32","5.18","24.8","11.9","","","10.8"
"6","7751","竑騰","1720","-115","-6.27","05/13","18.4","17.3","13.6","18.7","14.8","6.11","3.02","1.47","","","","1.81"
"7","2882","國泰金","77.3","+0.9","+1.18","05/13","13.5","18.9","19.1","16.1","18.5","16.6","10.2","15.2","7.98","4.78","2.38","11.1"
"8","3653","健策","3530","-390","-9.95","05/13","25","7.45","5.3","16","14","10","6.32","5.39","6.6","7.35","4.45","6.53"
"9","6805","富世達","1830","-20","-1.08","05/13","27.6","28.5","22.1","13.5","18","13.5","8.92","7.21","4.77","","","9.44"
"10","6515","穎崴","9875","-75","-0.75","05/13","19.6","14.6","12.4","13.3","11.2","8.28","7.45","5.28","4.29","4.69","","6.03"
"11","2881","富邦金","94.7","+1","+1.07","05/13","15.6","16.4","14.1","12.8","14.1","14.5","9.62","10.5","6.75","4.23","2.04","12"
"12","2891","中信金","54.9","+1.4","+2.62","05/13","14.7","16.6","14.9","12.7","16.4","18.5","10.8","16.2","11.8","6.42","3.06","11.7"
"13","3131","弘塑","3025","-115","-3.66","05/13","7.5","11.2","16","12.2","9.42","7","3.89","3.5","4.09","4.37","4.09","4.2"
"14","3163","波若威","1035","-30","-2.82","05/13","2.34","5.25","4.64","12","2.8","4.56","2.04","0.44","0.34","0.29","0.3","1.06"
"15","00965","元大航太防衛科技","25.78","+0.1","+0.39","05/13","14.1","14.3","14.7","11.6","6.03","4.72","3.68","4.31","4.47","","","4.35"
"16","2347","聯強","83.1","-1.8","-2.12","05/13","11","10.2","8.6","11.4","13.7","12.1","6.46","13.1","13.5","14.1","7.3","10.1"
"17","2884","玉山金","31.9","+0.1","+0.31","05/13","7.75","9.8","7.32","11.3","18.3","18.9","9.9","5.41","4.9","4.54","1.84","8.16"
"18","6005","群益證","32","+0.3","+0.95","05/13","4.69","9.64","7.64","11.3","18.6","15.7","10.2","9.97","17.3","9","4.34","9.81"
"19","6024","群益期","57.2","-0.3","-0.52","05/13","20.6","26.7","18.6","11.2","5.97","3.4","1.14","0.66","0.87","2.48","1.2","0.83"
"20","4904","遠傳","96.9","+1.4","+1.47","05/13","5.35","8.36","7.28","10.6","24.9","17.1","11.6","12.5","17.9","10.2","5.29","12.3"
"21","6023","元大期","99.2","-0.6","-0.6","05/13","38","28.3","21.6","10.6","9.21","5.65","1.81","1.39","1.71","2.48","1","1.7"
"22","6442","光聖","1805","-100","-5.25","05/13","15","13","12.4","10.2","9.04","9.53","5.36","3.06","1.82","0.87","0.69","4.05"
"23","6510","精測","3775","-85","-2.2","05/13","20.1","9.6","8.23","9.78","7.96","6.7","9.71","6.85","6.3","5.14","3.56","7.81"
"24","2850","新產","133","0","0","05/13","15.9","10.7","6.55","9.6","7.73","8.05","6.27","6.47","8.06","2.71","1.12","6.55"
"25","3533","嘉澤","2595","-205","-7.32","05/13","23.1","19.9","14.5","9.54","7.95","5.7","3.92","3.69","4.25","5.51","5.9","3.11"
"26","1702","南僑","33.3","-0.45","-1.33","05/13","0","0","0","9.31","20.7","15.6","7.55","4.67","2","1.64","3.4","5.85"
"27","3702","大聯大","110.5","-3.5","-3.07","05/13","25.5","24.3","12","9.22","10.4","19.2","9.57","12.9","15.9","13.2","7.52","10.8"
"28","2368","金像電","1350","-40","-2.88","05/13","17.9","12.4","10.6","9.21","7.41","4.28","2.96","3.39","3.36","3.71","2.08","4.56"
"29","9904","寶成","26.05","+0.2","+0.77","05/13","4.31","11.5","9.26","9.16","9.96","9.58","7.33","7.55","5.05","5.58","3.12","9.38"
"30","6121","新普","380","-2","-0.52","05/13","14.5","9.32","7.31","8.73","7.87","10","7.79","17.1","15.3","11.4","5.16","17.6"
"31","3665","貿聯-KY","2500","-275","-9.91","05/13","1.53","9.16","5.96","8.58","10.4","7.54","7.07","7.47","5.95","5","3.76","9.23"
"32","6271","同欣電","182","-1","-0.55","05/13","0","0","0","8.17","7.74","2.46","1.5","0.9","0.72","1.42","3.79","0.99"
"33","3189","景碩","497.5","+3.5","+0.71","05/13","4.55","4.26","7.76","8.08","4.26","2.32","1.85","1.17","0.98","1.48","1.93","1.04"
"34","2603","長榮","210","-4","-1.87","05/13","1.24","2.25","6.65","7.88","7.33","7.08","4.4","5.38","7.28","3.71","1.04","6.08"
"35","3015","全漢","51","+0.8","+1.59","05/13","0","0","0.1","7.53","21.6","15.4","7.13","3.01","1.65","0.95","0.43","4.26"
"36","4991","環宇-KY","700","-40","-5.41","05/13","0","0","1.43","7.27","2.35","2.13","1.16","1.24","0.82","0.63","0.75","1.91"
"37","2062","橋椿","19.95","-0.15","-0.75","05/13","0","13.8","10.5","7.1","3.69","1.65","1.71","1.77","1.81","0.26","0.61","1.05"
"38","8996","高力","1025","-30","-2.84","05/13","11.1","6.46","6.21","6.8","5.42","4.76","3.02","2.81","2.15","1.7","1.06","2.41"
"39","1532","勤美","20.45","+0.05","+0.25","05/13","0","0.21","0.32","6.77","17.6","12.4","6.39","4.18","2.25","0.79","1.24","5.32"
"40","6691","洋基工程","632","-1","-0.16","05/13","0.11","0.46","0.28","6.75","3.76","8.27","3.92","2.41","8.75","5.74","","3.38"
"41","2357","華碩","663","-10","-1.49","05/13","2.3","3.51","5.24","6.74","7.42","7.03","3.73","4.88","7.41","6.04","3.81","5.22"
"42","3017","奇鋐","2585","+65","+2.58","05/13","2.96","3.7","2.4","6.72","10.8","6.67","3.22","4.18","2.84","2.92","2.17","4.53"
"43","6584","南俊國際","679","-2","-0.29","05/13","15.2","13.9","11.6","6.71","5.85","3.6","2.21","2.91","1.64","","","3.18"
"44","2458","義隆","142.5","-3","-2.06","05/13","2.53","6.63","4.9","6.59","6.5","10.8","5.55","8.06","7.18","4.44","2.47","8.32"
"45","5522","遠雄","70.4","+0.6","+0.86","05/13","7.3","1.91","1.07","6.53","4.7","4.58","3.71","3.82","3.77","7.48","5.34","5.95"
"46","2727","王品","236","+0.5","+0.21","05/13","0","0","0.11","6.35","4.81","3.22","1.67","1.23","3.1","1.93","1.01","1.46"
"47","2015","豐興","62.6","-1.3","-2.03","05/13","9.9","7.79","3.37","6.29","6.68","5.82","6.91","5.82","4.13","9.62","3.6","7.03"
"48","2006","東和鋼鐵","65.5","-0.7","-1.06","05/13","7.95","8.05","6.73","6.22","6.9","7.32","5.16","4.66","7.68","7.06","3.34","5.75"
"49","1102","亞泥","35.3","+0.7","+2.02","05/13","4.17","7.27","5.05","6.1","13.1","17.6","10","9.21","11.5","10.8","6.01","10.1"
"50","9907","統一實","16.45","-0.4","-2.37","05/13","3.42","4.7","3.8","5.84","6.47","7.2","5.5","3.84","2.35","1.26","0.56","5.43"
"51","4536","拓凱","152.5","+0.5","+0.33","05/13","0","0","0","5.82","10.5","8.47","3.94","2.52","2.45","2.36","3.04","3.34"
"52","6739","竹陞科技","1285","-60","-4.46","05/13","10.5","10.2","6.8","5.8","6.14","2.7","1.06","0.68","0.42","","","0.88"
"53","6187","萬潤","1225","+5","+0.41","05/13","0","0.01","2.68","5.72","4.14","4.75","2.02","1.72","1.4","1.46","1.94","1.71"
"54","2385","群光","129","-6","-4.44","05/13","4.12","2.03","3.74","5.63","9.03","11.1","6.82","13.3","12.8","10.7","6.55","11"
"55","2353","宏碁","28.3","0","0","05/13","3.89","6.6","5.42","5.63","6.86","5.96","2.91","2.79","5.41","4.44","1.96","3.1"
"56","3045","台灣大","112","+2","+1.82","05/13","2.07","4.6","4.01","5.55","8.34","8.01","6.7","5.4","11.1","8.72","4.89","7.94"
"57","2206","三陽工業","58.4","-0.5","-0.85","05/13","3.84","3.95","3.43","5.48","5.93","7.12","8.38","10.1","10.7","2.56","1.4","9.51"
"58","6605","帝寶","132.5","+4","+3.11","05/13","0","0","0","5.41","5.8","2.61","1.29","7.95","5.05","2.9","1.65","0.77"
"59","2449","京元電子","305","+4","+1.33","05/13","0.5","2.54","6.89","5.36","3.9","5.33","4.81","4.69","3.89","3.96","3.15","4.58"
"60","5234","達興材料","415.5","-17.5","-4.04","05/13","0","12.2","9.31","5.29","6.16","3.6","2.4","3.12","3.28","2.51","2.38","1.9"
"61","3260","威剛","434","-11.5","-2.58","05/13","16.4","9.44","9.61","5.17","4.63","3.06","2.4","2.09","1.82","2.3","1.54","2.24"
"62","4915","致伸","70.6","-0.5","-0.7","05/13","3.57","4.66","3.96","5.11","8.5","12.4","9.67","10.5","12.4","9.37","3.73","9"
"63","9917","中保科","113","+0.5","+0.44","05/13","0","0","0","5.07","5.73","3.1","6.43","7.67","11.6","10.6","6.38","6.07"
"64","1210","大成","52.3","+0.2","+0.38","05/13","6.27","5.33","3.28","5.01","8.21","18","12.7","9.69","7.22","3.85","2.59","11.1"
"65","6223","旺矽","5720","+240","+4.38","05/13","1.66","1.27","6.59","4.96","4.43","5.48","4.56","5.47","4.38","2.83","2.24","5.8"
"66","2301","光寶科","211.5","-23","-9.81","05/13","12.4","7.34","5.83","4.9","3.25","3.62","3","6.46","5.11","4.42","3.76","3.53"
"67","2885","元大金","55.8","+1.2","+2.2","05/13","3.14","8.79","6.85","4.88","4.67","9.1","6.15","14.7","10.5","6.3","2.19","10.2"
"68","2610","華航","18.75","-0.1","-0.53","05/13","5.46","15","7.12","4.87","4.71","7.16","4.82","4.39","5.46","1.73","0.98","5.01"
"69","00730","富邦臺灣優質高息","26.64","-0.16","-0.6","05/13","29.4","12.5","9","4.76","2.87","1.07","0.46","0.24","0.13","0.78","","0.3"
"70","1216","統一","75.2","+2.1","+2.87","05/13","4.24","5.25","4.19","4.7","6.92","16.5","11.1","9.21","12.1","8.2","3.69","12.6"
"71","3081","聯亞","2835","-220","-7.2","05/13","5.54","2.57","1.95","4.69","3.25","7.06","4.81","2.59","2.03","1.18","1.59","3.34"
"72","2618","長榮航","34.45","-0.65","-1.85","05/13","4.7","10.6","7.78","4.66","4.95","6.87","5.27","7.04","13","3.95","1.92","7.64"
"73","6438","迅得","168.5","-3","-1.75","05/13","0","13.3","9.4","4.61","1.79","0.59","0.19","0.19","1.01","1.12","","0.15"
"74","2027","大成鋼","38.1","-1.6","-4.03","05/13","0","8.05","6.68","4.57","3.45","3.09","1.44","0.81","2.76","4.28","2.47","1.01"
"75","2880","華南金","32.75","+0.2","+0.61","05/13","5.03","3.91","2.83","4.53","6.68","17.3","8.88","7.81","10","5.46","2.18","7.93"
"76","006201","元大富櫃50","47.92","-0.73","-1.5","05/13","0","0","6.73","4.5","2.7","1.07","2.59","5.03","6.47","8.85","12.7","4.1"
"77","3529","力旺","3920","-195","-4.74","05/13","15.6","7.19","7.25","4.49","6.67","5.58","3.76","3.83","4.83","4.96","4.11","3.58"
"78","6670","復盛應用","265","-9.5","-3.46","05/13","1.02","1.06","1.11","4.39","5.2","15.1","8.18","16.9","10","5.98","","8.72"
"79","2883","凱基金","21.95","+0.35","+1.62","05/13","11.1","9.87","7.54","4.37","10.5","7.26","3.51","3.31","2.96","3.99","2.45","3.47"
"80","6274","台燿","1450","0","0","05/13","0","0.17","6","4.27","3.25","2.03","5.78","4.19","2.74","2.35","3.39","5.63"
"81","4938","和碩","81.8","+0.7","+0.86","05/13","0.44","1.56","4.78","4.26","5.93","5.84","3.97","12.9","12.7","8.32","3.85","8.9"
"82","2903","遠百","22.45","+0.35","+1.58","05/13","3.3","3.82","2.74","4.24","6.67","6.21","7.44","4.53","3.3","6.78","3.27","8.13"
"83","3036","文曄","284","+8.5","+3.09","05/13","3.99","3.39","3.53","4.02","5.97","10.6","7.69","8.35","8.36","5.74","4.48","8.41"
"84","2404","漢唐","1025","+32","+3.22","05/13","1.1","4.31","3.67","3.99","4.3","5.89","5.47","6.36","8.94","9.08","4.63","5.89"
"85","00740B","富邦全球投等債","38.54","+0.01","+0.03","05/13","27.6","16.7","6.65","3.94","1.14","0.63","0.21","0.1","0.52","0.11","","0.16"
"86","7717","萊德光電-KY","645","-14","-2.12","05/13","0","0","0","3.94","4.8","1.69","0.68","","","","","0.48"
"87","2474","可成","202.5","-3","-1.46","05/13","2.76","3.9","7.44","3.94","5.96","13","10.4","15.8","13.8","13.4","4.1","14.3"
"88","8081","致新","256.5","-3.5","-1.35","05/13","0.39","0.22","0.13","3.9","2.41","1.4","1.07","1.32","1.39","4.98","2.45","1.04"
"89","5274","信驊","17820","-185","-1.03","05/13","22.5","11.6","7.62","3.88","3.03","3.65","3.3","2.21","3.42","4.1","4.6","2.61"
"90","2233","宇隆","288","-10","-3.36","05/13","0","0","0","3.8","0.68","0.71","0.66","0.38","0.52","0.83","2.34","0.43"
"91","6147","頎邦","192","-4","-2.04","05/13","0.77","0.46","1.14","3.76","2.05","2.51","1.32","3.11","4.39","7.86","3.94","1.75"
"92","6683","雍智科技","2135","-235","-9.92","05/13","0","0","6.24","3.74","1.07","0.76","0.46","0.48","0.6","1","","0.4"
"93","5871","中租-KY","107.5","-2","-1.83","05/13","2.26","1.23","1.16","3.74","4.29","11","5.98","15.2","9.98","5.83","3.14","8.94"
"94","2207","和泰車","473.5","+3.5","+0.74","05/13","3.5","3.81","2.69","3.64","4.15","4","2.78","2.3","2.94","1.68","1.11","2.86"
"95","8358","金居","456","-21","-4.4","05/13","1.15","1.14","1.39","3.64","3.49","2.99","3.53","2.83","1.31","1.24","1.6","3.59"
"96","8046","南電","880","-20","-2.22","05/13","0.64","0.81","3.64","3.52","2.19","1.36","0.72","1.34","1.27","2.14","2.47","0.57"
"97","2439","美律","84.2","-1.4","-1.64","05/13","0","0.29","2.93","3.49","9.51","15","8.82","12.6","10.3","4.32","2.48","7.48"
"98","6239","力成","232","+5.5","+2.43","05/13","2.13","5.09","5.71","3.48","2.42","5.16","6.01","7.04","7.02","6.87","4.42","4.43"
"99","2637","慧洋-KY","73.9","+0.9","+1.23","05/13","4.47","2.29","1.94","3.47","2.85","1.94","2.48","3.29","3.34","4.13","1.76","5"
"100","2393","億光","72.9","+0.2","+0.28","05/13","0.8","1.95","3.24","3.43","3.96","5.54","4.22","15.3","15.7","7.95","3.3","4.83"
"101","2345","智邦","2435","-90","-3.56","05/13","3.51","1.53","0.85","3.39","3.63","3","2.25","2.83","3.51","3.96","3.7","3.08"
"102","2317","鴻海","251","+1","+0.4","05/13","5.73","9.57","6.85","3.35","1.52","1.1","0.93","2.22","1.82","1.62","1.06","1.57"
"103","1476","儒鴻","349","+4.5","+1.31","05/13","0.57","8.28","5.67","3.33","4.07","2","0.8","1.01","1.61","3.28","3.25","1.19"
"104","6188","廣明","83","-2.6","-3.04","05/13","0","0","1.32","3.32","2.75","7.76","6.37","2.44","0.94","0.25","0.66","3.47"
"105","3324","雙鴻","1065","+5","+0.47","05/13","0.05","6.31","6.86","3.27","1.56","0.84","1.09","1.41","1.2","1.58","2.33","1.2"
"106","3563","牧德","823","+8","+0.98","05/13","2.29","6.82","4.94","3.16","2.21","2.09","1.06","1.28","1.33","0.77","1.46","1.28"
"107","00948B","中信優息投資級債","9.43","+0.01","+0.11","05/13","0","0","0","3.15","2.02","1.14","0.21","0.13","0.41","","","0.16"
"108","3406","玉晶光","516","-7","-1.34","05/13","3.87","3.08","2.84","3.04","4.6","11.7","8.83","6.07","3.96","2.28","0.68","7.8"
"109","6139","亞翔","686","+6","+0.88","05/13","0","6.6","4.06","3.01","2.08","2.69","2.31","2.2","1.9","1.09","0.72","1.82"
"110","4532","瑞智","23.05","-0.1","-0.43","05/13","2.28","2.15","2.22","2.98","1.99","1.86","1.09","0.87","1.4","0.29","0.79","1"
"111","6613","朋億*","237.5","+2.5","+1.06","05/13","0","11.1","6.09","2.93","8.42","3.85","2.09","1.65","1.24","0.85","","1.86"
"112","2912","統一超","225.5","-0.5","-0.22","05/13","0","1.1","1.57","2.9","3.64","6.44","13.2","9.68","8.32","4.74","2.82","11.3"
"113","2211","長榮鋼","96.4","-0.2","-0.21","05/13","1.09","1.02","1.14","2.88","2.79","2.34","2.52","1.71","6.99","8.39","","3.29"
"114","3005","神基","97.9","-0.6","-0.61","05/13","4.94","2.74","2.68","2.78","4.65","10.8","6.18","8.44","7.39","5.17","3.93","7.7"
"115","2031","新光鋼","38.55","-0.65","-1.66","05/13","1.5","1.88","2.23","2.77","1.19","0.73","0.31","0.15","0.85","2.48","1.53","0.2"
"116","2383","台光電","4930","+30","+0.61","05/13","0.79","1.3","2.25","2.74","2.73","3.78","2.4","3.02","5.34","4.6","4.21","3.56"
"117","5371","中光電","68.3","-1.6","-2.29","05/13","9.08","10.5","4.86","2.72","1.25","0.82","1.13","0.42","0.32","1.28","0.92","0.48"
"118","8070","長華*","46.3","-1.3","-2.73","05/13","0.41","0.71","4.79","2.64","2.09","3.9","4.72","6.06","2.8","3.46","2.01","5.86"
"119","5289","宜鼎","1765","-30","-1.67","05/13","5.38","3.7","2.79","2.64","1.62","2.14","2.24","1.88","2.23","3.17","2.43","1.7"
"120","3526","凡甲","389","-2.5","-0.64","05/13","1.94","11.7","7.61","2.56","1.15","0.92","1.64","1.3","2","1.89","1.68","1.33"
"121","2360","致茂","2405","-35","-1.43","05/13","2.01","0.95","1.68","2.52","1.43","4.36","2.98","3.63","3.18","3.91","3.08","3.46"
"122","3211","順達","390","-12","-2.99","05/13","13.3","5.44","3.68","2.42","3.88","6.34","3.98","4.52","4.51","2.56","1.93","4.63"
"123","6944","兆聯實業","916","+6","+0.66","05/13","0","0","0.26","2.41","2.16","1.05","0.42","1.38","","","","1.2"
"124","9941","裕融","73.9","-0.4","-0.54","05/13","5.12","5.27","3.99","2.4","1.3","1.79","14.9","11.7","12","7.03","3.95","12.8"
"125","8436","大江","119","-0.5","-0.42","05/13","2.04","2.39","1.88","2.4","3.11","3.15","2.32","2.67","3.27","2.78","2.9","1.57"
"126","6414","樺漢","347.5","-14.5","-4.01","05/13","3.48","4.19","2.79","2.38","2.95","4.86","4.16","4.17","6.12","4.29","3.11","4.89"
"127","5536","聖暉*","950","+65","+7.34","05/13","1.75","2.03","2.49","2.37","4.76","4.52","3.19","4.96","5.01","5.38","3.27","5.48"
"128","6446","藥華藥","782","+71","+9.99","05/13","0.07","0.09","0.08","2.36","3.45","2.52","2.43","1.82","2.47","1.67","","1.66"
"129","6505","台塑化","52.9","-0.2","-0.38","05/13","0.06","6.47","3.77","2.31","1.12","1.49","0.93","0.89","1.43","1.11","1.71","0.98"
"130","5347","世界","168","-2","-1.18","05/13","8.36","4.65","2.85","2.29","2.39","5.91","5.42","7.51","9.61","7.54","4.95","6.58"
"131","3265","台星科","180","+1.5","+0.84","05/13","0","0","0","2.26","0.92","0.4","1.32","0.64","0.64","0.49","0.39","0.8"
"132","6189","豐藝","46.95","-0.95","-1.98","05/13","1.94","2.06","1.92","2.25","1.18","0.93","0.56","0.27","3.42","1.25","0.95","0.33"
"133","1319","東陽","80","0","0","05/13","9.04","4.34","2.9","2.25","7.85","9.61","8.35","6.71","8.9","5.12","3.52","6.33"
"134","3044","健鼎","529","+48","+9.98","05/13","2.19","3.06","2.93","2.2","2.35","3.61","5.11","10.1","10.3","7.97","5.71","6.65"
"135","3264","欣銓","230","+1.5","+0.66","05/13","5.4","5.69","4.79","2.12","2.56","2.22","2.65","2.15","4.45","5.33","4","2.33"
"136","2504","國產","34.4","-0.2","-0.58","05/13","1.17","1.48","1.47","2.12","9.5","9.52","4.45","14.8","15.8","9.98","3.57","5.42"
"137","8210","勤誠","1520","-30","-1.94","05/13","0.66","0.51","0.38","2.09","1.69","1.07","5.53","5.24","4.02","2.42","2.14","5.04"
"138","3491","昇達科","1720","-45","-2.55","05/13","2.54","1.5","0.8","2.08","1.54","1.3","1.38","0.99","1.67","1.73","1.35","1.38"
"139","2059","川湖","5250","-195","-3.58","05/13","22.5","6.93","3.3","2.05","1.25","1.05","1.8","6.81","5.93","3.95","3.33","5.74"
"140","2337","旺宏","168","+15","+9.8","05/13","0.56","2.2","1.6","1.98","0.96","1.78","1.44","0.79","0.6","1.32","1.38","0.92"
"141","3218","大學光","130.5","-3","-2.25","05/13","1.2","1.6","1.72","1.98","0.69","0.43","0.22","0.12","0.08","1.79","0.79","0.16"
"142","4979","華星光","600","-59","-8.95","05/13","2.62","4.32","3.32","1.97","1.67","2.2","2.29","1.12","0.96","0.93","0.86","1.48"
"143","2105","正新","31.2","-0.65","-2.04","05/13","0.69","3.39","2.86","1.95","4.54","2.84","14.3","12.4","14.6","7.92","4.07","13.4"
"144","1307","三芳","31.85","-0.45","-1.39","05/13","2.32","2.27","1.87","1.91","0.97","1.23","0.31","0.4","1.14","0.98","0.74","0.5"
"145","2049","上銀","364.5","-3","-0.82","05/13","1.43","1.03","0.7","1.9","1.01","0.6","0.62","0.47","0.74","2.03","1.52","0.49"
"146","2379","瑞昱","552","-3","-0.54","05/13","0.65","1.4","1.61","1.86","1.88","7.48","10.2","8.74","9.23","8.42","4.45","8.53"
"147","3037","欣興","892","+17","+1.94","05/13","0.11","0.14","0.17","1.84","2.05","3.7","2.28","1.37","1.69","2.11","1.67","1.46"
"148","1612","宏泰","36.85","+0.05","+0.14","05/13","2.41","2.8","2.53","1.82","0.89","0.54","0.24","0.09","0.14","0.12","0.07","0.11"
"149","3010","華立","132","-9","-6.38","05/13","1.31","1.59","1.3","1.79","6.29","4.34","3.17","2.29","4.92","4.57","2.41","2.7"
"150","6176","瑞儀","102","-2","-1.92","05/13","2.29","1.22","1.86","1.79","3.93","4.71","4.23","11.4","11.3","9.84","3.74","8"
"151","9939","宏全","119","-3.5","-2.86","05/13","4.33","2.13","1.23","1.77","3.08","3.47","2.5","2.54","5.87","4.74","2.36","2.59"
"152","2882B","國泰金乙特","60.9","+0.1","+0.16","05/13","5.41","2.99","2.12","1.71","1.09","0.47","0.86","6.6","8.61","4","","3.15"
"153","2480","敦陽科","148.5","+0.5","+0.34","05/13","1.07","1.41","1.37","1.69","0.75","0.63","0.45","1.54","1.38","0.93","0.93","0.56"
"154","8422","可寧衛*","27.1","-0.45","-1.63","05/13","0.9","0.98","2.25","1.68","1.98","3.51","2.27","1.57","1.56","1.58","1.58","1.56"
"155","3661","世芯-KY","4780","-530","-9.98","05/13","6.35","3.39","2.85","1.68","3.77","1.74","2.46","2.72","2.48","2.06","1.63","2.36"
"156","4766","南寶","386","+12.5","+3.35","05/13","2.66","2.93","1.99","1.62","1.71","3.42","2.89","4.1","5.25","4.59","","3.14"
"157","00953B","群益優選非投等債","9.56","+0.01","+0.1","05/13","0","0","0","1.6","0.78","0.95","0.52","0.73","1.56","","","0.83"
"158","2308","台達電","2165","-30","-1.37","05/13","3.05","2.18","1.97","1.56","1.18","1.44","1.21","1.45","1.72","2.22","1.8","1.25"
"159","3034","聯詠","486.5","-0.5","-0.1","05/13","1.71","2.08","1.96","1.54","2.42","5.22","8.68","11.2","15.3","8.97","4.02","9.75"
"160","5469","瀚宇博","81.2","-1.6","-1.93","05/13","5.63","2.15","1.18","1.51","1.35","2.24","1.88","0.64","0.35","2.35","1.15","1.17"
"161","7769","鴻勁","7440","+570","+8.3","05/13","0.21","0.22","0.2","1.5","1.82","4.71","3.85","","","","","3.38"
"162","5876","上海商銀","40.3","+0.2","+0.5","05/13","0.78","1.86","1.21","1.49","5.86","6.88","5.33","16.5","20.3","9.72","","8.58"
"163","6568","宏觀","220.5","-6","-2.65","05/13","0","0","0.93","1.48","0.58","0.19","0.06","0.04","0.04","0.1","","0.05"
"164","2454","聯發科","3495","-205","-5.54","05/13","2.9","2.03","1.75","1.46","1.03","1.12","2.22","2.1","4.95","4","2.08","2.29"
"165","3693","營邦","569","-24","-4.05","05/13","0","0","2.69","1.44","1","0.6","0.3","0.47","0.38","0.1","0.08","0.27"
"166","3680","家登","588","-14","-2.33","05/13","3.3","1.57","0.98","1.4","0.61","1.02","1.34","0.92","1.14","3.89","1.95","1.12"
"167","2753","八方雲集","178.5","0","0","05/13","0.46","0.84","0.86","1.35","0.95","0.52","0.2","0.5","0.89","2.22","","0.68"
"168","2801","彰銀","20.5","-0.1","-0.49","05/13","0.11","1.14","0.94","1.3","2.1","4.77","2.12","6.41","4.62","3.71","1.8","7.68"
"169","8021","尖點","446","-25.5","-5.41","05/13","0","1.21","1.14","1.29","3.43","3.11","0.7","0.79","0.37","0.34","0.27","0.72"
"170","2204","中華","52.9","-1.1","-2.04","05/13","0.36","0.71","1.01","1.26","2.02","2.04","1.64","3.72","4.77","4.51","2.78","3.03"
"171","3105","穩懋","495.5","-16.5","-3.22","05/13","3.83","2.3","1.58","1.25","1.17","1.39","0.84","0.5","0.51","0.79","1.55","0.58"
"172","2376","技嘉","313.5","-7.5","-2.34","05/13","0.03","0.08","0.2","1.25","1.98","2.55","1.72","2.77","3.68","2.76","2.82","2.11"
"173","3293","鈊象","724","-14","-1.9","05/13","0","1.38","2.12","1.24","2.18","6.35","3.92","3.31","3.35","4.03","2.93","4.57"
"174","5434","崇越","412.5","-11","-2.6","05/13","2.62","1.52","0.98","1.22","5.5","3.11","4.37","6.32","5.93","4.94","2.59","4.48"
"175","6669","緯穎","5580","-210","-3.63","05/13","5.67","2.43","1.88","1.2","1.28","0.69","2.51","3.49","3.54","3.12","","3.94"
"176","2645","長榮航太","156","-1","-0.64","05/13","0.25","0.18","0.51","1.19","5.8","3.83","4.33","1.37","1.12","1.09","","1.89"
"177","3443","創意","5330","-240","-4.31","05/13","3.43","2.13","1.49","1.15","1.33","1.38","2.5","1.9","2.22","2.26","2.05","2.28"
"178","8299","群聯","2620","-105","-3.85","05/13","6.16","2.32","2.16","1.13","0.82","2.6","3.77","4.77","5.06","5.17","3.58","3.52"
"179","3023","信邦","299.5","-2","-0.66","05/13","0","0.03","1.53","1.08","1.77","9.21","5.44","4.12","3.09","3.32","2.72","4.21"
"180","1560","中砂","633","-35","-5.24","05/13","0","2.16","1.5","1.05","0.69","2.77","3.71","2.89","3.52","2.54","1.79","3.78"
"181","2330","台積電","2220","-35","-1.55","05/13","1","1.15","1.43","1.03","0.71","1.23","1.23","1.25","1.13","0.95","0.78","1.25"
"182","2303","聯電","98.4","-6.1","-5.84","05/13","0.35","1.04","1.3","1.03","1.99","3.37","3.92","5.13","6.53","5.22","2.09","3.67"
"183","9938","百和","44.25","-0.5","-1.12","05/13","0.74","0.89","0.93","1.02","0.55","0.26","4.65","4.98","4.13","3.12","3.49","6"
"184","6257","矽格","212","+2","+0.95","05/13","1.5","2.5","1.66","1.01","1.38","3.89","2.51","4.01","4.99","4.28","2.18","2.69"
"185","6278","台表科","205.5","-9","-4.2","05/13","0.61","1.02","0.82","1","2.95","6.26","6.23","7.55","9.45","6.13","2.78","7.37"
"186","2382","廣達","340.5","+0.5","+0.15","05/13","1.29","1.36","1.19","0.98","1.75","3.11","1.8","2.42","3.34","2.75","2.48","1.94"
"187","2890","永豐金","30.55","0","0","05/13","1.31","1.72","1.24","0.97","1.36","11.8","6.67","5.27","11","8.39","3.66","5.91"
"188","2633","台灣高鐵","26.15","-0.6","-2.24","05/13","0","0.89","1.55","0.96","0.59","0.41","0.34","0.49","0.83","2.36","","0.36"
"189","2451","創見","327","-24","-6.84","05/13","0.07","0.81","0.82","0.96","1.6","2.54","1.8","3.34","4.71","4.7","4.09","2.33"
"190","2324","仁寶","31.3","+1.4","+4.68","05/13","0.1","1.02","1","0.93","2.12","7.51","6.81","7.96","7.4","5.46","3.86","6.3"
"191","6768","志強-KY","87.7","-2.7","-2.99","05/13","1.04","1.01","0.87","0.93","0.66","0.65","2.11","5.87","3.95","2.55","","5.65"
"192","5904","寶雅","562","+1","+0.18","05/13","0","1.46","0.98","0.92","2.23","3.44","1.8","1.72","13.1","7.08","4.79","1.59"
"193","2441","超豐","97.3","+0.8","+0.83","05/13","1.13","1.03","0.91","0.91","1.26","1.04","3.28","1.79","2.08","2.05","2.99","2.37"
"194","3029","零壹","97.1","-1.9","-1.92","05/13","0.47","0.7","0.92","0.9","0.38","0.31","0.22","0.47","0.51","0.3","0.16","0.28"
"195","1477","聚陽","229","+0.5","+0.22","05/13","0.16","1.16","1.02","0.88","2.47","8.46","4.89","10.4","9.05","6.64","4.61","5.9"
"196","2615","萬海","74.3","-2.6","-3.38","05/13","0.15","0.23","0.42","0.88","1.18","3.2","4.78","11.1","4.91","2.18","1.14","4.7"
"197","6217","中探針","341","+31","+10","05/13","0","1.19","1.04","0.88","0.54","0.25","0.04","0.01","0.01","0","0.32","0.02"
"198","3711","日月光投控","548","-7","-1.26","05/13","1.44","0.86","0.72","0.87","1.27","2.25","2.44","5.86","6.75","5.47","","2.52"
"199","1590","亞德客-KY","1480","-55","-3.58","05/13","3.18","2.95","1.62","0.85","1.1","0.77","1.12","0.81","1.07","2.11","2.07","0.88"
"200","6213","聯茂","273.5","-12","-4.2","05/13","2.02","1.18","1.06","0.81","1.19","0.67","0.27","0.51","0.53","0.87","2.41","0.3"
"201","6803","崑鼎","285.5","-1","-0.35","05/13","0","0","1.17","0.8","0.59","0.29","0.12","0.63","0.78","0.6","0.67","0.82"
"202","5515","建國","39","+0.95","+2.5","05/13","0.76","0.65","0.33","0.78","1.45","1.3","0.8","0.41","0.92","0.21","0.13","0.67"
"203","6285","啟碁","270.5","-11.5","-4.08","05/13","2.34","1","0.76","0.77","0.92","1.7","1.27","0.98","2.02","3.16","3.13","0.97"
"204","2312","金寶","29.1","-0.35","-1.19","05/13","2.28","1.14","0.73","0.76","0.36","0.39","1.05","0.72","0.52","0.2","0.17","0.79"
"205","1815","富喬","105.5","-2.5","-2.31","05/13","2.13","1.55","1.09","0.75","0.62","0.59","1.15","0.66","0.38","0.24","0.33","0.91"
"206","1513","中興電","155.5","-1.5","-0.96","05/13","0.14","0.23","0.2","0.74","1.12","2.29","1.37","1.15","0.99","0.82","0.76","1.1"
"207","6449","鈺邦","218","+19.5","+9.82","05/13","0","0","0","0.74","1.54","3.44","1.91","1.05","1.2","0.93","1.08","1.19"
"208","00881","國泰台灣科技龍頭","50.05","-0.9","-1.77","05/13","2.83","1.54","1.18","0.73","0.4","0.51","0.38","0.43","0.4","0.35","","0.51"
"209","6231","系微","306","-5.5","-1.77","05/13","3.92","1.92","1.79","0.7","0.4","0.15","0.08","0.06","0.13","0.58","0.39","0.07"
"210","6488","環球晶","750","-35","-4.46","05/13","1.45","0.99","1.5","0.69","1.23","1.75","3.18","3.12","3.78","3.94","2.05","2.75"
"211","5483","中美晶","148.5","-6.5","-4.19","05/13","0.26","0.1","0.08","0.69","0.68","3.25","2.4","3.65","4.9","6.4","2.62","2.92"
"212","2313","華通","237","-23","-8.85","05/13","1.77","0.96","0.68","0.68","0.77","2.25","1.18","1.05","1.02","2.05","2.03","1.12"
"213","6525","捷敏-KY","106","-1.5","-1.4","05/13","0.69","0.88","0.76","0.68","0.41","0.28","0.2","0.15","0.11","0.27","1.58","0.17"
"214","4749","新應材","1130","-45","-3.83","05/13","1.17","0.9","0.56","0.68","2.59","2.29","2.75","2.35","2.15","","","2.64"
"215","1608","華榮","33.55","-0.25","-0.74","05/13","0.68","0.75","0.88","0.67","0.47","0.52","0.35","0.19","0.09","0.05","0.03","0.3"
"216","3413","京鼎","311","+2.5","+0.81","05/13","0.76","0.38","0.2","0.67","0.48","1.42","1.28","2.2","1.97","2.67","1.84","1.27"
"217","2331","精英","20.1","-0.45","-2.19","05/13","0.39","0.52","0.36","0.66","1.32","1.3","0.61","0.19","0.14","0.05","0.03","0.27"
"218","9958","世紀鋼","104.5","0","0","05/13","2.69","1.75","1.33","0.66","0.42","0.24","0.2","0.24","1.32","1.59","1.31","0.24"
"219","8936","國統","50.2","+0.25","+0.5","05/13","0.49","0.58","0.59","0.66","0.37","0.19","0.07","0.07","0.32","0.1","0.14","0.05"
"220","1215","卜蜂","135.5","+0.5","+0.37","05/13","0","0.09","0.05","0.64","3.11","5.62","2.94","3.52","5.14","4.37","3.22","3.24"
"221","1711","永光","51.3","-2.6","-4.82","05/13","0","0","0.73","0.63","0.5","0.08","0.03","0.02","0.02","0.02","0.01","0.03"
"222","8454","富邦媒","196","+7","+3.7","05/13","0","0.13","1.44","0.63","2.68","5.16","2.56","1.73","1.72","2.1","2.09","2.3"
"223","3450","聯鈞","441","-29.5","-6.27","05/13","10.8","2.98","1.39","0.63","0.37","0.83","0.49","0.72","0.94","0.74","0.86","0.51"
"224","2886","兆豐金","39.55","+0.35","+0.89","05/13","0.21","1.26","0.93","0.62","1.46","9.95","5.25","6.39","9.88","6.81","3.64","4.94"
"225","8112","至上","82.2","+0.4","+0.49","05/13","0.34","0.16","0.34","0.62","1.59","3.31","1.59","1.18","2.03","2.85","1.46","1.4"
"226","6561","是方","345.5","+1","+0.29","05/13","0","0","1.15","0.6","4.88","6.02","2.58","2.88","2.11","1.22","","3.15"
"227","2892","第一金","29.5","+0.1","+0.34","05/13","0.1","0.53","0.82","0.6","0.57","2.17","1.7","16.7","15.4","8.6","3.5","1.92"
"228","9910","豐泰","71.6","-1.9","-2.59","05/13","0.71","1.05","0.84","0.59","1.71","0.95","0.42","1.29","1.83","3.47","3.14","1.29"
"229","00850","元大臺灣ESG永續","81.95","-0.8","-0.97","05/13","1.42","0.51","0.86","0.58","0.28","2.58","0.99","1.04","1.3","1.03","","1.27"
"230","1402","遠東新","26.75","+0.1","+0.38","05/13","0.58","0.38","0.29","0.58","1.59","1.52","3.63","6.13","11.2","11.2","5.4","5.77"
"231","2530","華建","21.35","+0.05","+0.23","05/13","0.13","0.26","0.2","0.55","1.24","1.72","1.58","1.26","0.99","0.33","0.19","1.6"
"232","8016","矽創","268","-6","-2.19","05/13","0.27","0.26","1.43","0.55","1.21","3.52","3.38","6.9","7.45","8.89","3.99","5.62"
"233","4916","事欣科","65.2","-3.2","-4.68","05/13","0","0","0.77","0.55","0.39","0.3","0.2","0.08","0.03","0.02","0.01","0.1"
"234","2852","第一保","26.3","+0.1","+0.38","05/13","0","0.42","0.54","0.54","1.14","2.88","1.07","0.86","2.03","0.55","0.26","1.06"
"235","6754","匯僑設計","45.15","-0.05","-0.11","05/13","0","0.61","0.75","0.52","1.09","1.49","0.76","0.68","0.45","0.04","","0.68"
"236","6197","佳必琪","233","-1","-0.43","05/13","0","1.55","1.02","0.51","0.15","0.08","0.11","1.54","1.45","0.64","0.44","0.56"
"237","5508","永信建","48.8","-0.55","-1.11","05/13","1.22","0.64","0.76","0.5","4.26","1.95","0.59","19","9.68","3.71","2.72","0.41"
"238","1558","伸興","90.9","-0.3","-0.33","05/13","0","0.58","0.6","0.5","0.98","1.22","0.93","0.63","0.44","0.11","0.83","1.01"
"239","1810","和成","18.75","+0.65","+3.59","05/13","0","0","0.32","0.49","0.49","0.74","0.98","0.53","0.84","0.38","0.15","0.68"
"240","1907","永豐餘","24.5","+0.7","+2.94","05/13","0","0","0.27","0.49","0.45","0.62","0.51","0.47","1.4","4.76","1.4","0.64"
"241","2528","皇普","22.35","+0.2","+0.9","05/13","1.46","0.37","0.54","0.48","0.23","1.06","0.42","0.21","0.11","0.04","0.02","0.3"
"242","6279","胡連","118.5","-0.5","-0.42","05/13","0.61","0.65","0.56","0.47","0.37","1.18","1.45","1.75","5","3.15","2.76","1.99"
"243","0052","富邦科技","56.15","-0.75","-1.32","05/13","0.3","0.13","0.28","0.46","0.27","0.65","1.3","1.03","1.05","1.08","1.09","1.35"
"244","9802","鈺齊-KY","79.2","-1.5","-1.86","05/13","6.12","1.73","0.7","0.45","0.22","0.09","2.75","3.83","4.76","5.7","4.89","5.28"
"245","1303","南亞","86.5","-2.6","-2.92","05/13","1.09","0.89","0.63","0.45","0.73","2.65","1.92","1.49","2.58","2.91","2.45","1.55"
"246","1436","華友聯","48","-0.35","-0.72","05/13","1.26","0.5","0.55","0.44","0.3","0.32","0.2","0.35","0.55","0.65","0.48","0.44"
"247","6531","愛普*","1040","-15","-1.42","05/13","0.25","0.48","0.43","0.44","0.34","0.15","0.17","0.83","0.92","0.88","","0.92"
"248","3416","融程電","167","-3.5","-2.05","05/13","0","1.89","1.13","0.43","0.31","0.18","0.1","0.13","0.13","0.09","0.07","0.17"
"249","3040","遠見","39.8","+0.8","+2.05","05/13","0","0.91","0.56","0.42","0.5","0.22","0.05","0.02","0","0","0.01","0.02"
"250","2072","世紀風電","175","-3.5","-1.96","05/13","1.91","1.13","0.67","0.4","0.19","0.08","","","","","",""
"251","3376","新日興","200","-4","-1.96","05/13","0","0.26","0.28","0.4","0.29","0.09","0.52","0.72","2.02","2.2","2.91","0.33"
"252","00692","富邦公司治理","83.45","-1.05","-1.24","05/13","3","0.94","0.65","0.39","0.21","0.08","0.03","0.01","0.01","0","","0.02"
"253","7734","印能科技","4375","+395","+9.92","05/13","0","0","0","0.37","0.51","1.54","0.84","0.59","0.4","","","0.61"
"254","8069","元太","215","+19.5","+9.97","05/13","1.14","0.49","0.48","0.36","0.4","0.45","0.66","0.69","1.94","3.47","1.95","0.76"
"255","5388","中磊","79.4","-8.8","-9.98","05/13","0.01","0.7","0.65","0.36","1.19","2.66","1.33","2.6","5.97","4.09","2.99","1.69"
"256","6548","長科*","50.8","-1.9","-3.61","05/13","0","0.04","0.59","0.34","0.24","0.23","0.28","0.21","0.23","0.65","","0.26"
"257","1463","強盛新","18.15","+0.05","+0.28","05/13","0","0.87","0.68","0.34","0.09","0.02","0.01","0.01","0","0","0.04","0.01"
"258","6409","旭隼","753","-11","-1.44","05/13","0.15","0.91","0.47","0.34","0.55","0.6","0.43","0.49","0.42","0.62","0.75","0.54"
"259","9924","福興","42","-0.2","-0.47","05/13","0","0.24","0.34","0.33","0.76","1.28","0.87","0.81","0.95","1.49","2.65","1"
"260","3008","大立光","2850","+55","+1.97","05/13","0","0.07","0.27","0.33","0.6","3.07","3.33","2.75","2.78","3.44","2.16","3.21"
"261","3042","晶技","146.5","-3","-2.01","05/13","0","0.29","0.64","0.33","0.68","1.83","1.58","3.08","5.88","6.3","3.42","2.48"
"262","6830","汎銓","746","-34","-4.36","05/13","0.37","0.71","0.46","0.32","0.29","0.22","0.11","0.08","0.09","0.52","","0.08"
"263","7765","中華資安","245","+1.5","+0.62","05/13","0","0","0.22","0.31","0.39","0.73","0.78","0.82","","","","1"
"264","6180","橘子","39.05","-0.55","-1.39","05/13","0","0.39","0.48","0.29","0.5","0.72","0.38","3.27","3.02","0.59","0.2","3.45"
"265","5880","合庫金","22.85","+0.05","+0.22","05/13","0.22","0.58","0.45","0.28","0.29","0.45","0.78","0.87","1.38","1.01","0.5","0.81"
"266","2547","日勝生","10.05","-0.1","-0.99","05/13","0.37","0.22","0.3","0.27","0.17","0.18","0.11","0.08","1.36","0.3","0.13","0.09"
"267","3592","瑞鼎","259.5","-1.5","-0.57","05/13","0.16","0.21","0.24","0.27","0.28","0.36","0.35","10.4","9.13","6.01","","1.67"
"268","2520","冠德","30.65","+0.35","+1.16","05/13","0.4","0.26","0.32","0.25","0.14","0.15","0.08","16.1","9.26","3.71","2.46","2.65"
"269","00992A","主動群益科技創新","18.25","-0.42","-2.25","05/13","0","0.4","0.39","0.24","0.12","0.09","0.06","","","","","0.05"
"270","2412","中華電","137.5","+2","+1.48","05/13","0.06","0.39","0.36","0.24","0.83","4.12","3.76","3.35","4.16","3.21","2.13","3.22"
"271","3596","智易","183","+2","+1.1","05/13","1.75","0.87","0.49","0.24","0.19","0.14","1","0.82","8.76","6.57","2.91","0.92"
"272","2855","統一證","41.65","-0.15","-0.36","05/13","0.29","0.24","0.2","0.24","0.16","0.42","0.44","0.93","1.98","3.76","1.89","0.86"
"273","2539","櫻花建","39.3","+0.25","+0.64","05/13","0","0","0.13","0.24","0.24","0.34","0.46","0.48","1.74","0.86","0.63","0.54"
"274","3026","禾伸堂","325","-5","-1.52","05/13","0","0.28","0.03","0.23","0.12","0.12","0.12","0.2","0.15","0.13","1.01","0.21"
"275","2327","國巨*","420","+0.5","+0.12","05/13","0.33","0.49","0.35","0.23","1.27","1.75","1.83","1.62","1.29","1.5","1.28","1.67"
"276","2548","華固","124.5","+1","+0.81","05/13","2.2","0.69","0.39","0.23","0.13","0.08","0.06","0.08","1.93","6.4","4.1","0.05"
"277","1905","華紙","12.15","+0.15","+1.25","05/13","0","0.38","0.3","0.23","0.3","0.09","0.06","0.05","0.08","0.02","0.11","0.05"
"278","5484","慧友","38.4","-0.6","-1.54","05/13","0","0.48","0.34","0.22","0.27","0.79","0.36","0.2","0.1","0.03","0.01","0.24"
"279","00980A","主動野村臺灣優選","23.89","-0.24","-0.99","05/13","0","0","0.39","0.22","0.1","0.06","0.02","0.01","0.01","","","0.02"
"280","2467","志聖","626","-23","-3.54","05/13","0","0.21","0.21","0.22","2.69","2.86","0.97","0.59","0.44","0.46","0.31","0.76"
"281","2356","英業達","52.8","+4.1","+8.42","05/13","0.06","0.15","0.18","0.22","0.94","4.54","2.98","2.87","5.31","2.43","2.51","2.39"
"282","3014","聯陽","137.5","-2.5","-1.79","05/13","0.31","0.16","0.22","0.2","0.34","0.57","0.74","3.66","6.19","5.34","1.82","2.11"
"283","3038","全台","22.6","+0.15","+0.67","05/13","0","0.21","0.24","0.19","0.38","0.32","0.3","0.27","0.45","0.45","0.17","0.33"
"284","2609","陽明","49.25","-0.85","-1.7","05/13","0.18","0.2","0.26","0.19","0.22","0.6","0.29","4.4","5.52","2.14","0.97","0.7"
"285","4958","臻鼎-KY","442.5","+35.5","+8.72","05/13","0.26","0.33","0.28","0.18","0.31","0.43","0.62","2.21","2.73","3.83","3.18","0.91"
"286","2607","榮運","47.25","-0.6","-1.25","05/13","0","0.3","0.23","0.17","0.1","0.18","0.51","16.4","5.18","3.58","0.64","3.27"
"287","3078","僑威","55.8","-0.7","-1.24","05/13","0.34","0.2","0.24","0.16","0.74","0.88","0.37","5.63","4.5","1.05","0.8","2.56"
"288","6206","飛捷","138.5","-1.5","-1.07","05/13","0.13","0.09","0.12","0.15","0.15","0.25","0.56","5.15","3.1","1.66","1.58","1.94"
"289","3033","威健","42.95","-1.5","-3.37","05/13","0.15","0.17","0.18","0.15","0.1","0.13","0.1","0.39","2","1.25","0.55","0.18"
"290","3227","原相","223","-5.5","-2.41","05/13","0","0.02","0.25","0.14","1.55","3.94","2.99","3.69","3.55","2.02","1.61","3.32"
"291","3231","緯創","140.5","-1","-0.71","05/13","0.73","0.32","0.17","0.14","0.43","1.03","1.05","2.79","3.4","2.65","2.34","1.74"
"292","2481","強茂","121","+5.5","+4.76","05/13","0","0","0","0.14","0.65","0.61","1.67","1.68","1.46","1.36","1.6","1.66"
"293","2419","仲琦","29.4","-0.75","-2.49","05/13","0","0.31","0.2","0.13","0.13","0.02","0.01","0","0","0.01","0.41","0"
"294","00988A","主動統一全球創新","19.92","-0.01","-0.05","05/13","0","0","0.2","0.12","0.07","0.04","0.21","0.13","","","","0.17"
"295","006208","富邦台50","221.2","-3.35","-1.49","05/13","0.47","0.25","0.2","0.12","0.06","0.03","0.15","0.11","0.24","0.09","0.07","0.1"
"296","6538","倉和","76.4","-1.5","-1.93","05/13","0","0.18","0.23","0.12","0.16","0.32","0.23","0.25","0.22","0.87","","0.27"
"297","9911","櫻花","83","+0.5","+0.61","05/13","0","0.3","0.19","0.12","1.23","0.84","0.49","0.55","1.01","0.47","2.74","0.46"
"298","4966","譜瑞-KY","809","+48","+6.31","05/13","0.31","0.13","0.13","0.11","0.25","2.37","2.13","2.59","1.86","3.18","3.68","2.28"
"299","2838","聯邦銀","20.4","-0.15","-0.73","05/13","0","0.29","0.18","0.11","0.09","0.2","0.09","5.9","2.63","1","0.75","7.37"
"300","6415","矽力*-KY","467.5","-9","-1.89","05/13","0.04","0.17","0.12","0.11","1.13","0.89","1.23","1.77","1.92","2.11","2.24","2"
