"排名","代號","名稱","成交","漲跌價","漲跌幅","法人買賣日期","當日買賣超佔發行張數","2日買賣超佔發行張數","3日買賣超佔發行張數","5日買賣超佔發行張數","10日買賣超佔發行張數","1個月買賣超佔發行張數","3個月買賣超佔發行張數","半年買賣超佔發行張數","1年買賣超佔發行張數","3年買賣超佔發行張數","10年買賣超佔發行張數","今年買賣超佔發行張數"
"1","5351","鈺創","100","+1.8","+1.83","07/13","+4.39","+5.1","+3.5","+9.74","+5.13","+4.76","+9.33","+7.8","+18.4","+19","+11.8","+13.2"
"2","00689R","國泰20年美債反1","22.4","+0.02","+0.09","07/13","+1.42","+6.94","+7.29","+8.07","+7.11","+7.64","+25","+36.1","+38.4","+41.3","","+36.1"
"3","00785B","富邦金融投等債","35.2","-0.12","-0.34","07/13","+2.65","+5.3","+7.9","+7.9","+7.9","+7.9","+15.4","+15.3","+20.2","+74","","+15.3"
"4","00657","國泰日經225","78.15","-1.1","-1.39","07/13","+5.03","+8.02","+6.08","+5.51","+5.56","+6.42","+7.57","+7.41","+9","+54.6","+82.4","+8.16"
"5","00681R","元大美債20反1","21.39","+0.06","+0.28","07/13","-0.66","+3.12","+4.71","+5.44","+0.54","+1.17","+2.61","+6.57","+10","+68","","+7.3"
"6","00678","群益那斯達克生技","40.72","-1.26","-3","07/13","+1.33","+1.98","+1.4","+5.28","+1.38","+5.24","+6.73","+5.29","+17.4","+19","","+3.58"
"7","2351","順德","210.5","+10.5","+5.25","07/13","+1.07","+0.83","+0.52","+4.05","+3.96","+1.45","+4.19","+13.5","+10.2","-0.36","+6.08","+13.6"
"8","6202","盛群","70.2","-3.1","-4.23","07/13","-0.74","+2.94","+3.46","+3.69","+3.03","+5.33","+9.4","+11.2","+7.7","+5.89","+0.75","+11.2"
"9","2359","所羅門","148","+10","+7.25","07/13","+3.53","+3.76","+3.67","+3.56","+4.93","+5.12","+5.35","+6.46","+5.11","-0.6","+4.19","+6.67"
"10","3006","晶豪科","228","-9","-3.8","07/13","-0.33","+2.44","+2.03","+3.19","+0.86","+2.05","+9.25","+5.33","+24.2","+26.6","+25.9","+9.06"
"11","2618","長榮航","40.75","+1.15","+2.9","07/13","+1.07","+1.7","+2.85","+3.07","+2.11","+5.78","+0.23","+3.62","+2.52","-3.16","+1.97","+4.04"
"12","3374","精材","358","+1.5","+0.42","07/13","-0.58","-0.21","+1.66","+3","+0.7","+7.35","+2.2","+6.96","+11.4","+8.85","+12","+8.87"
"13","2332","友訊","25.95","+1.9","+7.9","07/13","+3.72","+3.42","+3.33","+2.98","+3.61","+2.05","+3.57","+2","+3.35","-2.7","+0.09","+1.72"
"14","6805","富世達","1410","-50","-3.42","07/13","-0.13","+0.65","+2.42","+2.88","+1.52","+0.15","+4.95","+2.25","+4.79","","","+2.19"
"15","5475","德宏","179.5","-13","-6.75","07/13","+1.71","+1.77","+2.53","+2.87","+2.17","+1.9","+5.59","+5.68","+11","+11.3","+11.3","+3.98"
"16","2465","麗臺","85.9","-3.6","-4.02","07/13","+0.26","+2","+2.78","+2.83","+2.82","+1.72","+2.15","+4.1","+2.21","+4.56","-0.6","+4.09"
"17","8016","矽創","327","-36","-9.92","07/13","-0.25","+0.03","+0.32","+2.55","+3.66","+6.76","+12.2","+13.8","+12.9","+11.3","+16.2","+14.6"
"18","5471","松翰","65","-2.6","-3.85","07/13","0","+1.38","+1.79","+2.18","+2.16","+1.8","+0.6","+0.83","+0.18","+0.05","-0.11","+0.81"
"19","2377","微星","149.5","+4.5","+3.1","07/13","+0.75","+1.38","+2.28","+2.09","+0.97","+1.07","+0.24","-3.87","-14.7","-26","-26","-3.83"
"20","5386","青雲","351","-20.5","-5.52","07/13","+2.19","+1.89","+2.06","+2.07","+3.31","+3.78","-5.6","+4.48","+1.09","-3.2","+0.55","+2.99"
"21","6907","雅特力-KY","192.5","-2.5","-1.28","07/13","-0.49","-1.47","-1.47","+2.03","+2.13","+1.5","+3.03","","","","",""
"22","8033","雷虎","249.5","+22.5","+9.91","07/13","+0.03","+0.45","+0.9","+2.02","+13.5","+14.8","+14.5","+13","+22.1","+13.6","+14","+14.4"
"23","4958","臻鼎-KY","646","+58","+9.86","07/13","+1.97","+2.16","+2.2","+2","+1.57","-3.01","-7.05","-8.64","-4.6","-7.92","-7.54","-8.44"
"24","6414","樺漢","388.5","-5.5","-1.4","07/13","+0.32","+0.45","+0.67","+1.96","+3.37","+7.51","+20.6","+21.7","+17.5","+18.7","+19.7","+21.5"
"25","5488","松普","17.8","+1.6","+9.88","07/13","+0.42","+2.08","+1.62","+1.89","+2.27","+2.63","+2.86","+2.78","+2.82","+2.47","+3.42","+2.78"
"26","6127","九豪","70.1","-4.7","-6.28","07/13","+1.47","+0.85","+0.97","+1.87","-3.47","+0.36","+1.27","+2.89","+2.42","+1.7","+1.56","+2.64"
"27","3033","威健","50.9","+1.3","+2.62","07/13","+1.57","+1.71","+1.65","+1.82","+2.22","+3.58","+16","+19.7","+15.2","+12.6","+20","+18.6"
"28","5285","界霖","96.5","+0.5","+0.52","07/13","+0.03","-0.35","-0.34","+1.77","+2.07","+0.06","+4.06","+5.37","+5.84","+5.79","+5.6","+5.3"
"29","6176","瑞儀","90","-0.6","-0.66","07/13","+0.03","+0.26","+0.59","+1.74","+3.36","+6.29","+7.27","+6.83","+11.2","+0.02","-2.44","+8.57"
"30","1536","和大","56.1","+1.1","+2","07/13","+0.2","+1.85","+1.56","+1.72","+2.32","+0.72","-1.52","-1.54","-2.88","-11.4","-37.7","-2"
"31","3149","正達","92.3","+2.8","+3.13","07/13","+0.47","+0.31","+0.93","+1.67","-0.05","-3.86","-1.22","-0.85","-2.35","-4.46","-9.91","+0.73"
"32","1623","大東電","231.5","+5","+2.21","07/13","+0.04","-0.09","-0.14","+1.65","+2.24","+2.24","+2.22","","","","",""
"33","6491","晶碩","365.5","-9.5","-2.53","07/13","+0.3","+0.45","+0.47","+1.64","+4.52","+5.94","+10.4","+12","+12.9","+11.7","","+11.8"
"34","2637","慧洋-KY","84.7","+1.7","+2.05","07/13","+0.22","+0.71","+0.95","+1.58","+1.62","+2.11","+8.14","+12","+19.7","+19.5","+19.8","+14.2"
"35","6259","百徽","37.6","-0.85","-2.21","07/13","-0.4","-0.92","-2.92","+1.53","-1.19","+0.77","+1.71","+1.76","+1.71","+1.8","-1.05","+1.71"
"36","3704","合勤控","49.85","+4.5","+9.92","07/13","+1.56","+1.57","+1.6","+1.5","+1.16","+2.03","+7.51","+7.82","+4.72","-6.26","+4.14","+7.83"
"37","2375","凱美","185","-3.5","-1.86","07/13","+1.24","+0.45","-0.01","+1.48","+0.61","-5.49","-2.03","+0.31","+2.9","+4.77","+5.2","+2.93"
"38","2357","華碩","704","+20","+2.92","07/13","+0.43","+0.72","+1.13","+1.46","+1.67","+0.73","+2.74","-0.65","-10.1","-10.3","-24.4","-2.04"
"39","8150","南茂","115","-2","-1.71","07/13","-1.16","+0.17","-1.03","+1.46","-0.64","+0.81","-1.7","+1.95","-0.58","-0.41","-0.58","+2.18"
"40","3094","聯傑","38.4","-1.95","-4.83","07/13","-0.26","-1.43","-0.28","+1.46","-0.45","+1.5","+2.07","+2.08","+1.69","+0.13","-0.47","+2.13"
"41","1709","和益","26.8","+2.4","+9.84","07/13","+1.37","+1.21","+1.21","+1.44","+1.62","+1.9","+3.5","+3.98","+3.78","+3.67","+2.44","+3.99"
"42","6719","力智","252.5","-14","-5.25","07/13","+0.58","-0.05","-0.12","+1.42","-0.06","+1.43","-0.17","-2.05","-0.64","+3.59","","-2.5"
"43","6214","精誠","141","-2.5","-1.74","07/13","+0.16","+1.04","+1.1","+1.42","+1.46","+0.01","+3","+3.74","+1.7","+0.82","+4.69","+2.84"
"44","5388","中磊","85.4","+0.8","+0.95","07/13","+0.41","+1.2","+1.06","+1.42","+2.23","+0.16","+4.55","-3.03","-8.34","-14.4","-8.05","-5.83"
"45","00916","國泰全球品牌50","26.08","+0.04","+0.15","07/13","+0.46","+0.49","+0.49","+1.39","+2.92","+5.31","+4.52","+4.31","+8.56","+5.96","","+4.32"
"46","2486","一詮","251","-8","-3.09","07/13","-0.39","+1.18","+1.01","+1.38","+0.9","+0.2","-5.95","+10.1","+8.06","+6.05","+4.84","+8.62"
"47","5289","宜鼎","1515","-15","-0.98","07/13","+0.54","+0.89","+1.21","+1.37","+1.32","-0.39","-4.86","-13.1","-4.89","-10.2","+9.76","-11.7"
"48","6226","光鼎","25.65","-0.95","-3.57","07/13","+0.18","+0.24","+0.62","+1.37","+0.14","+5.4","+8.73","+9.19","+9.28","+8.87","+11.5","+9.28"
"49","8043","蜜望實","165","-8","-4.62","07/13","+2.2","+1.21","+1.34","+1.36","-0.34","-0.3","-0.79","-0.27","-0.61","-0.79","-0.63","+0.6"
"50","6861","睿生光電","263","-29","-9.93","07/13","+0.31","+0.66","+1.16","+1.36","+1.18","-0.07","-2.5","-2.96","-3.5","-3.65","","-2.8"
"51","6525","捷敏-KY","192.5","-7","-3.51","07/13","+0.39","+0.32","+1.24","+1.35","+0.79","+0.21","-0.41","+0.58","+3.08","+2.42","+3.16","+0.58"
"52","3357","臺慶科","258","-17","-6.18","07/13","+0.52","+0.3","+0.22","+1.32","+0.56","+1.29","+4.07","+1.86","+1.3","+2.5","","+2.99"
"53","2409","友達","29.25","-2.2","-7","07/13","-1.42","+1.09","+1.01","+1.23","+1.64","+1.26","-2.44","-2.97","-14.8","-18.6","-35.8","-5.32"
"54","00757","統一FANG+","130.8","-0.05","-0.04","07/13","+0.58","+0.93","+0.65","+1.22","+2.18","+4.38","+10.7","+14.4","+25.4","+33.1","","+15.3"
"55","00661","元大日經225","86.25","-0.95","-1.09","07/13","+1.12","+1.41","+1.27","+1.22","+1.26","+1.34","+6.8","+6.79","+6.69","+17.9","+9.7","+6.85"
"56","4551","智伸科","214","-15.5","-6.75","07/13","+0.62","+0.86","+1.8","+1.2","+0.55","+3.86","+8.16","+8.7","+8.82","+9.08","+11.4","+8.87"
"57","00712","復華富時不動產","8.87","+0.08","+0.91","07/13","+0.25","+0.28","+0.4","+1.19","+1.76","+2.26","+4.88","+5.64","+12.4","+14.8","","+7.57"
"58","3015","全漢","63.2","-1","-1.56","07/13","-0.04","-0.1","-0.1","+1.17","+1.25","+1.9","+1.72","+1.89","+0.45","-3.62","-1.58","+1.67"
"59","00997A","主動群益美國增長","12.07","-0.08","-0.66","07/13","-0.25","-0.12","+0.03","+1.17","-1.78","-4.52","+0.11","","","","",""
"60","2497","怡利電","61.6","+0.8","+1.32","07/13","+0.01","-0.26","-0.38","+1.15","+1.27","+0.58","+2.71","+2.06","-1.99","+6.82","+4.67","+2.2"
"61","3317","尼克森","92","-4.6","-4.76","07/13","+0.4","+0.08","-1.44","+1.13","+0.9","+0.81","+2.58","+2.98","+1.77","+4.05","+4.25","+2.93"
"62","8050","廣積","60.9","+2.7","+4.64","07/13","+0.63","+0.74","+0.72","+1.13","+1.46","+1.87","+1.59","+1.77","+1.22","+0.48","+1.62","+1.72"
"63","3114","好德","38.35","-1.65","-4.12","07/13","+0.28","+0.57","+0.71","+1.11","+1.36","+0.52","+0.91","+1.05","+1.01","+0.82","+1.09","+1.24"
"64","3022","威強電","88.3","-0.7","-0.79","07/13","+0.13","-0.36","+0.73","+1.1","+0.88","-0.05","+4.34","+3.04","-1.58","-5.37","+22.6","+3.26"
"65","7610","聯友金屬-創","2425","+215","+9.73","07/13","-0.15","+0.11","+0.94","+1.08","+1.65","+4.21","+4.35","+6.34","","","","+6.9"
"66","6165","浪凡","50.8","+0.7","+1.4","07/13","+0.37","+0.18","+0.06","+1.07","+1.76","+0.99","+14","+13","+4.96","+13.3","+15.4","+11.9"
"67","6217","中探針","242.5","-7.5","-3","07/13","+0.28","+0.27","+0.51","+1.06","+1.32","-2.2","-5.97","-4.24","-3.11","-1.92","-4.41","-1.32"
"68","2353","宏碁","31.95","-0.55","-1.69","07/13","-0.31","+0.18","+0.71","+1.05","+2.25","+2.83","+2.46","+0.03","-10.9","-24.2","-8.83","-1.73"
"69","3004","豐達科","154.5","+1","+0.65","07/13","-0.11","+0.16","-0.24","+1.03","+1.99","+3.24","+3.1","+3.69","-2.25","+3.59","+3.42","+3.81"
"70","6442","光聖","1375","-105","-7.09","07/13","+0.69","+0.68","+0.6","+1.02","+1.14","-0.26","+0.26","+0.64","+2.3","+4.92","+4.97","+1.36"
"71","8261","富鼎","292.5","-32.5","-10","07/13","+0.89","+0.95","+0.46","+1.01","-0.99","+3.42","-1.82","+0.62","+1.44","-0.01","+0.2","+0.86"
"72","00898","國泰基因免疫革命","9.35","-0.19","-1.99","07/13","+0.36","+0.72","+0.81","+0.98","+2.76","+7","+16.1","+25.5","+43.1","+108","","+27.4"
"73","3591","艾笛森","24.5","-1.05","-4.11","07/13","+0.14","+0.25","+0.47","+0.97","+1.39","+2.73","+6.32","+5.68","+6.02","-0.34","+3.26","+5.58"
"74","1609","大亞","40.1","+1","+2.56","07/13","+0.09","+0.17","-0.65","+0.97","+1.32","+1.09","+0.61","+0.43","+0.25","+3.67","+5.23","+1.36"
"75","6830","汎銓","394.5","-22","-5.28","07/13","+0.44","+0.64","+1.22","+0.97","+1.32","+1.86","+3.36","+4.46","+2.51","+5.62","","+5.85"
"76","2434","統懋","68.3","+6.2","+9.98","07/13","+0.32","+0.72","+0.95","+0.97","+1.1","+1.91","+1.64","+1.67","+1.63","+1.7","+1.05","+1.66"
"77","4971","IET-KY","428","+7","+1.66","07/13","+0.34","+0.5","+0.83","+0.97","+0.86","-0.09","-2.88","-1.22","+1.9","+3.57","+3.04","-2.22"
"78","9939","宏全","124","+1.5","+1.22","07/13","+0.48","+0.43","+0.4","+0.95","+0.27","-0.53","+1.66","+1.94","+1.29","+2.7","+1.54","+2.03"
"79","3360","尚立","20.15","+0.05","+0.25","07/13","+0.11","-0.29","-0.5","+0.94","+0.76","+1.93","-0.64","+1.06","+0.93","+0.91","-2.14","+0.93"
"80","7402","邑錡","144","+13","+9.92","07/13","+1.16","+0.57","-0.64","+0.94","+1.95","+1.33","+0.78","+0.17","+2.08","+1.4","+1.19","+0.07"
"81","2485","兆赫","49.55","-0.35","-0.7","07/13","+0.32","+0.18","+0.63","+0.93","+1.42","+1.44","-1.85","-0.98","-4.99","-7.72","-6.88","-0.49"
"82","00971","野村美國研發龍頭","17.11","+0.02","+0.12","07/13","+0.85","+0.85","+0.94","+0.93","+1.04","+0.94","+9.4","+12.5","+25.2","","","+12.8"
"83","00983A","主動中信ARK創新","12.09","-0.15","-1.23","07/13","+0.08","+0.06","+0.22","+0.92","+8.65","+18.5","+69.4","+67.2","+61.2","","","+70.4"
"84","00897","富邦基因免疫生技","11.14","-0.37","-3.21","07/13","+0.66","+1.56","+1.1","+0.92","+0.37","+3.61","+11.6","+17.8","+32.1","+85.3","","+20.1"
"85","2466","冠西電","100.5","+2","+2.03","07/13","-0.04","+0.01","+0.18","+0.91","+2.37","+2.61","+2.66","+2.75","+2.96","+2.59","+1.25","+2.84"
"86","2634","漢翔","63.8","+5.8","+10","07/13","+1.64","+1.93","+1.38","+0.89","+3","+3.54","+3.31","+2.7","+4.81","-3.22","-5.83","+3.83"
"87","4952","凌通","55.5","-2.3","-3.98","07/13","-0.25","+0.45","+0.59","+0.89","-0.67","+1.25","+1.73","+0.51","+0.56","+1.38","+0.81","+0.46"
"88","6163","華電網","45.7","-0.5","-1.08","07/13","+0.02","+0.08","+0.22","+0.88","+1.88","+1.51","-1.24","-2.12","-4.45","-3.73","-2.77","-2.9"
"89","4169","泰宗","243","-27","-10","07/13","-0.05","-0.11","-0.04","+0.85","+0.82","+0.88","+0.85","","","","",""
"90","6104","創惟","101.5","-0.5","-0.49","07/13","+0.08","+0.13","-0.03","+0.85","+2.75","+3.18","+6.27","+0.99","-17.6","+8.2","+6.78","+1.12"
"91","3005","神基","115","+3","+2.68","07/13","-0.02","+0.44","+0.47","+0.85","+2.95","+1.26","+3.6","-8.33","-1.77","-20.3","-7.61","-8.92"
"92","00917","中信特選金融","23.19","+0.18","+0.78","07/13","+0.37","+0.26","+0.21","+0.84","+1.61","+0.36","+3.04","+10.2","+18.8","+35.8","","+10.1"
"93","00741B","富邦全球非投等債","37.73","+0.02","+0.05","07/13","-0.09","+0.04","-0.22","+0.84","+1.81","+2.2","+6.47","+14.1","+26","+24.2","","+14.6"
"94","6291","沛亨","453.5","-10","-2.16","07/13","-0.1","-0.02","+0.41","+0.83","+0.24","-0.76","-3.3","+0.31","-0.25","-0.6","-0.33","+0.29"
"95","2385","群光","106","-1","-0.93","07/13","+0.03","+0.28","+0.58","+0.83","+1.22","+1.87","-0.02","-0.06","+2.57","-14.4","-27.5","+1.2"
"96","3230","錦明","55.4","+3.1","+5.93","07/13","+0.19","+0.28","+0.55","+0.83","+0.85","+1.02","+1.7","+0.33","+0.8","-0.09","+0.45","+0.36"
"97","2480","敦陽科","163.5","+3","+1.87","07/13","+0.17","+0.2","+0.26","+0.82","+1.29","+1.81","+0.82","-0.39","-1.82","+3.39","+7.29","-0.61"
"98","00652","富邦印度","33.18","-0.02","-0.06","07/13","+0.09","+0.09","+0.09","+0.81","+2.5","+3.1","+3.03","+3.15","+3.07","+0.76","+6.24","+3.17"
"99","3046","建碁","54.3","-1.3","-2.34","07/13","-0.01","-0.1","-0.12","+0.81","+0.78","-0.23","+0.84","+0.29","+2.54","+0.96","+0.55","+0.42"
"100","5536","聖暉*","1180","-35","-2.88","07/13","+0.16","+0.11","+0.26","+0.8","+1.73","+2.57","+15.1","+19","+4.99","+18.7","+27.3","+16.7"
"101","3537","堡達","66","-2.5","-3.65","07/13","+0.28","+0.26","+0.42","+0.8","+0.47","-1.56","+0.3","+1.51","-0.41","-1.42","-0.08","+1.89"
"102","3055","蔚華科","163","+5.5","+3.49","07/13","-0.05","-0.02","-0.17","+0.79","+4.93","+2.91","+3.96","+3.77","+5.09","+2.37","+2.19","+4.03"
"103","009810","玉山全球藍籌100","20.66","-0.06","-0.29","07/13","+0.01","+0.02","+0.02","+0.79","+1.02","-0.11","-0.16","-0.04","","","","-0.06"
"104","3685","元創精密","33.5","+2.75","+8.94","07/13","+0.34","+0.48","+0.37","+0.79","+0.77","+0.84","+0.71","+0.63","+1","+1.21","+0.26","+0.12"
"105","3029","零壹","102","-1","-0.97","07/13","+0.19","+0.37","+0.28","+0.79","+1.62","+1.69","+1.28","+0.24","-1.72","+0.23","-0.88","-0.42"
"106","6239","力成","312.5","-7.5","-2.34","07/13","-0.21","-0.06","-0.21","+0.78","+2.7","-0.14","-1.28","-2.07","+8.86","-8.19","-35.6","-1.31"
"107","2606","裕民","63.9","+0.8","+1.27","07/13","+0.25","+0.33","+0.52","+0.78","+0.98","+2.99","+7.13","+10","+10.3","+10.6","+14.9","+11.9"
"108","8040","九暘","88.7","-4.2","-4.52","07/13","+0.33","+0.36","+0.66","+0.76","-0.22","-1.83","-1.53","-1.26","-1.58","-1.47","-1.48","-1.3"
"109","00700","富邦恒生國企","16.58","+0.13","+0.79","07/13","+0.62","+0.75","+0.76","+0.76","+0.65","+0.3","+4.1","+33","+44.8","+62.1","","+34.3"
"110","00859B","群益0-1年美債","41.18","-0.04","-0.1","07/13","-0.17","+0.55","-0.05","+0.76","+1.85","+6.04","+10.1","+38.2","+47.2","+57.2","","+44.4"
"111","6494","九齊","63.8","-1.6","-2.45","07/13","-0.03","+0.22","+0.14","+0.76","+0.73","-1.01","+1.23","+2.33","+2.07","+4.3","+6.2","+2.33"
"112","3709","鑫聯大投控","81.4","+1.8","+2.26","07/13","+0.25","+0.83","+0.79","+0.76","+0.55","-0.44","+1.53","-0.46","+2.52","+1.17","","+1.94"
"113","3529","力旺","2550","-55","-2.11","07/13","+0.04","+0.06","+0.28","+0.75","+0.69","+0.68","+5.91","+13.4","+2.05","+2.25","+9.33","+14.7"
"114","00864B","中信美國公債0-1","46.7","-0.01","-0.02","07/13","-0.06","-0.42","-0.25","+0.74","+1.57","+4.63","+5.15","+8.9","+32.8","+43","","+11.2"
"115","1476","儒鴻","341","+6","+1.79","07/13","+0.18","+0.16","+0.14","+0.74","+0.81","-0.69","-2.92","-3.71","-3.6","-11.8","-12.1","-2.87"
"116","3031","佰鴻","29.05","-1.8","-5.83","07/13","-0.21","-0.39","-0.39","+0.73","-0.5","-0.12","-2.03","-1.47","-1.33","-1.5","-5.45","-1.35"
"117","2527","宏璟","45.65","+3.05","+7.16","07/13","+0.52","+0.61","+0.62","+0.72","+0.8","+0.92","+1.5","+1.58","+1.09","+1.41","+12.4","+1.68"
"118","1514","亞力","120.5","-2","-1.63","07/13","-0.13","-0.32","-0.41","+0.71","+0.31","+0.2","-3.29","+1.68","+3.23","+4.57","+8.08","+1.01"
"119","009819","中信數據及電力","10.16","0","0","07/13","+0.45","+0.7","+0.71","+0.71","+0.59","+2.71","","","","","",""
"120","2472","立隆電","343","-33","-8.78","07/13","-0.08","-0.54","-0.45","+0.7","-3.85","-5.48","-9.11","-5.57","-7.87","+0.5","+0.36","-4.82"
"121","6741","91APP*-KY","59.2","-0.8","-1.33","07/13","+0.11","+0.32","+0.49","+0.7","+0.87","+0.44","-0.59","-4.61","-9.65","-8.71","","-4.49"
"122","1215","卜蜂","113.5","+1.5","+1.34","07/13","+0.16","+0.31","+0.31","+0.7","-0.06","-0.51","-3.21","-4.58","-8.13","-2.88","-3.54","-4.23"
"123","4541","晟田","67.1","+6.1","+10","07/13","-0.73","+0.31","-1.66","+0.69","+3.87","+7.36","+8.98","+11.1","+11.8","+12.8","+10.9","+12.9"
"124","1477","聚陽","226","+3.5","+1.57","07/13","+0.16","+0.16","+0.01","+0.69","+0.23","+4.19","+4.08","-0.05","+0.18","-14.8","-7.99","+0.09"
"125","00998A","主動復華金融股息","17.16","+0.04","+0.23","07/13","-0.02","-0.19","-0.01","+0.67","+1.38","+1.22","","","","","",""
"126","00640L","富邦日本正2","103.4","-0.9","-0.86","07/13","0","+0.11","+0.61","+0.67","+1.58","+1.28","+0.81","+1.02","-0.38","+72.1","+60.1","+1"
"127","1710","東聯","16.1","-0.3","-1.83","07/13","-0.11","+0.04","-0.12","+0.66","+1.47","+1.66","+2.69","+0.83","+0.92","-4.45","+2.51","+0.93"
"128","7827","漢康-KY創","171","-14","-7.57","07/13","0","+0.22","+0.38","+0.66","+0.99","+2.08","","","","","",""
"129","8131","福懋科","77.2","+1.2","+1.58","07/13","-0.03","-0.19","-0.83","+0.66","+0.6","+0.7","+2.96","+3.47","+2.95","+2.99","+3.42","+2.58"
"130","5324","士開","12.05","0","0","07/13","+0.24","+0.26","+0.35","+0.66","+1.03","+2.12","+2.39","+2.52","+2.37","+2.06","+1.64","+2.48"
"131","6133","金橋","24","-0.65","-2.64","07/13","+0.11","+0.1","+0.4","+0.66","+0.61","-0.39","-0.49","-3.95","-2.44","+1.6","-5.66","-2.39"
"132","8227","巨有科技","175.5","-10","-5.39","07/13","+0.46","+0.18","-0.1","+0.65","-1.08","-0.84","-0.09","-0.19","-0.2","-1.39","","-0.59"
"133","8383","千附","76.6","+6.9","+9.9","07/13","+1.04","+1.02","+1.07","+0.64","+2.13","+1.11","+2.42","+4.6","+4.27","+3.67","+0.4","+4.78"
"134","2105","正新","32.85","+0.45","+1.39","07/13","+0.14","+0.2","+0.25","+0.64","+1.62","+1.4","-4.63","-2.83","-4.85","-7.97","-7.5","-2.61"
"135","8183","精星","34.9","+1.65","+4.96","07/13","+0.48","+0.52","+0.63","+0.64","+0.47","+0.68","-0.43","-0.27","-0.38","-0.18","-0.19","-0.13"
"136","6716","應廣","98","-4.5","-4.39","07/13","-0.26","+0.33","+0.31","+0.63","+0.66","+0.75","+1.52","+2.71","+2.17","+2.65","","+2.72"
"137","8021","尖點","508","-13","-2.5","07/13","+0.03","+0.08","+0.5","+0.63","+0.33","+0.84","+3.52","+6.74","+2.04","+6.88","+6.84","+6.85"
"138","2889","國票金","15.85","+0.05","+0.32","07/13","+0.01","+0.13","+0.36","+0.62","+0.55","+0.72","+0.6","-0.04","-1.6","-0.47","-5.55","+0.15"
"139","3416","融程電","185","+3.5","+1.93","07/13","+0.21","+0.14","+0.37","+0.62","+1.68","+1.56","+1.3","+1.13","+1.05","-2.92","+1.9","+1.02"
"140","2324","仁寶","36.65","+0.05","+0.14","07/13","-0.05","+0.18","+0.28","+0.62","+1.28","-0.55","+1.52","-0.07","-6.95","-14.2","-21.3","-0.28"
"141","4746","台耀","53.8","-1","-1.82","07/13","-0.02","-0.03","-0.04","+0.62","+1.89","+1.77","-2.06","-2.57","-1.53","-1.99","-5.9","-2.7"
"142","1909","榮成","10.25","-0.05","-0.49","07/13","-0.02","-0.24","-0.01","+0.61","+1.13","+1.35","+0.08","-0.33","-0.74","-2.82","-6.49","-0.54"
"143","8105","凌巨","18.9","-1.35","-6.67","07/13","-0.19","+0.07","+0.35","+0.6","+1.1","-0.12","+0.61","+1.98","+0.63","+2.72","+1.53","+0.63"
"144","6538","倉和","149.5","+13.5","+9.93","07/13","+0.39","+0.81","+0.66","+0.6","-0.18","-0.57","+2.89","+2.65","+3.97","-6.81","","+2.97"
"145","1595","川寶","67","-4","-5.63","07/13","+0.35","+0.6","+0.7","+0.6","+0.74","+0.27","-1.24","+0.7","-0.84","-0.51","0","+1.16"
"146","00857B","永豐20年美公債","23.12","-0.06","-0.26","07/13","+0.21","+0.19","+0.32","+0.59","+1.44","+3.91","+12.9","+26.4","+40.4","+70.7","","+29.9"
"147","009811","統一美國50","13.08","+0.03","+0.23","07/13","+0.27","+0.64","+0.61","+0.59","+1.07","+1.98","+7.96","+19.4","","","","+20"
"148","2103","台橡","23.3","+0.25","+1.08","07/13","+0.04","-0.09","-0.22","+0.59","+1.24","+1.76","+3.96","+3.47","-0.18","-2.08","-6.01","+3.6"
"149","3088","艾訊","139.5","-4.5","-3.12","07/13","-0.1","-0.25","+0.54","+0.58","+1.42","+3.38","+9.42","+10.2","+4.58","+3.9","+0.19","+9.94"
"150","2302","麗正","43.55","-2.8","-6.04","07/13","+0.85","+0.55","+0.74","+0.58","+0.02","-0.9","-0.45","+0.49","-1.07","+0.37","-5.4","+0.8"
"151","7828","創新服務","1975","-140","-6.62","07/13","+0.16","+0.23","+0.4","+0.58","+1.11","+1.6","","","","","",""
"152","00736","國泰新興市場","31.61","+0.18","+0.57","07/13","-0.02","+0.42","+0.45","+0.58","+4.98","+8.37","+8.37","+8.37","+8.39","-4.59","","+8.37"
"153","8039","台虹","169","+15","+9.74","07/13","-0.12","+1.43","+1.23","+0.57","+1.59","+1","-1.05","+1.41","-1.73","+0.61","+0.43","-1.66"
"154","5009","榮剛","34.95","+1.85","+5.59","07/13","+0.4","+0.35","+0.25","+0.57","+1.45","+0.3","+1.73","+1.12","-0.42","-7.61","-2.95","+1.46"
"155","8028","昇陽半導體","303","-9.5","-3.04","07/13","-0.77","-0.49","-0.52","+0.57","+2.9","-0.75","+6.32","+2.18","+4.05","+7.12","","+5.48"
"156","6265","方土昶","54.1","+1.4","+2.66","07/13","+0.27","+0.36","+0.4","+0.57","+0.53","-2.89","+0.11","-3.06","-1.4","-1","+0.79","-2.72"
"157","6811","宏碁資訊","220","-6","-2.65","07/13","-0.1","-0.02","+0.22","+0.56","+1.04","+0.45","+1.74","+0.75","+0.03","+0.33","","+0.59"
"158","009817","國泰日本不動產","9.05","+0.02","+0.22","07/13","0","+0.35","+0.44","+0.55","+1.54","+3.24","+14.2","","","","",""
"159","3413","京鼎","334","-0.5","-0.15","07/13","+0.07","-0.15","-0.58","+0.54","+6.24","+7.91","+11.5","+12.5","+0.43","+7.08","+19.9","+11"
"160","00896","中信綠能及電動車","27.3","-0.02","-0.07","07/13","+0.02","0","+0.05","+0.54","+1.65","+2.48","+1.48","+3.55","+7.42","+7.54","","+6.49"
"161","6204","艾華","93.5","-5","-5.08","07/13","+0.58","+0.61","+0.6","+0.54","+0.14","-1.05","-0.87","-1.3","-0.65","-0.72","-0.31","-0.16"
"162","6188","廣明","77.7","-0.8","-1.02","07/13","+0.04","+0.02","+0.08","+0.54","+2.52","+2.15","+4.17","+3.53","-1.34","-1.73","+1.37","+1.81"
"163","00763U","期街口道瓊銅","33","+0.41","+1.26","07/13","+0.31","+0.32","+0.42","+0.54","-0.59","-1.07","+6.91","+19.4","+20.6","+34.7","","+20"
"164","4590","富田-創","93.4","+3","+3.32","07/13","+0.41","+0.32","+0.22","+0.54","+1.4","+1.41","+2.81","","","","",""
"165","8071","能率網通","28.85","-1.45","-4.79","07/13","+0.32","-0.14","-3.09","+0.54","-0.4","-0.83","-0.05","+0.52","+0.1","-0.66","-0.17","+0.8"
"166","009824","群益美國科技巨頭","10.1","+0.05","+0.5","07/13","+0.51","+0.53","+0.53","+0.53","+0.54","","","","","","",""
"167","00753L","中信中國50正2","8.98","-0.01","-0.11","07/13","-0.01","-0.18","+0.59","+0.53","+1.24","+1.49","-0.95","-1.55","+11.2","+24.3","","-0.66"
"168","2368","金像電","1045","-30","-2.79","07/13","+0.23","+0.6","+0.63","+0.53","+0.73","+1.27","+1.89","+4.91","+3.05","+6.3","+21","+4.2"
"169","4167","松瑞藥","20.65","-0.3","-1.43","07/13","+0.01","+0.01","+0.05","+0.52","+1.18","+0.9","+0.92","+1.89","+0.2","+1.28","+3.72","+1.74"
"170","3035","智原","213","-3","-1.39","07/13","+0.04","+0.07","+1.19","+0.52","+1.35","+5.8","+8.21","+7.45","-1.03","-15.1","+3.49","+7.64"
"171","4728","雙美","381","+4","+1.06","07/13","+0.51","+0.51","+0.51","+0.51","+0.52","+0.51","+1.15","+2","+2.2","+5.55","+19.3","+1.99"
"172","3047","訊舟","16.15","-0.5","-3","07/13","-0.02","-0.04","-0.09","+0.51","+1.05","+0.31","+1.38","+2.72","-1.41","-1.51","-5.18","+2.98"
"173","2101","南港","34.55","+0.55","+1.62","07/13","+0.09","+0.16","+0.13","+0.51","+0.78","+0.92","+1.79","+1.75","+0.94","+0.3","+1.89","+1.56"
"174","4114","健喬","33.3","-0.05","-0.15","07/13","+0.03","+0.09","+0.08","+0.51","+0.81","+0.94","+0.03","-1.11","-1.5","+1.48","+2.14","-1.18"
"175","2327","國巨*","816","-84","-9.33","07/13","+0.14","-0.08","+0.09","+0.5","+0.9","+0.01","-2.21","+2.53","-0.28","-0.3","-5.79","+4.41"
"176","3059","華晶科","45.95","-0.55","-1.18","07/13","+0.29","+0.3","+0.37","+0.5","+1.01","-0.65","-3.42","-8.34","-7.06","-5.93","-8.68","-8.57"
"177","3564","其陽","52.4","-1.4","-2.6","07/13","+0.01","-0.07","+0.13","+0.5","+0.5","+0.49","+0.93","+0.45","+2.57","+0.36","+0.64","+0.35"
"178","5258","虹堡","54.6","+1.8","+3.41","07/13","+0.21","+0.38","+0.4","+0.5","+0.81","+0.95","-1.83","-0.63","-0.06","-0.68","","-0.78"
"179","8114","振樺電","199.5","-4.5","-2.21","07/13","+0.19","+0.21","+0.08","+0.49","+0.8","+0.65","-0.21","-5.21","-1.65","-1.15","-1.67","-6.93"
"180","3090","日電貿","258","-28.5","-9.95","07/13","+0.23","+0.13","+0.26","+0.49","+0.66","-1.02","+1.67","+4.48","+1.32","+3.75","+7.38","+4.72"
"181","4908","前鼎","159","-5","-3.05","07/13","+0.29","+0.57","+0.54","+0.49","+1.15","-1.7","-0.85","+2.9","+0.03","-0.3","+1.85","+2.21"
"182","009815","大華美國MAG7+","11.32","+0.07","+0.62","07/13","+0.27","+0.41","+0.42","+0.49","+0.46","+0.84","+9.49","","","","",""
"183","2867","三商壽","8.83","-0.03","-0.34","07/13","+0.04","+0.09","+0.3","+0.48","+0.44","+0.82","+3.6","+7.15","+14","+14.7","+13.1","+7.49"
"184","2360","致茂","1850","+30","+1.65","07/13","+0.03","+0.21","+0.5","+0.48","+0.48","+1.44","+0.95","-0.29","-4.65","-8.45","+10.1","+0.75"
"185","3592","瑞鼎","255.5","-17","-6.24","07/13","-0.44","-0.18","-0.22","+0.48","-1.03","-1.71","-4.72","-5.07","+0.23","-0.77","","-4.32"
"186","3535","晶彩科","100","-4.5","-4.31","07/13","+0.5","+0.24","+0.5","+0.48","+0.55","-3.12","-4.17","-7.73","-4.25","-4.11","-6.73","-11.4"
"187","3213","茂訊","130.5","-2.5","-1.88","07/13","+0.14","+0.47","+0.55","+0.48","+3.99","+2.21","+10.1","+9.73","+8.15","+4.92","+8.31","+9.56"
"188","4127","天良","72","-2","-2.7","07/13","+0.09","+0.04","+0.12","+0.47","+2.27","+2.89","+3.28","+2.91","+2.59","+2.76","+3.45","+2.97"
"189","00663L","國泰臺灣加權正2","105.65","-0.25","-0.24","07/13","-0.3","-0.04","+0.13","+0.47","+0.82","+1.54","+4.82","+15.4","+19.9","+21.2","+39.5","+16.2"
"190","4953","緯軟","124.5","-3","-2.35","07/13","+0.01","+0.11","+0.03","+0.47","+0.34","-1.33","+1.77","-1.97","+6.65","-4.57","+6.92","+0.89"
"191","00653L","富邦印度正2","46.85","+0.37","+0.8","07/13","+0.05","+0.21","+0.34","+0.47","+1.46","+1.64","+1.6","+2.07","+2.19","+1.8","+133","+1.97"
"192","6517","保勝光學","72","+6.5","+9.92","07/13","+0.49","+0.61","+0.62","+0.47","+0.12","-1.35","-1.11","-1.48","-1.05","-6.42","","+0.27"
"193","3211","順達","457.5","+3.5","+0.77","07/13","-0.8","+2.45","+2.55","+0.46","-0.06","-0.88","+10.8","+9.29","-3.84","+9.29","+4.05","+8.44"
"194","1762","中化生","37.9","-0.25","-0.66","07/13","-0.11","-0.33","-0.38","+0.46","+0.57","+0.67","+0.45","+0.65","-0.21","-7.79","-0.27","+0.61"
"195","2233","宇隆","242.5","-10","-3.96","07/13","+0.24","+0.23","+0.43","+0.46","+1.37","-0.22","+4.27","+2.88","+3.79","+0.8","-3.99","+3.84"
"196","6841","長佳智能","63.5","-1.2","-1.85","07/13","+0.03","+0.11","-0.24","+0.45","+1.04","+1.17","+2.22","+2.48","+2.12","+2.72","","+2.56"
"197","6196","帆宣","551","+2","+0.36","07/13","+0.27","+0.51","+0.44","+0.45","+0.84","+0.01","+1.1","+1.04","+6.52","+10.9","+18.8","+0.36"
"198","6579","研揚","161","-7","-4.17","07/13","+0.06","+0.03","-0.09","+0.45","+0.67","+0.66","+1.38","+1.4","+0.94","+0.24","","+1.34"
"199","3479","安勤","142.5","-3.5","-2.4","07/13","-0.49","+0.43","+0.3","+0.45","+0.85","-0.04","+1.17","-3.37","-4.07","-10","-2.5","-4.07"
"200","6261","久元","92.4","+1","+1.09","07/13","+0.15","+0.25","+0.31","+0.44","+0.84","+0.41","-4.49","+1.06","+2.93","+3.08","+0.68","+1.55"
"201","2415","錩新","36.2","-2.1","-5.48","07/13","-0.22","-0.18","-0.28","+0.44","+0.04","-0.66","-0.47","-0.24","-0.07","+0.74","+1.5","-0.28"
"202","5347","世界","178.5","+5.5","+3.18","07/13","-0.03","+0.03","+0.06","+0.44","-0.39","-1.38","+9.19","+12.6","+17.6","+4.79","-13.2","+15.3"
"203","4961","天鈺","171","-5","-2.84","07/13","-0.47","-0.31","-0.22","+0.44","+0.47","+1.28","+2.08","+1.85","+2.52","+3.24","","+1.43"
"204","1734","杏輝","32.95","-0.15","-0.45","07/13","+0.03","+0.01","+0.02","+0.44","+0.71","+0.97","+0.44","+1.11","+0.98","-2.38","+3.47","+0.95"
"205","2301","光寶科","222","+8.5","+3.98","07/13","+0.24","+0.21","+0.2","+0.44","+1.19","+0.69","+8.94","+8.62","+10.5","+1.22","-12.5","+9.02"
"206","1216","統一","78.5","+0.1","+0.13","07/13","+0.09","+0.11","+0.21","+0.44","+0.51","-0.32","-0.23","-1.11","-5.29","-8.21","-21.9","-1.33"
"207","3556","禾瑞亞","70.4","-5.5","-7.25","07/13","-1.05","-0.86","-1.04","+0.43","-0.51","-1.8","-2.73","-1.46","-1.45","-2.8","-1.45","-1.48"
"208","2404","漢唐","1230","+15","+1.23","07/13","+0.11","+0.36","+0.39","+0.43","+0.71","-0.05","+12.2","+4.69","+5.08","+9.38","+14.4","+4.62"
"209","3680","家登","523","+27","+5.44","07/13","+0.37","+0.37","+0.24","+0.43","+2.52","+2.57","+6.22","+8.88","+2.71","+4.43","+20.2","+10.6"
"210","6456","GIS-KY","70.6","-0.1","-0.14","07/13","+0.01","+0.15","+0.38","+0.43","-0.72","-2.27","-5.26","-8.7","-9.7","-7.4","-20.1","-8.98"
"211","00665L","富邦恒生國企正2","8.61","+0.11","+1.29","07/13","+0.06","-0.1","+0.39","+0.43","+0.56","+0.74","-0.34","+1.51","+3.78","-0.14","","+2.04"
"212","3339","泰谷","36.35","-1.85","-4.84","07/13","+0.37","+0.26","+0.21","+0.42","+0.13","-2.46","-1.96","+0.23","-2.53","-3.61","-17.4","+0.91"
"213","8234","新漢","71.1","-0.2","-0.28","07/13","-0.17","-0.01","+0.37","+0.42","+0.82","+0.71","-0.14","-0.08","+4.35","-2.15","-0.04","-0.29"
"214","00650L","復華香港正2","15.54","+0.19","+1.24","07/13","+0.3","-0.51","+0.85","+0.42","+0.73","+0.75","-1.95","-2.24","+2.04","+24.1","+33","-2.5"
"215","6187","萬潤","1035","-15","-1.43","07/13","-0.41","+0.19","+0.65","+0.42","+0.62","-0.16","-9.35","+7.94","+13.4","+21.4","+18.3","+11.5"
"216","2371","大同","28.1","+0.4","+1.44","07/13","+0.21","+0.38","+0.31","+0.42","+0.88","-0.12","-3.55","-6.88","-4.06","-12.8","-7.95","-6.71"
"217","6174","安碁","56.5","-1.2","-2.08","07/13","+0.07","-0.07","-0.18","+0.41","+1.71","-0.09","+1.94","+1.89","+1.94","+1.47","+2.21","+1.91"
"218","9802","鈺齊-KY","74.7","-0.3","-0.4","07/13","+0.05","+0.28","+0.24","+0.41","+0.58","+0.23","+0.3","-1.35","-0.48","+0.42","+0.94","-2.38"
"219","8162","微矽電子-創","72.5","-5.6","-7.17","07/13","-0.01","-0.11","-0.04","+0.41","+0.55","+0.08","+0.3","+0.14","+0.27","","","+0.08"
"220","00965","元大航太防衛科技","24.81","+0.05","+0.2","07/13","-0.05","-0.02","-0.01","+0.41","+0.72","+1.63","+4.27","+8.7","+9.36","","","+10.3"
"221","6279","胡連","121.5","-1","-0.82","07/13","+0.05","0","+0.01","+0.4","+1.03","+0.82","-2.94","-4.99","-11.8","-5.17","-18.9","-5.31"
"222","3176","基亞","36","-2.2","-5.76","07/13","-0.2","-0.04","-0.04","+0.4","+1","+1.05","-0.01","+0.06","-0.06","+0.51","+0.33","+0.12"
"223","2458","義隆","183","-0.5","-0.27","07/13","-0.13","+0.09","-0.61","+0.4","-1.88","-0.31","+6.92","+12.1","+4.56","-2.37","+33.6","+11.7"
"224","3045","台灣大","109.5","+1","+0.92","07/13","+0.26","+0.93","+0.7","+0.4","-0.78","-0.48","+0.88","+2.76","-2.71","-0.14","-17.4","+2.53"
"225","910322","康師傅-DR","22.5","0","0","07/13","+0.01","+0.01","+0.1","+0.4","+0.33","-0.5","-2.56","-0.97","-1.99","-2.2","-2.98","-0.29"
"226","3189","景碩","819","+24","+3.02","07/13","+0.04","+0.08","+0.5","+0.4","-2.44","-3.27","+3.92","-0.16","+9.79","+8.98","-0.34","-0.89"
"227","6155","鈞寶","70.2","-3","-4.1","07/13","+0.63","+0.29","+0.59","+0.4","+0.21","+0.76","+0.26","+1.98","+1.37","+2.61","+8.69","+2.1"
"228","5483","中美晶","231.5","+21","+9.98","07/13","+0.21","-0.06","-0.34","+0.39","+3.09","+2.11","+5.8","+8.94","+5.74","-5.79","+8.62","+8"
"229","8462","柏文","160","+1","+0.63","07/13","+0.13","+0.14","+0.17","+0.39","+0.85","+0.72","+0.64","+0.6","+0.95","+0.4","+0.59","+1.04"
"230","6531","愛普*","893","-29","-3.15","07/13","+0.1","+0.12","+0.23","+0.39","+0.77","-0.95","-2.74","-0.86","+9.79","+17.7","+9.34","+1"
"231","2397","友通","59.2","+0.7","+1.2","07/13","+0.11","+0.09","+0.11","+0.39","+0.99","+0.89","+2.99","+3.17","+0.3","+1.64","+1.64","+3.35"
"232","4938","和碩","82.6","-0.1","-0.12","07/13","+0.05","+0.05","+0.1","+0.39","+1.18","+1.66","-2.94","-0.66","-0.5","-4.42","-15.9","+0.16"
"233","6285","啟碁","259","-1.5","-0.58","07/13","+0.04","+0.6","+0.69","+0.38","+0.2","+0.48","+5.49","+10.6","-0.93","+7.37","+5.48","+8.62"
"234","3260","威剛","405","-5","-1.22","07/13","+0.09","+0.27","+0.27","+0.38","-0.55","-0.72","-6.5","-19.3","+0.86","+0.37","+3.51","-17.8"
"235","2603","長榮","195","+0.5","+0.26","07/13","+0.21","+0.25","+0.67","+0.38","+0.97","+0.97","-0.56","+3.34","-1.14","+1.52","-4.12","+3.79"
"236","8076","伍豐","26.05","-0.5","-1.88","07/13","-0.05","+0.16","+0.19","+0.38","+0.57","+0.64","+0.02","-0.16","-0.56","-0.56","-0.49","-0.11"
"237","1568","倉佑","32.4","-0.5","-1.52","07/13","+0.07","+0.3","+0.21","+0.38","+0.46","-0.57","+0.57","+0.7","+0.49","-0.42","+0.93","+0.62"
"238","4162","智擎","66","+1.5","+2.33","07/13","+0.2","+0.4","+0.28","+0.38","+0.74","+0.97","+2.51","+2.92","+1.51","+5.65","+0.13","+3.4"
"239","2364","倫飛","69.3","+1.3","+1.91","07/13","+0.06","+0.05","-0.01","+0.37","+0.64","+0.21","+0.99","+0.24","-5.62","-3.38","-3.15","-0.23"
"240","00894","中信小資高價30","47.37","-0.13","-0.27","07/13","+0.05","+0.22","+0.22","+0.37","+0.87","+1.86","-0.13","+0.17","+1.95","+5.3","","+0.05"
"241","5410","國眾","40.05","-4.45","-10","07/13","-0.03","+0.16","+0.27","+0.37","+0.79","+0.83","+4.82","+4.77","+4.37","+6.7","+6.66","+4.92"
"242","5609","中菲行","78.7","-0.2","-0.25","07/13","+0.04","+0.04","+0.12","+0.37","+0.48","-0.14","-0.35","-0.58","+0.24","-0.98","+8.17","-0.51"
"243","00655L","國泰中國A50正2","33.7","-1.35","-3.85","07/13","+0.02","0","+0.29","+0.36","-0.86","-0.39","+2.21","+10.9","+21.4","+44.8","+115","+11.4"
"244","4771","望隼","209.5","-3.5","-1.64","07/13","+0.01","+0.05","+0.07","+0.36","+1.42","+1.45","+2.14","+3.08","+2.82","","","+3.09"
"245","4951","精拓科","85.9","-2.3","-2.61","07/13","+0.41","+0.47","+0.43","+0.36","+0.43","-0.79","-2.43","-1.7","-0.55","+1.28","","-1.87"
"246","4977","眾達-KY","151.5","-1","-0.66","07/13","+0.51","+0.43","+0.5","+0.36","+0.9","+1.54","-1.05","+4.56","-0.57","-7.64","-41.3","+2.47"
"247","00951","台新日本半導體","19.65","-0.04","-0.2","07/13","+0.13","+0.8","+0.84","+0.36","-0.46","-3.36","+2.98","+4.48","+16.9","","","+7.67"
"248","2884","玉山金","34.6","-0.15","-0.43","07/13","+0.01","+0.08","+0.17","+0.36","+0.24","-0.26","+1.03","+1.41","-2.1","+1.31","-14.1","+0.8"
"249","2912","統一超","239.5","-1.5","-0.62","07/13","+0.08","+0.19","+0.19","+0.36","+0.43","-0.46","-5.84","-4.05","-7.59","-15.8","-27.4","-4.37"
"250","6679","鈺太","238.5","-10.5","-4.22","07/13","-0.03","+0.03","+0.27","+0.35","+0.67","+0.96","+4.75","+5.05","+4.27","+2.1","","+4.91"
"251","009813","貝萊德標普卓越50","11.16","+0.02","+0.18","07/13","+0.23","+0.35","+0.35","+0.35","+1.22","+0.64","+10.9","+17.4","","","","+17.4"
"252","6435","大中","342.5","-32.5","-8.67","07/13","+0.52","+0.34","-0.65","+0.35","-1.84","-4.25","-0.09","+1.48","+2.51","+9.31","+8.34","+2.78"
"253","6944","兆聯實業","1045","+47","+4.71","07/13","+0.36","+0.64","+0.42","+0.35","-0.04","+0.64","+2.22","+3.29","+1.11","","","+3.57"
"254","6266","泰詠","26.2","+0.9","+3.56","07/13","+0.2","+0.23","+0.25","+0.34","+0.39","+0.26","-0.42","-0.95","-1.52","-0.22","-5.12","-0.94"
"255","00985A","主動野村台灣50","21.67","-0.02","-0.09","07/13","+0.16","+0.38","+0.49","+0.34","+1.24","+2.31","+4.37","+6.68","","","","+6.46"
"256","2367","燿華","50.5","-1","-1.94","07/13","+0.16","+0.11","+0.39","+0.34","+0.44","-0.21","-1.53","-1.47","-5.92","-2.48","-12.5","-0.01"
"257","6609","瀧澤科","43.75","+3.95","+9.92","07/13","+0.4","+0.44","+0.43","+0.34","+0.42","+0.28","+0.56","-0.49","-2.3","-3.18","-0.52","-0.32"
"258","00903","富邦元宇宙","21.02","-0.12","-0.57","07/13","+0.41","+0.47","+0.2","+0.33","+0.25","-0.67","+7.56","+12.9","+37.5","+236","","+14"
"259","5222","全訊","126","+3","+2.44","07/13","+0.01","+0.02","+0.06","+0.33","+0.96","+0.34","-0.03","-0.57","-2.03","-2.69","","-0.07"
"260","00633L","富邦上証正2","48.41","-1.94","-3.85","07/13","+0.15","+0.15","+0.43","+0.33","+0.09","+0.34","+4.13","+8.9","+34.6","+67.9","+344","+11.4"
"261","5460","同協","16.35","-0.45","-2.68","07/13","+0.03","-0.03","-0.09","+0.33","+2.64","+2.54","+2.48","+2.03","+1.61","+2.18","+2.55","+2.02"
"262","6588","東典光電","78","-0.9","-1.14","07/13","+0.1","+0.1","+0.33","+0.33","+1.35","+0.6","-0.59","-0.54","-0.96","-0.81","","-0.07"
"263","6782","視陽","202","-6","-2.88","07/13","-0.06","+0.05","+0.03","+0.33","+1.08","+0.84","-1.86","+0.89","+1.46","+4.75","","+0.99"
"264","6789","采鈺","535","+20","+3.88","07/13","+0.07","+0.09","+0.17","+0.33","+0.35","+0.28","-0.51","+0.53","-1.3","-4.17","","+0.5"
"265","2441","超豐","137.5","-7","-4.84","07/13","-0.47","+0.1","-0.24","+0.32","+0.32","+2.69","-1.2","+0.83","-0.9","-2.4","-7.4","+1.23"
"266","6727","亞泰金屬","465.5","-51.5","-9.96","07/13","-0.2","-1.3","-2.41","+0.32","-0.03","-2.55","-5.39","-1.91","-0.46","+2.29","","-3.95"
"267","2883","凱基金","29.8","-0.25","-0.83","07/13","+0.02","-0.01","+0.06","+0.31","+0.76","+1.15","-1.63","+1.28","+3.69","+6.11","+2.74","+1.61"
"268","00938","凱基優選30","24.59","-0.01","-0.04","07/13","0","+0.3","+0.08","+0.31","+0.8","+1.14","+1.77","+2.82","+10.8","","","+2.91"
"269","00693U","期街口S&P黃豆","21.9","+0.14","+0.64","07/13","0","+0.14","+0.29","+0.31","+0.51","+0.69","+1.41","+2.7","+7.3","+10.2","","+3.67"
"270","7712","博盛半導體","171","-14","-7.57","07/13","+0.37","+0.19","+0.27","+0.31","+0.41","+2.45","+1.64","+1.6","+1.81","","","+1.77"
"271","6568","宏觀","161.5","+5.5","+3.53","07/13","+0.04","+0.07","+0.2","+0.31","+0.54","+1","+0.44","+2.5","+0.4","+2.16","","+2.03"
"272","2890","永豐金","40.2","-0.25","-0.62","07/13","+0.03","0","+0.1","+0.31","-0.33","-0.25","+2.09","+2.75","+3","+3.47","+0.64","+2.67"
"273","1723","中碳","86.5","+2.1","+2.49","07/13","+0.22","+0.29","+0.27","+0.31","+0.2","+0.59","+2.29","+3.57","+0.81","-0.87","+1.41","+3.6"
"274","6873","泓德能源","90","+3.4","+3.93","07/13","+0.13","+0.12","+0.12","+0.3","+0.71","+0.48","-0.92","-1.19","-1.42","-0.74","","-1.15"
"275","6199","天品","106","+0.5","+0.47","07/13","+0.46","+0.42","+0.41","+0.3","+1.04","+1.23","+1.07","+0.19","+1.35","+0.98","+1","+1.03"
"276","009805","台新美國電力基建","16.48","-0.12","-0.72","07/13","-0.28","+0.21","+0.26","+0.3","+0.02","+3.58","+6.22","+8.36","+8.02","","","+8.59"
"277","2892","第一金","33.65","+0.05","+0.15","07/13","+0.02","+0.02","+0.17","+0.3","-0.73","-0.86","-1.48","-1.14","+0.76","+1.39","+2.33","-1.11"
"278","3581","博磊","134","+1","+0.75","07/13","+0.11","+0.05","+0.22","+0.3","+0.08","-0.47","-0.71","+1.67","+0.18","+2.72","+3.23","+2.02"
"279","00637L","元大滬深300正2","20.1","-0.75","-3.6","07/13","-0.07","-0.17","+0.19","+0.3","+0.23","-0.08","-1.88","-0.05","+19.3","+57.4","+111","+3.8"
"280","2482","連宇","18.2","+0.55","+3.12","07/13","+0.28","+0.32","+0.14","+0.29","+0.32","+0.56","+0.82","+0.88","+0.66","+0.9","-1.32","+1"
"281","5880","合庫金","25.2","+0.05","+0.2","07/13","+0.06","+0.11","+0.2","+0.29","+0.32","+0.88","+0.43","+0.19","+0.26","-1.64","-0.79","+0.06"
"282","2049","上銀","332","+0.5","+0.15","07/13","+0.08","+0.03","+0.03","+0.29","+0.5","+0.5","+5.46","+12.8","+9.19","+4.7","+12.2","+13.4"
"283","5227","立凱-KY","31","+0.85","+2.82","07/13","+0.24","+0.28","+0.28","+0.29","+0.33","+0.06","+0.46","+0.78","+0.42","-0.91","-17.2","+0.69"
"284","6469","大樹","78.5","+0.5","+0.64","07/13","+0.12","+0.28","+0.27","+0.29","+0.69","+0.78","+0.41","-3.92","-3.45","-2.23","-1.7","-3.67"
"285","3645","達邁","79.5","-3.4","-4.1","07/13","+0.39","+0.36","+0.49","+0.29","+1.08","+1.71","-0.33","+6.66","+8.5","+0.98","+5.06","+6.42"
"286","2498","宏達電","43.8","-1.35","-2.99","07/13","+0.02","+0.09","+0.06","+0.29","-0.18","-0.26","-1.32","-0.54","-4.59","-2.78","-30","-0.41"
"287","6617","共信-KY","105","-5","-4.55","07/13","-0.01","-0.01","-0.04","+0.29","+0.55","+0.53","+0.3","+0.03","-0.4","","","-0.12"
"288","00731","復華富時高息低波","88.55","-0.35","-0.39","07/13","0","+0.16","+0.26","+0.29","+0.57","+1.8","+19","+30.5","+47","+79.9","","+33.8"
"289","5515","建國","41.75","+0.55","+1.33","07/13","+0.1","+0.15","+0.16","+0.28","+0.32","-0.19","+0.3","+2.78","+3.03","+9.07","+6.38","+2.63"
"290","4534","慶騰","34.9","+1.3","+3.87","07/13","+0.06","-0.07","-0.13","+0.28","+1.77","+3.12","+6.14","+6.33","+6.2","+6.88","+5.75","+6.14"
"291","4105","東洋","78.4","+1.1","+1.42","07/13","+0.05","+0.09","+0.05","+0.28","+0.67","+1.01","+0.12","-3.37","+0.98","+1.18","-5.45","-3.56"
"292","6712","長聖","168","-7.5","-4.27","07/13","+0.2","-0.06","-0.29","+0.28","+0.44","+0.49","-1.17","-2.56","-0.98","-0.87","","-2.64"
"293","1342","八貫","114.5","+4","+3.62","07/13","+0.15","+0.06","-0.1","+0.27","+0.37","+1.92","+4.86","+5.73","+4.01","+6.32","","+6.15"
"294","6146","耕興","198","-8","-3.88","07/13","-0.01","-0.16","+0.2","+0.27","+0.77","+1.71","+0.97","+2.07","-0.24","-12.3","-22.2","+2.47"
"295","5481","新華","20.65","-0.35","-1.67","07/13","0","+0.13","+0.13","+0.27","+0.29","+0.12","-0.19","-1.69","-2.97","-1.93","+12.6","-1.1"
"296","2845","遠東銀","13.35","+0.15","+1.14","07/13","+0.11","+0.13","+0.08","+0.27","+0.03","-0.88","-0.72","-1.4","-1.81","-1.14","-0.79","-1.33"
"297","00913","兆豐台灣晶圓製造","51.85","+0.05","+0.1","07/13","+0.04","+0.66","+0.92","+0.27","+0.02","-1.75","-6.01","+0.67","+0.07","+3.39","","+0.64"
"298","3430","奇鈦科","120.5","-7.5","-5.86","07/13","+0.12","+0.12","+0.24","+0.27","+0.01","-1.84","-4.86","-3.44","-1.94","-1.97","","-2.97"
"299","1434","福懋","18.5","+0.8","+4.52","07/13","+0.09","+0.11","+0.1","+0.27","+0.04","+0.66","+0.52","+1.22","+1.03","+0.25","-7.35","+1.47"
"300","3034","聯詠","467.5","-51.5","-9.92","07/13","+0.39","+0.28","+0.46","+0.27","+0.18","+0.87","+4.19","+8.97","+6.35","-9.55","-18.5","+9.33"
