"排名","代號","名稱","成交","漲跌價","漲跌幅","持股資料週別","更新日期","持股超過600張(萬張)","超過600張增減(張)","超過600張增減(%)","持股超過800張(萬張)","超過800張增減(張)","超過800張增減(%)","持股超過1千張(萬張)","超過1千張增減(張)","超過1千張增減(%)"
"1","00715L","期街口布蘭特正2","57.1","+2","+3.63","26W20","05/15","4.14","+2,665","+6.89","3.99","+4,088","+11.4","3.83","+3,459","+9.93"
"2","8093","保銳","18.25","0","0","26W20","05/15","1.72","0","0","1.72","0","0","1.62","0","0"
"3","00916","國泰全球品牌50","30","0","0","26W20","05/15","1.04","-552","-5.04","1.04","-552","-5.04","0.77","+380","+5.18"
"4","00962","台新AI優息動能","14.68","-0.89","-5.72","26W20","05/15","1.16","-1,357","-10.5","1.16","-592","-4.87","0.96","+326","+3.53"
"5","00988A","主動統一全球創新","20.25","-1.21","-5.64","26W20","05/15","37.2","+89,978","+31.9","33.5","+81,796","+32.3","31.5","+80,604","+34.3"
"6","4967","十銓","277.5","-1.5","-0.54","26W20","05/15","1.91","-2,559","-11.8","1.78","-1,313","-6.87","1.6","-297","-1.82"
"7","00907","永豐優息存股","15.73","-0.57","-3.5","26W20","05/15","1.83","+1,244","+7.29","1.83","+1,244","+7.29","1.64","+2,134","+14.9"
"8","00991A","主動復華未來50","18.69","-0.53","-2.76","26W20","05/15","42.4","-18,275","-4.13","39.6","-22,771","-5.44","35.3","-21,316","-5.69"
"9","4513","福裕","15.45","+0.2","+1.31","26W20","05/15","4.83","-200","-0.41","4.83","-200","-0.41","4.74","-196","-0.41"
"10","4939","亞電","65.6","+5.9","+9.88","26W20","05/15","2.03","+238","+1.18","1.76","-1,018","-5.47","1.51","-1,003","-6.22"
"11","3234","光環","124","-1","-0.8","26W20","05/15","2.82","+723","+2.63","2.28","+79","+0.35","2.19","+79","+0.36"
"12","00685L","群益臺灣加權正2","266.85","-24.7","-8.47","26W20","05/15","0.49","-164","-3.27","0.49","-164","-3.27","0.49","-164","-3.27"
"13","00960","野村全球航運龍頭","17.55","-0.01","-0.06","26W20","05/15","0.59","-3,203","-35.3","0.59","-3,203","-35.3","0.59","-3,203","-35.3"
"14","3118","進階","33.65","-0.45","-1.32","26W20","05/15","0.95","0","0","0.58","0","0","0.39","0","0"
"15","009810","玉山全球藍籌100","20.43","-0.33","-1.59","26W20","05/15","0.35","+51.6","+1.48","0.29","+62","+2.17","0.29","+62","+2.17"
"16","3043","科風","23.85","+1.5","+6.71","26W20","05/15","0.54","+6","+0.11","0.54","+6","+0.11","0.44","0","0"
"17","00930","永豐ESG低碳高息","23.65","-1.36","-5.44","26W20","05/15","2.3","+1,415","+6.55","2.16","+639","+3.05","1.99","+1,710","+9.4"
"18","6207","雷科","130.5","-14","-9.69","26W20","05/15","1.29","+816","+6.75","1.16","+184","+1.61","1.07","+184","+1.75"
"19","6485","點序","101","-11","-9.82","26W20","05/15","1.08","+1,817","+20.3","1.01","+1,817","+21.8","1.01","+1,817","+21.8"
"20","00896","中信綠能及電動車","27.77","-1.19","-4.11","26W20","05/15","2.4","-94.2","-0.39","2.13","-226","-1.05","1.96","-204","-1.03"
"21","1514","亞力","125","-10","-7.41","26W20","05/15","11.3","-2,281","-1.98","10.2","-4,394","-4.13","9.77","-3,559","-3.51"
"22","00939","統一台灣高息動能","20.14","-0.75","-3.59","26W20","05/15","12.5","+10,842","+9.46","11.8","+8,828","+8.08","10.9","+10,571","+10.8"
"23","8088","品安","58.1","-4.7","-7.48","26W20","05/15","0.99","+818","+8.99","0.99","+818","+8.99","0.81","-1,032","-11.3"
"24","6104","創惟","99","-4","-3.88","26W20","05/15","1.32","+1,162","+9.68","0.9","+421","+4.93","0.81","+421","+5.48"
"25","009809","富邦淨零ESG50","16.47","-0.71","-4.13","26W20","05/15","1","+800","+8.73","0.92","+800","+9.51","0.83","+800","+10.6"
"26","00731","復華富時高息低波","81.95","-2.2","-2.61","26W20","05/15","0.53","-508","-8.71","0.4","-1,201","-23.2","0.4","-366","-8.42"
"27","00647L","元大S&P500正2","130.55","-5.25","-3.87","26W20","05/15","0.14","+119","+9.58","0.14","+119","+9.58","0.14","+119","+9.58"
"28","3324","雙鴻","1095","-15","-1.35","26W20","05/15","4.1","+916","+2.29","3.48","-1,732","-4.75","2.91","-1,772","-5.74"
"29","00642U","期元大S&P石油","29.89","+0.47","+1.6","26W20","05/15","4.55","-3,419","-6.98","4.43","-4,053","-8.39","4.15","-5,043","-10.8"
"30","3289","宜特","172","-10.5","-5.75","26W20","05/15","1.76","+969","+5.81","1.48","+879","+6.3","0.91","-1,067","-10.5"
"31","6126","信音","38.3","-4.2","-9.88","26W20","05/15","4.27","+1,077","+2.59","3.85","+244","+0.64","3.77","+1,158","+3.17"
"32","00989B","台新美國非投等債","10.01","0","0","26W20","05/15","2.54","+2,766","+12.2","2.47","+2,766","+12.6","2.17","+2,766","+14.6"
"33","3491","昇達科","1785","-150","-7.75","26W20","05/15","1.71","+551","+3.32","0.99","-72.4","-0.72","0.81","-205","-2.48"
"34","00877","復華中國5G","42.37","-1.91","-4.31","26W20","05/15","1.85","-869","-4.48","1.37","-1,642","-10.7","0.93","-2,468","-21"
"35","00403A","主動統一升級50","10.13","-0.28","-2.69","26W20","05/15","154","","","132","","","105","",""
"36","9103","美德醫療-DR","6.06","+0.21","+3.59","26W20","05/15","1.31","-1,379","-9.51","0.82","-2,068","-20.1","0.64","-1,168","-15.4"
"37","6805","富世達","1895","-55","-2.82","26W20","05/15","3.64","-606","-1.64","3.3","-643","-1.91","3.2","-1,628","-4.84"
"38","3260","威剛","403","-18.5","-4.39","26W20","05/15","11","-6,429","-5.52","10.8","-5,085","-4.5","10.4","-428","-0.41"
"39","3615","安可","54.2","-6","-9.97","26W20","05/15","2.18","+163","+0.75","2.04","+162","+0.8","1.95","+162","+0.84"
"40","00892","富邦台灣半導體","41.87","-1.78","-4.08","26W20","05/15","3.96","+2,113","+5.64","3.47","+1,339","+4.02","2.99","+390","+1.32"
"41","2406","國碩","32","-2.65","-7.65","26W20","05/15","12.2","+240","+0.2","11.5","-122","-0.11","11","+703","+0.64"
"42","3689","湧德","127.5","-14","-9.89","26W20","05/15","1.7","+785","+4.85","1.57","+818","+5.49","1.12","0","0"
"43","2349","錸德","13.3","-0.7","-5","26W20","05/15","16.1","+474","+0.29","14.4","-573","-0.4","13","-752","-0.58"
"44","4739","康普","118.5","+0.5","+0.42","26W20","05/15","4.64","+2,590","+5.91","4.23","+3,703","+9.59","3.78","+1,028","+2.8"
"45","5475","德宏","255.5","-25","-8.91","26W20","05/15","4.69","+190","+0.41","4.49","+188","+0.42","4.21","+1,036","+2.52"
"46","2399","映泰","44.65","-4.1","-8.41","26W20","05/15","4.22","-153","-0.36","4.08","+1,370","+3.47","3.64","+1,370","+3.92"
"47","00661","元大日經225","82.05","-3.9","-4.54","26W20","05/15","0.35","-666","-15.9","0.29","-666","-18.7","0.12","-666","-36"
"48","00984B","大華優利美A債15","16.3","-0.07","-0.43","26W20","05/15","5.82","-11,843","-16.9","5","-11,926","-19.3","4.44","-11,926","-21.2"
"49","8112","至上","84.7","-7.9","-8.53","26W20","05/15","20.9","-25,504","-10.9","20.5","-24,699","-10.8","19.4","-27,122","-12.3"
"50","00864B","中信美國公債0-1","45.91","+0.15","+0.33","26W20","05/15","3.09","-61,366","-66.5","2.94","-61,438","-67.6","2.66","-60,354","-69.4"
"51","00701","國泰股利精選30","34.87","-1.11","-3.09","26W20","05/15","1.35","+287","+2.18","1.35","+287","+2.18","1.35","+1,252","+10.3"
"52","1528","恩德","26","-1.8","-6.47","26W20","05/15","5.8","-5,730","-8.99","5.59","-6,479","-10.4","5.41","-4,835","-8.2"
"53","00783","富邦中証500","28.06","-1.42","-4.82","26W20","05/15","0.28","-1.33","-0.05","0.14","-33.3","-2.29","0.14","-33.3","-2.29"
"54","00830","國泰費城半導體","87.9","-6.05","-6.44","26W20","05/15","15.2","-1,883","-1.22","14.7","-2,547","-1.7","13.7","-4,414","-3.12"
"55","00632R","元大台灣50反1","10.77","+0.4","+3.86","26W20","05/15","85.3","-33,271","-3.75","74","-41,745","-5.34","66.5","-41,502","-5.87"
"56","3131","弘塑","3030","-120","-3.81","26W20","05/15","1.22","+262","+2.19","1.15","+203","+1.8","1.06","+2,060","+24.2"
"57","3338","泰碩","77.3","-1.3","-1.65","26W20","05/15","2.31","+187","+0.81","2.16","+195","+0.91","1.99","+1,102","+5.85"
"58","00928","中信上櫃ESG30","36.12","-1.89","-4.97","26W20","05/15","1.29","+1,527","+13.4","1.01","-1,303","-11.5","1.01","-482","-4.57"
"59","3011","今皓","14.55","-0.25","-1.69","26W20","05/15","3.75","-459","-1.21","3.56","-369","-1.02","3.29","-247","-0.74"
"60","00897","富邦基因免疫生技","9.74","-0.08","-0.81","26W20","05/15","2.14","-481","-2.2","1.67","+319","+1.95","1.38","+300","+2.21"
"61","00996A","主動兆豐台灣豐收","14.44","-0.55","-3.67","26W20","05/15","4.48","+7,043","+18.7","4.34","+8,455","+24.2","3.85","+7,426","+23.9"
"62","6282","康舒","58.8","-5","-7.84","26W20","05/15","37.5","+13,986","+3.88","36.6","+13,175","+3.74","35.8","+15,702","+4.58"
"63","00981T","平衡凱基雙核收息","12.02","-0.12","-0.99","26W20","05/15","5.13","-3,057","-5.62","4.04","-3,772","-8.54","3.74","-1,918","-4.88"
"64","00983B","大華優利美公債20","15.53","-0.06","-0.38","26W20","05/15","1.41","+51","+0.36","1.41","+51","+0.36","1.41","+51","+0.36"
"65","4442","竣邦-KY","50.1","-0.6","-1.18","26W20","05/15","2.22","-565","-2.48","1.81","0","0","1.27","0","0"
"66","4720","德淵","25","-2.3","-8.42","26W20","05/15","4.39","-1,461","-3.22","4.25","-1,482","-3.37","4.25","+389","+0.92"
"67","8437","大地-KY","10.65","-0.3","-2.74","26W20","05/15","1.52","+35","+0.23","1.38","+15","+0.11","1.19","0","0"
"68","6225","天瀚","23.65","+0.05","+0.21","26W20","05/15","1.57","0","0","1.51","0","0","1.41","0","0"
"69","6151","晉倫","42.8","-1.9","-4.25","26W20","05/15","1.78","+491","+2.84","1.5","-278","-1.82","1.16","-1,170","-9.15"
"70","009800","中信NASDAQ","12.76","-0.41","-3.11","26W20","05/15","5.7","-821","-1.42","5.55","+736","+1.34","5.1","+683","+1.36"
"71","00980B","台新特選IG債10+","9.5","0","0","26W20","05/15","2.42","+233","+0.97","2.35","+213","+0.92","2.25","-785","-3.38"
"72","7610","聯友金屬-創","1780","+30","+1.71","26W20","05/15","1.77","-50","-0.28","1.64","-45","-0.27","1.47","0","0"
"73","00972","野村日本動能高息","19.07","-0.17","-0.88","26W20","05/15","0.58","+636","+12.2","0.46","+7.12","+0.16","0.46","+7.12","+0.16"
"74","00995A","主動中信台灣卓越","17.09","-0.53","-3.01","26W20","05/15","4.11","+3,260","+8.62","3.63","+1,845","+5.36","3.24","+3,718","+13"
"75","00852L","國泰美國道瓊正2","32.77","-1.02","-3.02","26W20","05/15","0.51","+43.3","+0.86","0.45","+72.3","+1.63","0.45","+72.3","+1.63"
"76","00700","富邦恒生國企","16.75","-0.18","-1.06","26W20","05/15","0.32","+306","+10.7","0.12","+298","+31.4","0.12","+1,245",""
"77","00964","中信亞太高股息","14.15","-0.4","-2.75","26W20","05/15","1.25","+602","+5.05","0.83","-774","-8.52","0.66","-797","-10.7"
"78","3362","先進光","141.5","-6.5","-4.39","26W20","05/15","8.06","-870","-1.07","7.37","+4","+0.01","6.99","+4","+0.01"
"79","3290","東浦","49.15","-1.05","-2.09","26W20","05/15","4.72","+251","+0.53","4.25","-366","-0.85","4.07","-366","-0.89"
"80","4931","新盛力","266.5","+24","+9.9","26W20","05/15","1.79","+3,054","+20.6","1.4","+1,923","+16","1.21","+5,441","+81.2"
"81","5351","鈺創","83.7","-2.5","-2.9","26W20","05/15","11","+9,272","+9.19","10.4","+9,688","+10.3","9.66","+10,305","+11.9"
"82","3312","弘憶股","60.8","-6.7","-9.93","26W20","05/15","8.34","+1,613","+1.97","8.34","+3,092","+3.85","8.18","+1,470","+1.83"
"83","6148","驊宏資","38.5","+3.5","+10","26W20","05/15","1.71","-103","-0.6","1.57","0","0","1.57","0","0"
"84","00966B","統一ESG投等債15+","13.93","-0.07","-0.5","26W20","05/15","5.26","+1,877","+3.7","5.11","+1,877","+3.81","4.91","+1,877","+3.98"
"85","6806","森崴能源","5.3","-0.34","-6.03","26W20","05/15","15.5","+2,647","+1.73","15.5","+3,254","+2.15","15.4","+2,394","+1.58"
"86","00932","兆豐永續高息等權","17.3","-0.65","-3.62","26W20","05/15","1.96","-7,255","-27","1.89","-7,949","-29.6","1.79","-7,949","-30.7"
"87","009811","統一美國50","12.74","-0.26","-2","26W20","05/15","5.76","+1,787","+3.2","5.34","+1,756","+3.4","4.54","+2,742","+6.43"
"88","6409","旭隼","900","-28","-3.02","26W20","05/15","4.35","-2,469","-5.38","3.81","+314","+0.83","3.07","-654","-2.09"
"89","009816","凱基台灣TOP50","14.68","-0.51","-3.36","26W20","05/15","108","-97,852","-8.3","98.7","-90,293","-8.38","89.9","-98,147","-9.84"
"90","8101","華冠","15.3","-0.9","-5.56","26W20","05/15","3.93","0","0","3.93","0","0","3.93","0","0"
"91","6657","華安","37.25","-1.45","-3.75","26W20","05/15","2.56","+648","+2.59","2.16","0","0","1.86","0","0"
"92","0051","元大中型100","137.25","-6","-4.19","26W20","05/15","0.33","+38.2","+1.17","0.11","+42.5","+3.89","0.11","+42.5","+3.89"
"93","6418","詠昇","32.05","-2.2","-6.42","26W20","05/15","1.68","+5","+0.03","1.62","0","0","1.62","0","0"
"94","8011","台通","18.05","-0.85","-4.5","26W20","05/15","4.82","-323","-0.67","4.47","-1,786","-3.84","4.21","+32.3","+0.08"
"95","8043","蜜望實","175","+15.5","+9.72","26W20","05/15","4.59","-400","-0.86","4.37","-2,537","-5.48","4.37","-2,537","-5.48"
"96","2457","飛宏","28.25","-1.9","-6.3","26W20","05/15","11.5","-780","-0.67","11","-598","-0.54","10.2","-1,312","-1.27"
"97","4111","濟生","30","-0.15","-0.5","26W20","05/15","2.27","+90","+0.4","2.07","+90","+0.44","1.68","+1,094","+6.98"
"98","00656R","國泰中國A50反1","5.91","+0.17","+2.96","26W20","05/15","1.19","-102","-0.86","1.04","-138","-1.31","0.94","+715","+8.21"
"99","1563","巧新","60.5","-4.8","-7.35","26W20","05/15","8.59","+1,259","+1.49","7.96","+1,896","+2.44","7.07","+2,674","+3.93"
"100","3706","神達","87.3","-5.1","-5.52","26W20","05/15","66.6","-14,544","-2.14","65.3","-16,347","-2.44","64.4","-17,508","-2.65"
"101","00895","富邦未來車","49.87","-2.33","-4.46","26W20","05/15","1.57","+105","+0.68","1.51","+730","+5.09","1.42","+728","+5.39"
"102","00958B","永豐ESG銀行債15+","9.25","-0.03","-0.32","26W20","05/15","3.55","+1,456","+4.28","3.49","+1,641","+4.94","3.22","+1,659","+5.43"
"103","00858","永豐美國500大","35.25","-0.85","-2.35","26W20","05/15","1.84","-298","-1.59","1.69","-238","-1.39","1.69","-238","-1.39"
"104","6442","光聖","1970","-85","-4.14","26W20","05/15","4.02","-2,371","-5.57","3.32","-902","-2.65","2.95","-1,941","-6.18"
"105","6265","方土昶","52.9","-4.7","-8.16","26W20","05/15","5.36","+2,986","+5.9","5.16","+3,013","+6.2","4.62","+1,294","+2.88"
"106","00984D","主動聯博全球非投","10","-0.01","-0.1","26W20","05/15","7.24","+3,724","+5.42","6.42","+2,374","+3.84","5.31","+3,373","+6.78"
"107","3231","緯創","163.5","-7.5","-4.39","26W20","05/15","187","-45,631","-2.38","183","-42,092","-2.25","180","-44,062","-2.39"
"108","2444","兆勁","13.1","-0.4","-2.96","26W20","05/15","2.21","+77","+0.35","1.99","+80","+0.4","1.71","0","0"
"109","8936","國統","57.7","-5.1","-8.12","26W20","05/15","7.28","-1,151","-1.56","6.81","-1,696","-2.43","6.09","-87","-0.14"
"110","00753L","中信中國50正2","9.35","-0.4","-4.1","26W20","05/15","35.3","-4,731","-1.32","31.5","-8,287","-2.56","29.5","-8,178","-2.69"
"111","6438","迅得","148.5","-9","-5.71","26W20","05/15","2.41","+25.3","+0.1","2.28","-27.4","-0.12","1.99","-34.3","-0.17"
"112","3008","大立光","3535","-145","-3.94","26W20","05/15","6.63","-109","-0.16","6.15","+401","+0.66","5.8","-416","-0.71"
"113","4919","新唐","160.5","-17.5","-9.83","26W20","05/15","26.7","-15,554","-5.5","25.9","-14,138","-5.17","25.4","-15,071","-5.61"
"114","6934","心誠鎂","73.8","+2.2","+3.07","26W20","05/15","2.26","0","0","2.18","0","0","2","0","0"
"115","00963","中信全球高股息","12.51","-0.05","-0.4","26W20","05/15","2.21","-942","-4.09","2","-1,698","-7.82","1.9","-868","-4.36"
"116","4716","大立","16.8","0","0","26W20","05/15","3.15","-113","-0.36","2.37","-26","-0.11","2.19","-26","-0.12"
"117","00730","富邦臺灣優質高息","28.06","-1.35","-4.59","26W20","05/15","1.33","+542","+4.24","1.33","+1,186","+9.77","1.24","+279","+2.3"
"118","00981D","主動中信非投等債","10.32","0","0","26W20","05/15","26.6","-20,169","-7.04","24","-19,499","-7.51","22.1","-20,358","-8.44"
"119","009802","富邦旗艦50","19.14","-0.96","-4.78","26W20","05/15","6.98","+4,689","+7.2","6.6","+4,637","+7.56","5.8","+4,637","+8.69"
"120","00652","富邦印度","31.57","-0.08","-0.25","26W20","05/15","1.65","-742","-4.31","1.52","-742","-4.66","1.52","-742","-4.66"
"121","00648R","元大S&P500反1","4.05","+0.08","+2.02","26W20","05/15","6.39","-205","-0.32","5.9","+509","+0.87","5.34","-1,293","-2.37"
"122","6026","福邦證","17.5","-1.65","-8.62","26W20","05/15","18.2","-3,658","-1.97","17.4","-3,992","-2.24","16.6","-1,992","-1.18"
"123","2468","華經","44.95","+4.05","+9.9","26W20","05/15","3.5","0","0","3.5","0","0","3.5","0","0"
"124","6870","騰雲","274.5","-11","-3.85","26W20","05/15","1.39","-237","-1.67","1.19","-279","-2.3","1.19","-279","-2.3"
"125","8354","冠好","16.75","+0.05","+0.3","26W20","05/15","4.47","+5","+0.01","4.05","-785","-1.9","3.61","+30","+0.08"
"126","4534","慶騰","31.85","-1.3","-3.92","26W20","05/15","2.43","0","0","2.37","0","0","2.29","0","0"
"127","1708","東鹼","44.2","-4.9","-9.98","26W20","05/15","12","+5,794","+5.06","11.5","+9,263","+8.72","10.7","+8,243","+8.31"
"128","3285","微端","31.1","-0.6","-1.89","26W20","05/15","2.44","+2","+0.01","2.38","+2","+0.01","2.08","+2","+0.01"
"129","3550","聯穎","23.55","-0.5","-2.08","26W20","05/15","4.31","-556","-1.27","4.1","+874","+2.18","3.93","+1.7","0"
"130","3147","大綜","284.5","0","0","26W20","05/15","2.24","-24.4","-0.11","2.17","-24.4","-0.11","2.09","0","0"
"131","2421","建準","157","-4.5","-2.79","26W20","05/15","14","-1,406","-0.99","12.7","-94.1","-0.07","12.1","-1,678","-1.37"
"132","00894","中信小資高價30","47.22","-1.77","-3.61","26W20","05/15","2.24","-1,790","-7.4","2.09","-2,565","-10.9","1.92","-3,384","-15"
"133","6712","長聖","139","-1","-0.71","26W20","05/15","3.61","+585","+1.65","3.27","-32.8","-0.1","3.01","+4","+0.01"
"134","6125","廣運","63.1","-1.7","-2.62","26W20","05/15","8.79","+1,366","+1.58","8.25","+54.4","+0.07","7.97","-946","-1.17"
"135","4729","熒茂","23.05","-1.25","-5.14","26W20","05/15","3.99","+30","+0.08","3.78","+30","+0.08","3.7","+20","+0.05"
"136","1513","中興電","169.5","-1","-0.59","26W20","05/15","20.6","-3,893","-1.86","19.6","-4,290","-2.14","19","-2,467","-1.28"
"137","3406","玉晶光","654","-11","-1.65","26W20","05/15","5.63","+151","+0.27","5.14","-504","-0.97","4.43","-444","-0.99"
"138","2342","茂矽","38.9","-2.5","-6.04","26W20","05/15","5.95","-6,562","-9.94","5.75","-5,880","-9.28","5.38","-5,956","-9.96"
"139","5309","系統電","74","-0.3","-0.4","26W20","05/15","8.8","+1,861","+2.16","8.43","+3,160","+3.9","7.96","+2,003","+2.58"
"140","5490","同亨","28.25","-0.9","-3.09","26W20","05/15","2.83","+181","+0.64","2.55","+87.5","+0.34","2.46","+1,036","+4.39"
"141","6456","GIS-KY","78.9","-3.6","-4.36","26W20","05/15","15.9","-1,435","-0.89","15.5","-712","-0.46","15.1","-1,679","-1.1"
"142","6944","兆聯實業","911","-28","-2.98","26W20","05/15","3.15","-1,493","-4.52","2.66","-853","-3.1","2.49","+80","+0.32"
"143","00900","富邦特選高股息30","18.7","-1.08","-5.46","26W20","05/15","28.1","+3,856","+1.39","27","+3,956","+1.49","26.3","+4,058","+1.56"
"144","5315","光聯","22.25","-0.25","-1.11","26W20","05/15","3.23","-228","-0.7","2.95","-936","-3.08","2.43","-153","-0.63"
"145","4155","訊映","15","-0.45","-2.91","26W20","05/15","5.34","-14","-0.03","4.86","-14","-0.03","4.42","0","0"
"146","3481","群創","48.35","-5.35","-9.96","26W20","05/15","382","+225,635","+6.28","370","+230,149","+6.64","361","+229,112","+6.77"
"147","7723","築間","22.8","-0.15","-0.65","26W20","05/15","2.75","+4","+0.01","2.4","+4","+0.02","2.31","+4","+0.02"
"148","00905","FT臺灣Smart","26.23","-0.95","-3.5","26W20","05/15","2.75","+1,064","+4.02","2.69","+1,064","+4.12","2.69","+1,064","+4.12"
"149","4526","東台","40.1","-2.05","-4.86","26W20","05/15","11.3","-2,162","-1.88","10.5","-1,978","-1.85","9.86","-3,675","-3.59"
"150","2478","大毅","152","+2","+1.33","26W20","05/15","7.87","+1,688","+2.19","7.39","+1,749","+2.43","7.21","+4,566","+6.76"
"151","00934","中信成長高股息","27.16","-1.42","-4.97","26W20","05/15","4.51","-6,218","-12.1","4.38","-3,156","-6.72","4.05","-5,626","-12.2"
"152","2387","精元","41.65","-0.8","-1.88","26W20","05/15","10.8","+120","+0.11","10.4","-1,163","-1.1","9.99","-188","-0.19"
"153","00935","野村臺灣新科技50","57.5","-2.4","-4.01","26W20","05/15","10.6","-8,831","-7.7","10.1","-9,454","-8.55","10.1","-8,633","-7.87"
"154","1608","華榮","33.7","-2.4","-6.65","26W20","05/15","40","-685","-0.17","39.5","-11.7","0","38.8","+912","+0.24"
"155","9958","世紀鋼","115","-6","-4.96","26W20","05/15","12.8","-691","-0.54","11.8","-122","-0.1","11.6","+712","+0.62"
"156","3376","新日興","236.5","-0.5","-0.21","26W20","05/15","8.41","-7,916","-8.6","7.8","-8,548","-9.88","7.62","-4,885","-6.03"
"157","00957B","兆豐US優選投等債","13.48","-0.05","-0.37","26W20","05/15","11","+2,773","+2.59","10.6","+2,773","+2.68","9.97","+1,782","+1.82"
"158","4924","欣厚-KY","12","-0.75","-5.88","26W20","05/15","2.42","-44","-0.18","2.22","-44","-0.2","2.03","-44","-0.22"
"159","6416","瑞祺電通","82.4","-5","-5.72","26W20","05/15","3.03","+177","+0.59","3.03","+1,703","+5.96","2.59","+1,014","+4.08"
"160","8921","沈氏","18.4","+0.45","+2.51","26W20","05/15","3.56","-2","-0.01","3.17","-2","-0.01","2.9","0","0"
"161","9951","皇田","52.5","-0.4","-0.76","26W20","05/15","3.14","+644","+2.09","2.73","0","0","2.73","0","0"
"162","2474","可成","220","-10.5","-4.56","26W20","05/15","42.2","-4,479","-1.05","40.8","-4,390","-1.06","40.2","-3,476","-0.86"
"163","3675","德微","346","-38","-9.9","26W20","05/15","3.11","+281","+0.91","3.11","+1,746","+5.94","2.94","0","0"
"164","3704","合勤控","46.7","-1","-2.1","26W20","05/15","22.6","+2,010","+0.9","21.7","+2,067","+0.96","21.2","+3,185","+1.52"
"165","1714","和桐","12.65","+1.15","+10","26W20","05/15","60.1","+13,015","+2.21","58","+13,049","+2.3","56.3","+16,570","+3.03"
"166","8034","榮群","23.35","-1","-4.11","26W20","05/15","0.86","+185","+2.2","0.78","+175","+2.29","0.6","+1,097","+22.2"
"167","1786","科妍","60.6","+5.5","+9.98","26W20","05/15","3.45","+22","+0.06","3.32","+23","+0.07","3.22","+23","+0.07"
"168","00681R","元大美債20反1","21.2","+0.13","+0.62","26W20","05/15","0.69","-31.2","-0.45","0.69","-31.2","-0.45","0.6","+7.85","+0.13"
"169","3058","立德","9.47","-0.44","-4.44","26W20","05/15","3.91","-112","-0.29","3.57","-115","-0.32","3.29","+1.89","+0.01"
"170","3027","盛達","20.9","-1.8","-7.93","26W20","05/15","5.23","-89","-0.17","4.74","-92","-0.19","4.55","-82","-0.18"
"171","3535","晶彩科","123","-7.5","-5.75","26W20","05/15","1.94","+7.94","+0.04","1.73","-72","-0.41","1.73","-72","-0.41"
"172","3543","州巧","33.9","-1.05","-3","26W20","05/15","4.63","-2,877","-5.86","4.22","-51.3","-0.12","3.78","+37.5","+0.1"
"173","3060","銘異","28.9","-1.9","-6.17","26W20","05/15","1.8","-111","-0.61","1.67","+526","+3.25","1.67","+1,362","+8.86"
"174","3625","西勝","15.1","-0.6","-3.82","26W20","05/15","4.65","+363","+0.79","4.24","-249","-0.58","4.08","+610","+1.52"
"175","2103","台橡","21.15","-0.55","-2.53","26W20","05/15","42.4","+7,936","+1.91","41.7","+12,071","+2.98","40.1","+5,930","+1.5"
"176","1718","中纖","10","+0.15","+1.52","26W20","05/15","89.4","+3,110","+0.35","86.6","+3,530","+0.41","84.4","+6,150","+0.73"
"177","00981B","第一金優選非投債","9.14","-0.01","-0.11","26W20","05/15","58","+10,160","+1.78","51.7","+6,444","+1.26","46.4","+7,224","+1.58"
"178","2337","旺宏","143.5","-6.5","-4.33","26W20","05/15","100","-6,180","-0.61","97","-7,181","-0.73","95","-9,699","-1.01"
"179","00912","中信臺灣智慧50","32.05","-0.78","-2.38","26W20","05/15","1.35","+1,491","+12.4","1.23","+1,051","+9.34","1.14","+135","+1.2"
"180","1611","中電","13.5","-0.6","-4.26","26W20","05/15","16.2","+39.3","+0.02","15.7","+739","+0.47","14.7","-153","-0.1"
"181","2731","雄獅","172","-1.5","-0.86","26W20","05/15","3.93","-168","-0.43","3.64","+1,967","+5.71","3.3","+255","+0.78"
"182","2912","統一超","222","-10","-4.31","26W20","05/15","85.9","+827","+0.1","83.6","+381","+0.05","82.8","+563","+0.07"
"183","00989A","主動摩根美國科技","17.22","-0.91","-5.02","26W20","05/15","1.37","+44","+0.32","1.3","+744","+6.06","1.21","+1,742","+16.8"
"184","006203","元大MSCI台灣","183.35","-5.15","-2.73","26W20","05/15","0.73","+55","+0.76","0.73","+55","+0.76","0.63","+55","+0.89"
"185","8436","大江","118.5","-4","-3.27","26W20","05/15","3.95","+120","+0.3","3.52","+23","+0.07","3.42","+23","+0.07"
"186","3363","上詮","829","-79","-8.7","26W20","05/15","4.77","-523","-1.08","3.99","-2,578","-6.06","3.81","-3,519","-8.46"
"187","1605","華新","35.8","-3.75","-9.48","26W20","05/15","309","-31,498","-1.01","307","-30,532","-0.98","304","-32,385","-1.05"
"188","8096","擎亞","119.5","-9","-7","26W20","05/15","6.65","-893","-1.33","6.43","-824","-1.27","6.25","+2,089","+3.46"
"189","2031","新光鋼","41.45","-1.9","-4.38","26W20","05/15","16.6","-1,245","-0.74","16","-1,995","-1.23","15.8","-1,258","-0.79"
"190","2603","長榮","224","-8","-3.45","26W20","05/15","146","+7,790","+0.53","143","+8,960","+0.63","139","+8,719","+0.63"
"191","009812","野村日本東證","11.89","-0.29","-2.38","26W20","05/15","3.4","-2,578","-7.04","3.11","-1,916","-5.81","2.82","-3,898","-12.2"
"192","3508","位速","18.7","-0.85","-4.35","26W20","05/15","4.05","+688","+1.73","3.72","+50","+0.13","3.44","+50","+0.15"
"193","6214","精誠","140.5","-4","-2.77","26W20","05/15","14.4","+569","+0.4","13.3","-88.3","-0.07","12.6","-63.3","-0.05"
"194","3713","新晶投控","16.1","-0.35","-2.13","26W20","05/15","4.07","+23","+0.06","4","+23","+0.06","3.73","0","0"
"195","6182","合晶","80","-5.5","-6.43","26W20","05/15","15.7","-10,776","-6.44","15.2","-9,599","-5.93","14.7","-9,714","-6.21"
"196","1316","上曜","10.45","-0.15","-1.42","26W20","05/15","13.1","-1,144","-0.87","11.4","-1,684","-1.46","10.6","-783","-0.74"
"197","00984A","主動安聯台灣高息","15.64","-0.69","-4.23","26W20","05/15","8.6","-10,235","-10.6","7.85","-8,771","-10","7.29","-10,588","-12.7"
"198","00635U","期元大S&P黃金","45.03","-1.4","-3.02","26W20","05/15","6.86","-5,630","-7.58","6.59","-6,072","-8.44","6.5","-3,267","-4.78"
"199","1809","中釉","53.7","-5.9","-9.9","26W20","05/15","8.74","+2,481","+2.92","8.3","+2,545","+3.16","8.03","+781","+0.98"
"200","00926","凱基全球菁英55","24.76","-0.21","-0.84","26W20","05/15","3.37","-683","-1.99","3.23","+113","+0.35","3.15","-702","-2.18"
"201","6598","ABC-KY","24.5","0","0","26W20","05/15","4.83","-54","-0.11","4.48","-54","-0.12","4.01","-1,041","-2.53"
"202","6432","今展科","65.2","-2.1","-3.12","26W20","05/15","1.07","+170","+1.62","0.92","+170","+1.89","0.64","+1,028","+19.2"
"203","6509","聚和","49.85","-1.35","-2.64","26W20","05/15","5.83","+5,447","+10.3","5.13","+3,382","+7.06","4.57","+3,388","+8"
"204","6609","瀧澤科","44.1","-1.8","-3.92","26W20","05/15","4.02","+68","+0.17","3.95","+39","+0.1","3.87","+22","+0.06"
"205","8081","致新","260.5","-20","-7.13","26W20","05/15","3.03","+72.4","+0.24","2.69","+3.43","+0.01","2.08","-1","0"
"206","3466","德晉","32.4","-0.65","-1.97","26W20","05/15","3.4","+361","+1.07","2.75","-966","-3.39","2.49","+54","+0.22"
"207","00945B","凱基美國非投等債","14.43","+0.02","+0.14","26W20","05/15","30.5","+1,639","+0.54","29","+2,315","+0.8","27.3","+469","+0.17"
"208","00684R","期元大美元指反1","15.05","-0.12","-0.79","26W20","05/15","0.75","+70.7","+0.95","0.68","+70.7","+1.05","0.49","+71.7","+1.49"
"209","5289","宜鼎","1810","+55","+3.13","26W20","05/15","3.47","-1,143","-3.19","3.13","-1,174","-3.62","2.6","-296","-1.12"
"210","3653","健策","3820","+200","+5.52","26W20","05/15","9.33","+583","+0.63","8.99","+836","+0.94","8.44","+78.7","+0.09"
"211","2440","太空梭","17.5","-0.95","-5.15","26W20","05/15","9.58","+710","+0.75","9.37","+71","+0.08","9.37","+71","+0.08"
"212","2323","中環","10.95","-0.95","-7.98","26W20","05/15","44.7","-8,288","-1.82","42.9","-5,594","-1.29","41.1","-5,473","-1.31"
"213","3022","威強電","79","+1.6","+2.07","26W20","05/15","9.83","-181","-0.18","9.63","-1,526","-1.56","9.18","-1,566","-1.68"
"214","6170","統振","52.9","-0.3","-0.56","26W20","05/15","4.98","-1,128","-2.21","4.91","-1,050","-2.09","4.64","-1,003","-2.12"
"215","2458","義隆","156.5","-2","-1.26","26W20","05/15","16.2","+193","+0.12","15.7","-426","-0.27","14.9","-2,134","-1.41"
"216","00882","中信中國高股息","15.66","-0.08","-0.51","26W20","05/15","43.9","+6,456","+1.49","38.8","+6,316","+1.65","35","+7,288","+2.13"
"217","00738U","期元大道瓊白銀","54.5","-4.05","-6.92","26W20","05/15","6.31","+12,353","+24.3","6.02","+12,353","+25.8","5.93","+12,353","+26.3"
"218","1503","士電","230","-11.5","-4.76","26W20","05/15","38.3","+235","+0.06","37.8","-1,079","-0.28","37.5","-247","-0.07"
"219","00985B","群益ESG投等債0-5","10.15","+0.02","+0.2","26W20","05/15","20.3","+10,639","+5.52","18.9","+11,219","+6.3","17.9","+12,390","+7.44"
"220","00970B","新光BBB投等債20+","9.4","-0.03","-0.32","26W20","05/15","23.2","-10,133","-4.18","22.6","-9,625","-4.09","21.9","-7,806","-3.44"
"221","8996","高力","1210","+85","+7.56","26W20","05/15","4.25","+162","+0.38","3.71","-360","-0.96","3.1","-1,960","-5.94"
"222","2065","世豐","33.7","-0.6","-1.75","26W20","05/15","3","+1,319","+4.59","2.87","+1,319","+4.82","2.59","+494","+1.95"
"223","6670","復盛應用","270","-6","-2.17","26W20","05/15","9.94","+1,315","+1.34","9.08","-763","-0.83","8.61","+51","+0.06"
"224","2498","宏達電","42.6","-3.3","-7.19","26W20","05/15","32.3","+1,793","+0.56","30.9","+3,099","+1.01","29.8","+1,138","+0.38"
"225","00669R","國泰美國道瓊反1","5.41","+0.07","+1.31","26W20","05/15","8.28","-7,473","-8.28","7.44","-7,475","-9.13","6.98","-7,475","-9.67"
"226","3081","聯亞","2495","-160","-6.03","26W20","05/15","3.83","-235","-0.61","3.36","+600","+1.82","3.11","+1,520","+5.14"
"227","3162","精確","82","-1.2","-1.44","26W20","05/15","9.22","-3,361","-3.52","8.87","+488","+0.55","8.68","+1,327","+1.55"
"228","8076","伍豐","27.25","-0.95","-3.37","26W20","05/15","9.12","+194","+0.21","8.58","-466","-0.54","7.69","-1,299","-1.66"
"229","5481","新華","19.2","+0.5","+2.67","26W20","05/15","4.25","+626","+1.49","3.92","+39","+0.1","3.66","+99","+0.27"
"230","3207","耀勝","66.6","-3.1","-4.45","26W20","05/15","2.25","-119","-0.52","1.7","-76.8","-0.45","1.33","-1,067","-7.44"
"231","2357","華碩","844","-56","-6.22","26W20","05/15","51.4","+5,856","+1.15","49.5","+7,967","+1.64","46.3","+3,329","+0.72"
"232","9941","裕融","83","+1.1","+1.34","26W20","05/15","38.3","-2,545","-0.66","37.5","-3,194","-0.84","37","-5,017","-1.34"
"233","2481","強茂","148.5","-16.5","-10","26W20","05/15","24.5","+30,376","+14.2","23.6","+30,984","+15.1","22.6","+29,344","+14.9"
"234","8930","青鋼","28","-0.5","-1.75","26W20","05/15","4.97","-588","-1.17","4.71","+7","+0.01","4.53","+6","+0.01"
"235","3049","精金","15.15","-0.75","-4.72","26W20","05/15","36.6","-1,251","-0.34","35.7","-719","-0.2","34.8","-2,553","-0.73"
"236","2354","鴻準","56.4","-4.2","-6.93","26W20","05/15","62.4","-20,251","-3.15","61.1","-19,281","-3.06","60","-20,171","-3.25"
"237","6015","宏遠證","20.35","-2.25","-9.96","26W20","05/15","18.9","+223","+0.12","18.4","+2,224","+1.22","18","+3,203","+1.81"
"238","00982T","平衡兆豐台美動能","15.09","-0.38","-2.46","26W20","05/15","0.42","-3,044","-41.8","0.27","-3,043","-52.7","0.27","-2,164","-44.2"
"239","6197","佳必琪","327","+2","+0.62","26W20","05/15","5.6","-2,602","-4.44","5.18","-4,028","-7.22","5","+403","+0.81"
"240","00795B","中信美國公債20年","26.63","-0.11","-0.41","26W20","05/15","84.5","-11,674","-1.36","83.1","-12,280","-1.46","81.5","-12,336","-1.49"
"241","5014","建錩","11.15","-0.25","-2.19","26W20","05/15","6.07","-202","-0.33","5.51","-81.9","-0.15","4.79","-1,040","-2.13"
"242","6861","睿生光電","341.5","-10","-2.84","26W20","05/15","2.14","-565","-2.57","2.14","+128","+0.6","2.14","+128","+0.6"
"243","2409","友達","24.4","-2.7","-9.96","26W20","05/15","371","+145,312","+4.07","359","+142,033","+4.12","351","+145,384","+4.32"
"244","00665L","富邦恒生國企正2","9.16","-0.25","-2.66","26W20","05/15","23.7","-6,059","-2.5","21.7","-2,438","-1.11","20","-3,073","-1.51"
"245","2618","長榮航","36.4","-1.3","-3.45","26W20","05/15","386","+8,904","+0.23","378","+11,616","+0.31","374","+11,253","+0.3"
"246","911868","同方友友-DR","1.25","-0.04","-3.1","26W20","05/15","4.21","+308","+0.74","3.65","+909","+2.55","3.1","+49","+0.16"
"247","5009","榮剛","34.6","-2.65","-7.11","26W20","05/15","28","-2,642","-0.93","27.3","-3,479","-1.26","26.4","-5,337","-1.98"
"248","6112","邁達特","51.2","+1.2","+2.4","26W20","05/15","10.8","-646","-0.59","10.8","-44.2","-0.04","10.6","-44.2","-0.04"
"249","6945","圓祥生技","104","-1","-0.95","26W20","05/15","5.67","0","0","5.46","0","0","5.11","0","0"
"250","00646","元大S&P500","73.35","-1.35","-1.81","26W20","05/15","21","+474","+0.23","20.2","+1,831","+0.91","19.7","+1,665","+0.85"
"251","3592","瑞鼎","255","-16.5","-6.08","26W20","05/15","2.45","+421","+1.75","2.17","+441","+2.08","1.98","+1,242","+6.69"
"252","3293","鈊象","780","-10","-1.27","26W20","05/15","13.4","-530","-0.39","12.5","-458","-0.36","11.9","+285","+0.24"
"253","8064","東捷","152","-14","-8.43","26W20","05/15","9.08","-1,076","-1.17","8.51","-2,635","-3","8.33","-918","-1.09"
"254","6443","元晶","36.15","-3.75","-9.4","26W20","05/15","9.05","-4,988","-5.22","8.64","-3,741","-4.15","8.37","-5,565","-6.23"
"255","3311","閎暉","40.5","+0.75","+1.89","26W20","05/15","5.32","+98.7","+0.19","5.1","+74.7","+0.15","5","+7","+0.01"
"256","00981A","主動統一台股增長","29.89","-0.92","-2.99","26W20","05/15","182","-197,030","-9.75","170","-192,679","-10.2","162","-177,076","-9.84"
"257","6209","今國光","80","-7.9","-8.99","26W20","05/15","8.62","-804","-0.92","7.78","-2,828","-3.51","7.34","-5,484","-6.95"
"258","1733","五鼎","29.9","-0.9","-2.92","26W20","05/15","3.74","+57","+0.15","3.53","+57","+0.16","3.05","+37","+0.12"
"259","2492","華新科","400","-16","-3.85","26W20","05/15","32.6","+24,245","+8.04","31.8","+22,290","+7.54","31.4","+25,332","+8.79"
"260","9906","欣巴巴","42.3","-0.3","-0.7","26W20","05/15","6.78","-94","-0.14","6.64","-837","-1.24","6.54","+813","+1.26"
"261","8454","富邦媒","388","+35","+9.92","26W20","05/15","20.4","-555","-0.27","20.2","+1,300","+0.65","20","+1,281","+0.64"
"262","1437","勤益控","28.55","-0.6","-2.06","26W20","05/15","15.1","-460","-0.3","14.1","+1,039","+0.74","13.3","+150","+0.11"
"263","5604","中連","30.75","-0.7","-2.23","26W20","05/15","6.74","+2","0","6.3","+2","0","5.75","0","0"
"264","00937B","群益ESG投等債20+","14.85","-0.06","-0.4","26W20","05/15","962","-9,914","-0.1","916","-9,695","-0.11","882","-10,575","-0.12"
"265","5234","達興材料","389","-14.5","-3.59","26W20","05/15","6.36","+603","+0.96","5.97","-668","-1.11","5.97","+1,078","+1.84"
"266","5340","建榮","91.8","-3.3","-3.47","26W20","05/15","11.2","-1,361","-1.2","10.7","-1,438","-1.32","10.4","-1,378","-1.31"
"267","00643","群益深証中小","18.97","-0.83","-4.19","26W20","05/15","3.01","-1,315","-4.19","2.67","-637","-2.33","2.3","-513","-2.18"
"268","2385","群光","136","-7","-4.9","26W20","05/15","57.2","+2,059","+0.36","55.2","+1,409","+0.26","53.9","+1,398","+0.26"
"269","00733","富邦臺灣中小","69.75","-3.25","-4.45","26W20","05/15","1.18","-949","-7.44","1.12","+393","+3.65","1.12","+393","+3.65"
"270","1432","大魯閣","17.15","-0.05","-0.29","26W20","05/15","5.82","0","0","5.82","0","0","5.73","0","0"
"271","3028","增你強","74.7","-4","-5.08","26W20","05/15","10.4","-5,914","-5.37","10.1","-5,264","-4.94","9.85","-2,557","-2.53"
"272","5521","工信","10.2","+0.05","+0.49","26W20","05/15","28","-7,548","-2.63","26.9","-7,487","-2.7","26.5","-4,789","-1.78"
"273","5464","霖宏","63.8","-3.8","-5.62","26W20","05/15","4.73","+830","+1.78","4.59","+835","+1.85","4.13","+2,673","+6.93"
"274","3029","零壹","103.5","-4","-3.72","26W20","05/15","6.46","+1,071","+1.69","6.27","-188","-0.3","5.75","-182","-0.32"
"275","1734","杏輝","31.35","-0.1","-0.32","26W20","05/15","8.12","-9.12","-0.01","7.64","+732","+0.97","7.29","+1,502","+2.11"
"276","3050","鈺德","12.8","-0.65","-4.83","26W20","05/15","7.54","+112","+0.15","7.12","+208","+0.29","6.85","+247","+0.36"
"277","8121","越峰","38","-2.75","-6.75","26W20","05/15","12.2","+1,651","+1.37","11.8","+910","+0.78","11.3","+75","+0.07"
"278","00674R","期元大S&P黃金反1","28.67","+0.86","+3.09","26W20","05/15","0.69","+267","+4.04","0.69","+267","+4.04","0.69","+267","+4.04"
"279","9802","鈺齊-KY","77.7","-1.3","-1.65","26W20","05/15","12.2","-891","-0.73","11.7","-1,623","-1.37","11.2","-623","-0.55"
"280","00634R","富邦上証反1","3.13","+0.08","+2.62","26W20","05/15","2.45","-25.8","-0.11","2.18","-25.8","-0.12","2","-25.8","-0.13"
"281","2727","王品","241.5","-4.5","-1.83","26W20","05/15","2.26","+1,570","+7.48","2.05","+320","+1.58","1.34","+277","+2.12"
"282","8215","明基材","27.85","-1.8","-6.07","26W20","05/15","16.4","-1,513","-0.91","16.1","-1,560","-0.96","16","-727","-0.45"
"283","00943","兆豐電子高息等權","20.85","-1.24","-5.61","26W20","05/15","1.44","+1,090","+8.17","1.32","+488","+3.84","1.32","+488","+3.84"
"284","4306","炎洲","14.95","0","0","26W20","05/15","34.2","+2,017","+0.59","33","-73","-0.02","32.1","+17","+0.01"
"285","3023","信邦","322.5","-6.5","-1.98","26W20","05/15","14.8","-2,556","-1.7","13.6","-2,448","-1.76","12.5","-2,486","-1.95"
"286","5011","久陽","17.6","-1.1","-5.88","26W20","05/15","4.11","+257","+0.63","3.54","+1,700","+5.05","2.98","0","0"
"287","009806","台新標普500","13","-0.23","-1.74","26W20","05/15","0.82","+133","+1.64","0.76","+133","+1.77","0.76","+133","+1.77"
"288","8131","福懋科","63.8","-5.1","-7.4","26W20","05/15","31.2","-1,503","-0.48","30.7","-1,497","-0.49","30.7","-573","-0.19"
"289","4763","材料*-KY","42.35","-1.2","-2.76","26W20","05/15","57.2","-1,786","-0.31","56.2","+1,264","+0.23","55.3","+1,517","+0.28"
"290","1303","南亞","97.5","-7","-6.7","26W20","05/15","659","-41,968","-0.63","653","-41,548","-0.63","648","-41,488","-0.64"
"291","3576","聯合再生","15.7","-1.45","-8.45","26W20","05/15","55.6","-13,893","-2.44","53.9","-13,089","-2.37","52.1","-12,974","-2.43"
"292","1319","東陽","97.8","-0.1","-0.1","26W20","05/15","47.8","+1,066","+0.22","47.2","+2,512","+0.54","47","+2,512","+0.54"
"293","00951","台新日本半導體","16.68","-1.34","-7.44","26W20","05/15","7.16","-2,272","-3.07","6.83","-2,235","-3.17","6.36","-3,976","-5.88"
"294","00857B","永豐20年美公債","23.13","-0.08","-0.34","26W20","05/15","28.5","-11,763","-3.97","27.9","-10,288","-3.56","27.1","-11,935","-4.21"
"295","2834","臺企銀","16.45","-0.45","-2.66","26W20","05/15","561","-45,231","-0.8","544","-43,238","-0.79","533","-42,233","-0.79"
"296","2014","中鴻","17.65","-1.1","-5.87","26W20","05/15","68.1","-876","-0.13","66.9","-3,679","-0.55","66.2","+1,856","+0.28"
"297","3167","大量","865","-85","-8.95","26W20","05/15","5.1","-449","-0.87","4.66","-468","-0.99","4.21","-358","-0.84"
"298","2392","正崴","39.2","-1.5","-3.69","26W20","05/15","23","-4,624","-1.97","22.1","-4,594","-2.04","21.7","-3,889","-1.76"
"299","00898","國泰基因免疫革命","8.23","-0.18","-2.14","26W20","05/15","1.71","-1,104","-6.07","1.57","-1,104","-6.58","0.99","-3,020","-23.3"
"300","3372","典範","19.7","-1.5","-7.08","26W20","05/15","7.89","+400","+0.51","7.83","+400","+0.51","7.75","+400","+0.52"
