排名,代號,名稱,成交,漲跌 價,漲跌 幅,更新 日期,當日 增減 (%),2日 增減 (%),3日 增減 (%),5日 增減 (%),10日 增減 (%),1個月 增減 (%),3個月 增減 (%),半年 增減 (%),1年 增減 (%),今年 增減 (%)
1,6160,欣技,16.55,-0.05,-0.3,06/23,,,-100.0,-100.0,-100.0,-100.0,-100.0,-100.0,-100.0,-100.0
2,00685L,群益臺灣加權正2,318.55,-11.0,-3.34,06/23,-57.3,-89.7,-91.2,-95.6,-95.8,-93.8,-94.7,-93.5,-90.5,-93.7
3,00852L,國泰美國道瓊正2,33.65,0.07,0.21,06/23,0.0,0.0,-92.2,-92.4,-92.4,-92.6,-92.6,-92.6,-94.0,-92.6
4,00939,統一台灣高息動能,21.82,-0.14,-0.64,06/23,-21.9,-35.0,-56.1,-65.6,-74.4,-78.8,223.0,44.2,163.0,43.8
5,00981A,主動統一台股增長,31.6,-0.63,-1.95,06/23,-0.55,-4.44,-18.6,-64.2,-68.6,-64.2,-33.8,85.3,18179.0,171.0
6,4523,永彰,29.9,-0.35,-1.16,06/23,-27.6,-47.6,-50.7,-61.9,-61.6,-60.5,-54.7,-26.5,-44.7,-31.2
7,00946,群益科技高息成長,15.46,-0.39,-2.46,06/23,-33.1,-60.5,-60.5,-60.5,-60.5,-57.1,24.5,-82.6,-77.9,-83.5
8,5016,松和,25.05,0.2,0.8,06/23,0.0,0.0,0.0,-58.6,-61.3,-56.4,,,243.0,
9,2397,友通,59.5,-2.1,-3.41,06/23,-58.4,-58.4,-58.5,-58.4,-63.9,-63.9,-78.3,-84.5,-30.8,-84.2
10,8070,長華*,58.6,1.7,2.99,06/23,-34.5,-49.1,-58.8,-58.1,-60.6,-63.3,-58.7,-82.4,-79.5,-81.5
11,00916,國泰全球品牌50,24.85,-0.52,-2.05,06/23,0.0,0.0,-56.0,-56.4,-50.8,589.0,377.0,220.0,-10.9,220.0
12,8032,光菱,46.1,-0.55,-1.18,06/23,-9.59,-14.8,-50.9,-54.0,-55.4,-51.5,-53.5,-63.2,-52.2,-63.0
13,6569,醫揚,112.5,0.0,0.0,06/23,-3.05,-5.92,-8.63,-52.8,-50.2,-48.6,-46.9,-54.1,-29.4,-54.1
14,5291,邑昇,62.7,-1.9,-2.94,06/23,7.39,7.39,-8.7,-50.7,-75.8,-72.2,-27.3,162.0,48.8,159.0
15,00890B,凱基ESGBBB債15+,32.53,-0.02,-0.06,06/23,0.0,0.0,0.0,-50.4,-50.4,-50.4,-50.4,-10.5,-59.9,-10.5
16,2327,國巨*,1020.0,-45.0,-4.23,06/23,-2.79,-10.3,-11.2,-50.0,-49.7,-55.9,-16.5,-53.8,-38.8,-66.7
17,00923,群益台ESG低碳50,44.15,-0.48,-1.08,06/23,-43.6,-43.6,-49.5,-49.5,-49.8,-76.2,-66.7,51.3,-83.4,51.3
18,00768B,復華20年美債,50.35,-0.25,-0.49,06/23,0.0,0.0,-47.7,-47.7,-47.7,-47.7,-47.7,-87.0,-74.5,-87.0
19,6922,宸曜,180.0,-5.5,-2.96,06/23,-46.0,-46.0,-46.0,-47.0,-48.5,-47.7,-44.0,-32.5,10.3,-42.5
20,3607,谷崧,16.6,-0.35,-2.06,06/23,-38.4,-39.1,-39.1,-46.0,-47.8,-46.7,-45.8,-44.9,-68.6,-46.5
21,00992A,主動群益科技創新,18.95,-0.47,-2.42,06/23,-0.76,-11.0,-35.1,-45.7,-52.6,-14.1,165.0,,,3356.0
22,8440,綠電,21.8,-0.25,-1.13,06/23,0.0,0.0,-4.71,-45.6,-45.8,-56.5,-58.9,-63.5,-52.7,-60.2
23,2867,三商壽,8.72,0.03,0.35,06/23,-0.35,-0.33,-0.33,-45.2,-56.6,-56.0,848.0,,,
24,3530,晶相光,73.6,0.2,0.27,06/23,-42.7,-43.9,-42.3,-45.0,-49.7,-49.0,-57.1,-56.9,-41.0,-60.5
25,5515,建國,41.8,-0.2,-0.48,06/23,-0.81,-0.81,0.14,-44.1,-50.6,-50.2,-46.2,-36.3,-27.0,-36.7
26,3094,聯傑,41.15,-0.65,-1.56,06/23,-6.85,-28.7,-36.6,-43.9,-44.6,-51.6,-21.0,4.98,82.9,10.1
27,1817,凱撒衛,40.45,0.0,0.0,06/23,-41.3,-41.3,-43.1,-43.1,-55.8,-54.1,-39.3,-44.2,-66.8,-43.7
28,2360,致茂,2265.0,-45.0,-1.95,06/23,-7.75,-22.7,-37.1,-42.0,-42.8,-23.2,-34.1,-71.1,-58.5,-59.1
29,4952,凌通,58.0,-2.5,-4.13,06/23,-28.3,-32.9,-32.5,-41.8,-31.0,-37.4,-40.5,70.0,-5.61,70.0
30,2408,南亞科,454.5,-50.5,-10.0,06/23,-13.7,-27.4,-37.2,-41.1,-34.1,-55.6,-42.9,-38.4,-55.5,-23.3
31,2606,裕民,61.7,-0.3,-0.48,06/23,-21.3,-28.5,-40.1,-40.8,-33.4,-32.4,-33.1,-46.2,-65.5,-52.1
32,00935,野村臺灣新科技50,63.2,-1.0,-1.56,06/23,-31.3,-32.5,-39.8,-39.8,-48.8,-50.8,-24.8,12.1,-1.86,18.9
33,9934,成霖,10.2,-0.15,-1.45,06/23,-1.42,-2.08,-4.15,-39.7,-45.4,-49.5,-41.3,-57.6,-74.3,-57.7
34,1725,元禎,37.05,-4.1,-9.96,06/23,-18.5,-34.4,-34.4,-39.3,-44.4,-51.8,-19.0,6.62,-3.33,4.32
35,6465,威潤,68.5,-2.0,-2.84,06/23,0.0,-1.56,-1.56,-38.8,-49.2,-74.4,,,,
36,8039,台虹,145.5,-7.5,-4.9,06/23,-8.44,-12.7,-15.6,-38.4,-29.5,-25.5,-14.6,-29.5,-36.8,-26.1
37,009802,富邦旗艦50,19.92,-0.24,-1.19,06/23,0.0,0.0,0.0,-38.3,-64.9,-44.2,6.03,6.03,-77.0,6.03
38,8131,福懋科,74.8,-4.0,-5.08,06/23,2.8,-4.39,-5.31,-38.1,-45.7,-71.3,-65.8,-51.9,58.8,-58.8
39,3189,景碩,727.0,-69.0,-8.67,06/23,-10.3,-24.7,-33.4,-37.9,-33.4,-58.0,-86.8,-57.3,-69.2,-56.6
40,1904,正隆,21.7,-0.85,-3.77,06/23,0.0,-4.76,-31.4,-37.0,-37.9,-38.7,-50.2,-42.0,-69.9,-43.5
41,2337,旺宏,172.0,-13.5,-7.28,06/23,-12.3,-26.1,-34.8,-35.9,-26.6,-42.9,-32.1,-85.4,-85.3,-86.1
42,3356,奇偶,60.3,-1.2,-1.95,06/23,-7.68,-19.0,-22.5,-35.8,-16.9,12.2,-14.3,-46.5,-75.2,-45.5
43,00864B,中信美國公債0-1,46.0,0.02,0.04,06/23,0.0,-3.64,-3.64,-35.1,-39.7,-37.0,87.3,63.5,-1.29,63.5
44,00987B,野村10+澳洲公債,15.85,-0.08,-0.5,06/23,-35.1,-35.1,-35.1,-35.1,-35.1,-35.1,-0.82,,,
45,006208,富邦台50,254.35,-3.1,-1.2,06/23,-24.4,-23.0,-28.2,-34.2,-34.2,-43.2,-46.8,-41.7,-77.2,-20.3
46,00730,富邦臺灣優質高息,28.7,-0.58,-1.98,06/23,-33.9,-33.9,-33.9,-33.9,-33.9,-40.6,-40.6,-38.3,-20.5,-34.5
47,1598,岱宇,19.7,-0.15,-0.76,06/23,-9.58,-11.4,-11.5,-33.1,-34.7,-38.0,-22.8,2.46,0.12,2.58
48,4966,譜瑞-KY,661.0,-34.0,-4.89,06/23,-7.39,-13.5,-23.2,-33.0,-41.9,-51.7,-49.1,57.3,356.0,26.2
49,00956,中信日經高股息,12.16,-0.15,-1.22,06/23,0.0,-32.9,-32.9,-32.9,-32.9,-32.9,-35.1,57.0,-5.01,57.0
50,3702,大聯大,108.0,-4.5,-4.0,06/23,-2.37,-5.44,-11.8,-32.8,-31.3,-33.3,19.2,82.9,19.0,109.0
51,3374,精材,303.5,27.5,9.96,06/23,-8.99,-18.9,-21.5,-32.8,-40.0,11.2,10.6,-49.5,-51.8,-49.8
52,3071,協禧,34.0,0.4,1.19,06/23,-5.28,-30.2,-29.0,-32.0,-29.7,-42.6,-10.9,-15.7,35.8,-15.7
53,8150,南茂,106.5,-7.5,-6.58,06/23,-5.75,-27.4,-30.0,-32.0,-28.4,-50.9,-19.5,-35.7,-40.6,-49.8
54,8163,達方,42.5,-2.8,-6.18,06/23,-12.8,-11.7,-16.4,-31.9,-35.0,-46.9,-50.0,-31.9,26.2,-39.4
55,4721,美琪瑪,96.5,-4.0,-3.98,06/23,-0.82,-7.85,-19.5,-30.9,-54.6,-54.2,-30.7,-55.1,-32.1,-56.3
56,3122,笙泉,31.75,-0.1,-0.31,06/23,0.0,0.0,0.0,-30.8,-53.8,-67.3,-91.5,-97.6,-97.3,-97.6
57,1612,宏泰,37.6,-0.65,-1.7,06/23,-25.0,-27.5,-27.8,-30.7,-35.9,-27.6,-33.7,-50.3,-59.7,-51.6
58,3511,矽瑪,24.0,-0.35,-1.44,06/23,0.0,-2.37,-23.4,-30.6,-31.4,-20.4,-25.9,-34.8,26.1,-34.9
59,3042,晶技,190.5,-7.5,-3.79,06/23,-14.4,-18.5,-30.1,-30.5,26.7,38.9,16.5,-54.4,-64.2,-52.3
60,6776,展碁國際,58.3,-0.8,-1.35,06/23,-22.5,-22.3,-19.0,-30.4,-31.3,-46.0,-53.6,-41.6,154.0,-37.5
61,3669,圓展,35.0,-0.85,-2.37,06/23,-24.8,-24.8,-25.0,-30.3,-32.8,-33.0,-5.04,95.6,12.3,118.0
62,3402,漢科,139.5,-2.5,-1.76,06/23,-4.35,-15.4,-16.5,-30.2,-30.5,-35.6,21.7,39.0,99.9,39.1
63,5351,鈺創,91.0,-8.8,-8.82,06/23,-7.01,-11.5,-25.1,-30.0,-31.4,-38.4,-22.1,-62.9,-62.4,-65.4
64,2489,瑞軒,47.35,-3.35,-6.61,06/23,-2.49,-12.7,-22.1,-29.8,-34.1,-31.9,131.0,596.0,400.0,648.0
65,4550,長佳,24.25,-0.25,-1.02,06/23,0.0,0.0,0.0,-29.7,-29.7,-29.7,-29.7,-29.7,-46.9,-29.7
66,2316,楠梓電,217.5,-8.5,-3.76,06/23,0.27,-8.45,-19.2,-29.7,-38.9,-29.8,15.4,36.6,83.1,31.9
67,00937B,群益ESG投等債20+,14.89,-0.05,-0.33,06/23,0.01,0.01,0.03,-29.5,-32.9,-52.0,-62.8,-67.0,-78.9,-66.6
68,2428,興勤,301.5,-9.5,-3.05,06/23,0.34,-17.3,-28.5,-29.0,-34.4,-34.3,-67.8,-80.4,36.3,-79.9
69,3311,閎暉,39.35,-0.9,-2.24,06/23,-26.4,-27.4,-26.2,-28.6,-29.5,-31.5,-49.2,-65.4,164.0,-65.5
70,1472,三洋實業,89.0,0.4,0.45,06/23,-15.2,-27.4,-27.4,-28.4,-27.4,-28.5,-23.5,-26.6,-56.2,-28.5
71,5230,雷笛克光學,20.5,-1.0,-4.65,06/23,-3.67,-3.67,-4.84,-28.3,-27.4,-31.4,-25.8,-60.9,-76.8,-60.9
72,00670L,富邦NASDAQ正2,211.4,-6.6,-3.03,06/23,0.0,0.0,0.37,-28.2,-27.9,-25.0,-31.2,37.8,342.0,36.0
73,009803,玉山市值動能50,22.42,-0.3,-1.32,06/23,0.0,0.0,0.0,-27.9,21.9,48.9,44.8,-20.4,25.3,-20.4
74,2059,川湖,7475.0,-75.0,-0.99,06/23,-4.44,-12.7,-17.7,-27.6,-3.45,-23.8,-53.2,-75.4,-55.4,-74.1
75,1301,台塑,49.55,-2.85,-5.44,06/23,-18.1,-26.1,-24.6,-27.6,-9.0,-1.93,-50.3,-47.1,-54.7,-50.3
76,2478,大毅,223.5,-12.0,-5.1,06/23,-0.95,-16.3,-14.8,-27.6,70.0,58.7,-11.9,-42.4,421.0,-42.8
77,8096,擎亞,150.5,-7.0,-4.44,06/23,-12.6,-17.0,-24.2,-27.5,-27.0,-32.2,-45.1,-71.7,-65.2,-72.0
78,2462,良得電,25.45,-0.05,-0.2,06/23,-20.0,-19.6,-20.1,-27.5,-30.0,-35.1,12.4,29.0,16.1,29.0
79,4541,晟田,48.5,-2.5,-4.9,06/23,-7.81,-4.35,-4.35,-27.4,-32.8,-34.1,-40.7,-68.0,-16.9,-66.8
80,6757,台灣虎航,61.3,2.4,4.07,06/23,-15.5,-17.4,-19.2,-27.4,-42.0,-58.7,-54.3,-57.1,-4.31,-49.7
81,00851,台新全球AI,74.35,0.15,0.2,06/23,-27.3,-27.3,-27.3,-27.3,-27.3,-27.3,-27.3,-62.8,-80.5,-62.8
82,1735,日勝化,22.55,-0.65,-2.8,06/23,-0.91,-13.7,-19.2,-27.2,-32.0,-39.8,-35.7,301.0,341.0,217.0
83,1584,精剛,19.35,-0.2,-1.02,06/23,-1.16,-6.34,-17.5,-27.1,-31.0,-37.0,-54.2,-73.5,-71.5,-73.4
84,2401,凌陽,32.8,-1.2,-3.53,06/23,0.84,-4.99,-11.1,-27.1,-26.7,-9.78,-42.1,-55.0,-0.27,-53.7
85,8917,欣泰,51.9,-0.8,-1.52,06/23,-2.97,-15.5,-15.5,-26.8,-28.4,-28.4,-2.97,388.0,157.0,388.0
86,00668,國泰美國道瓊,59.6,0.3,0.51,06/23,0.0,0.0,-26.7,-26.7,-26.7,-26.7,-27.6,-28.4,-72.5,-28.4
87,6903,巨漢,381.0,-1.0,-0.26,06/23,-6.91,-10.2,-16.2,-26.5,-42.2,-54.1,-13.1,-3.83,-10.7,-11.1
88,8341,日友,79.3,0.0,0.0,06/23,-15.8,-16.2,-26.9,-26.4,-32.2,-41.1,-53.4,87.0,29.1,82.2
89,2230,泰茂,26.2,-0.4,-1.5,06/23,-8.06,-7.51,-7.9,-26.4,-26.3,-21.7,-45.2,-59.1,-54.5,-59.4
90,00830,國泰費城半導體,99.3,-1.3,-1.29,06/23,-6.9,-12.9,-13.7,-26.2,-15.7,-3.13,-11.0,215.0,102.0,135.0
91,00896,中信綠能及電動車,28.11,-0.44,-1.54,06/23,0.0,0.0,-23.4,-26.1,-4.54,93.3,42.4,68.8,29.4,68.8
92,2610,華航,22.3,0.5,2.29,06/23,-1.67,-8.66,-10.6,-25.9,-32.9,-84.2,-85.0,-83.1,-78.1,-78.9
93,2383,台光電,5700.0,-125.0,-2.15,06/23,-9.78,-10.2,-15.6,-25.9,-7.19,-30.8,-63.9,-72.9,-94.2,-72.3
94,3060,銘異,39.45,-2.2,-5.28,06/23,-4.21,-9.16,-9.12,-25.8,-33.2,-51.6,-53.0,-66.6,-27.5,-65.3
95,4744,皇將,26.85,-0.75,-2.72,06/23,-9.61,-17.3,-19.4,-25.8,-25.6,-20.7,41.4,53.1,208.0,52.7
96,4991,環宇-KY,536.0,-28.0,-4.96,06/23,-13.7,-18.6,-23.9,-25.8,-55.0,-2.73,-31.0,-64.1,-86.6,-32.0
97,3413,京鼎,312.0,-9.0,-2.8,06/23,-5.17,-4.73,-4.39,-25.7,-24.4,-25.0,-34.0,5.93,273.0,-10.8
98,3438,類比科,75.4,-3.1,-3.95,06/23,-1.64,-18.6,-22.5,-25.5,-25.9,4.65,-5.59,30.8,42.9,-0.74
99,1526,日馳,14.4,-0.2,-1.37,06/23,0.0,-0.81,-1.02,-25.3,-24.6,-17.5,-9.14,69.7,147.0,70.9
100,6005,群益證,39.75,-0.05,-0.13,06/23,-7.91,-9.36,-24.0,-25.0,-37.3,-59.3,26.5,30.9,-66.3,7.24
101,2069,運錩,18.95,-0.1,-0.52,06/23,0.0,0.68,0.9,-24.9,-31.6,-53.0,-48.6,-1.54,2.53,-1.54
102,6715,嘉基,569.0,51.0,9.85,06/23,-3.67,-6.25,-6.25,-24.8,-27.2,-27.9,75.9,36.3,-25.3,32.9
103,8358,金居,657.0,-34.0,-4.92,06/23,-24.7,-22.4,-22.4,-24.6,-28.7,-34.5,-67.5,-57.3,-68.5,-56.2
104,6642,富致,87.6,-3.0,-3.31,06/23,-6.04,-17.5,-17.5,-23.8,-24.7,10.5,99.1,43.7,183.0,41.3
105,1410,南染,24.65,-0.05,-0.2,06/23,-2.88,-15.8,-15.8,-23.5,-22.9,-21.1,48.5,90.6,50.7,90.6
106,5706,鳳凰,52.8,-1.3,-2.4,06/23,2.33,1.5,-20.4,-23.3,-34.1,-34.0,-2.86,-40.0,-50.2,-36.6
107,6166,凌華,156.5,-1.5,-0.95,06/23,-12.1,-19.9,-23.0,-23.2,-5.77,8.8,-22.9,-25.0,-30.2,-24.7
108,6741,91APP*-KY,62.5,-1.9,-2.95,06/23,2.07,-2.6,-2.6,-22.8,-27.5,-9.92,5.41,32.1,24.5,43.2
109,5490,同亨,28.2,-0.4,-1.4,06/23,-20.9,-21.5,-21.5,-22.7,-23.7,-40.1,-34.4,-52.6,-40.3,-52.9
110,6982,大井泵浦,58.6,-0.4,-0.68,06/23,0.0,0.67,0.67,-22.7,-25.7,-37.8,-36.7,-40.9,782.0,-41.6
111,8042,金山電,177.5,-13.0,-6.82,06/23,-8.99,-8.99,-21.6,-21.9,-33.1,-20.5,-75.1,-85.6,-58.5,-85.9
112,4588,玖鼎電力,59.8,-0.7,-1.16,06/23,-22.2,-22.2,-22.5,-21.9,-16.6,-2.21,8.33,1.38,-4.33,1.38
113,2637,慧洋-KY,76.8,-0.3,-0.39,06/23,-8.76,-15.3,-17.3,-21.6,-58.3,-76.9,-78.6,-92.4,-95.9,-89.2
114,6657,華安,35.25,-1.0,-2.76,06/23,-0.24,-7.26,-7.26,-21.5,-33.0,-43.6,-28.7,131.0,171.0,113.0
115,2303,聯電,170.0,10.0,6.25,06/23,-7.27,-7.93,-6.6,-21.4,-33.7,-67.8,-64.1,-70.4,-83.1,-67.5
116,2618,長榮航,42.95,1.3,3.12,06/23,-1.61,-14.6,-17.4,-21.4,-26.0,2.18,76.9,21.0,73.3,27.6
117,00927,群益半導體收益,42.7,-0.83,-1.91,06/23,-14.0,-21.1,-21.1,-21.1,-5.04,28.4,6.0,82.0,-2.08,82.0
118,2340,台亞,43.55,0.75,1.75,06/23,-9.01,-12.8,-17.7,-21.1,-20.2,-9.84,6.3,-24.9,10.3,-25.4
119,3028,增你強,78.9,-3.6,-4.36,06/23,5.9,-3.74,-4.36,-21.0,-18.5,-17.9,-34.8,-2.75,240.0,-4.11
120,3533,嘉澤,2235.0,-80.0,-3.46,06/23,-0.68,-2.35,-9.05,-20.7,-45.8,-48.0,-77.7,-72.9,-14.8,-72.0
121,2008,高興昌,30.9,0.1,0.32,06/23,-20.6,-20.6,-20.6,-20.6,-20.6,-19.2,68.8,45.2,-15.6,45.2
122,6274,台燿,1735.0,-165.0,-8.68,06/23,1.06,-1.81,-3.11,-20.5,-23.2,-28.6,-75.1,-89.8,-82.6,-90.6
123,3684,榮昌,57.4,0.4,0.7,06/23,0.0,0.0,0.0,-20.5,-20.5,-59.9,-52.7,271.0,,197.0
124,3611,鼎翰,194.5,-1.0,-0.51,06/23,-2.29,-2.29,-12.3,-20.5,-18.2,-20.5,34.6,26.1,-43.5,26.1
125,3213,茂訊,129.0,-3.5,-2.64,06/23,-1.67,-3.45,-5.77,-20.4,-26.3,-53.7,-57.3,-69.1,-71.3,-67.6
126,6174,安碁,48.95,-2.05,-4.02,06/23,-11.7,-10.9,-9.79,-20.3,-31.8,-20.6,46.2,60.6,0.0,60.6
127,6195,詩肯,26.9,-0.3,-1.1,06/23,0.0,0.0,0.0,-20.3,-32.1,-32.1,-25.7,-8.33,-12.7,-8.33
128,2546,根基,93.0,-0.4,-0.43,06/23,0.0,-0.43,-5.95,-20.1,-17.3,-14.9,54.7,174.0,4.57,174.0
129,1455,集盛,9.4,-0.36,-3.69,06/23,-1.62,-3.19,-16.9,-20.0,-19.9,-20.4,-6.19,24.8,1.7,23.8
130,4754,國碳科,36.65,-0.3,-0.81,06/23,0.0,-20.0,-20.0,-20.0,-15.2,-6.67,-9.68,-6.67,-40.4,-6.67
131,8482,商億-KY,49.4,1.05,2.17,06/23,-20.0,-20.0,-20.0,-20.0,-23.1,-23.1,-23.1,-55.6,-85.0,-55.6
132,1402,遠東新,28.65,-0.15,-0.52,06/23,-8.81,-8.83,-10.8,-19.8,17.6,-83.0,-51.8,93.8,327.0,79.7
133,6414,樺漢,377.5,-3.5,-0.92,06/23,-11.3,-12.7,-20.8,-19.8,16.2,31.1,13.5,15.7,82.4,1.42
134,6925,意藍,62.6,-0.8,-1.26,06/23,0.0,-16.9,-16.9,-19.7,-33.8,-3.92,4.26,53.1,,6.52
135,1802,台玻,69.9,-6.7,-8.75,06/23,-5.34,-14.0,-15.3,-19.7,-7.17,-17.4,18.5,-3.9,19.3,-9.67
136,1446,宏和,16.7,0.15,0.91,06/23,0.5,-9.01,-8.87,-19.6,-19.5,-19.3,-18.9,-41.1,-49.8,-40.9
137,8463,潤泰材,21.35,-0.1,-0.47,06/23,5.99,-1.67,-6.84,-19.5,-20.6,-17.3,14.2,41.6,47.5,41.6
138,00664R,國泰臺灣加權反1,1.61,0.05,3.21,06/23,-19.4,-20.3,-20.3,-19.3,-19.6,-18.2,-18.9,-9.14,68.3,-10.4
139,4741,泓瀚,61.4,-1.7,-2.69,06/23,-0.83,-14.7,-17.0,-19.3,-49.3,-38.4,-0.97,8.95,80.8,8.95
140,2390,云辰,12.05,-0.1,-0.82,06/23,0.0,-1.33,-1.65,-19.2,-18.3,-25.0,-17.1,-25.6,-12.8,-25.6
141,00403A,主動統一升級50,11.1,-0.28,-2.46,06/23,-5.13,-5.53,-16.6,-19.2,13.8,62.7,,,,
142,6139,亞翔,791.0,-19.0,-2.35,06/23,-0.55,-16.4,-16.5,-19.1,7.15,1.58,2.53,-10.8,-31.3,-19.1
143,5880,合庫金,24.55,0.1,0.41,06/23,2.47,-5.62,-11.0,-19.1,-27.8,-15.8,94.1,1040.0,160.0,1031.0
144,00693U,期街口S&P黃豆,20.77,-0.09,-0.43,06/23,-9.91,-9.91,-9.91,-19.1,-19.9,-20.6,-20.6,-9.69,-14.3,21.3
145,5902,德記,33.9,-0.2,-0.59,06/23,6.25,9.68,-8.11,-19.0,-20.9,-19.0,-17.1,-48.5,-26.1,-48.5
146,00735,國泰臺韓科技,116.7,-5.95,-4.85,06/23,0.0,0.0,-17.8,-19.0,-20.1,12.9,151.0,979.0,469.0,647.0
147,4532,瑞智,23.9,-0.3,-1.24,06/23,-2.89,-7.04,-7.09,-18.9,-22.1,-22.8,-21.9,-48.7,-3.64,-49.1
148,6672,騰輝電子-KY,249.0,-6.5,-2.54,06/23,-14.4,-18.5,-21.1,-18.9,-28.1,28.4,89.4,50.7,176.0,36.4
149,00891,中信關鍵半導體,38.7,-0.41,-1.05,06/23,0.0,0.0,-20.7,-18.7,-24.5,-67.1,43.7,35.1,-37.3,87.3
150,2633,台灣高鐵,25.75,-0.2,-0.77,06/23,-0.4,-7.47,-15.9,-18.7,-19.3,-77.3,-64.7,57.2,8.14,66.5
151,1570,力肯,40.6,-1.45,-3.45,06/23,0.0,0.0,0.0,-18.6,-35.9,-39.9,-33.5,-40.7,-53.6,-40.7
152,3048,益登,69.3,-3.1,-4.28,06/23,-17.0,-16.5,-18.4,-18.3,69.8,109.0,-42.2,-61.3,52.1,-58.1
153,1227,佳格,29.15,0.05,0.17,06/23,-11.2,-12.5,-12.6,-18.2,-30.9,-42.9,-26.4,-2.37,107.0,-1.25
154,2436,偉詮電,77.5,-1.1,-1.4,06/23,-11.2,-11.5,-17.4,-18.2,-18.7,-35.6,56.4,18.8,143.0,16.9
155,2906,高林,12.9,-0.05,-0.39,06/23,-4.95,-18.4,-18.4,-18.2,-18.5,-18.5,-17.7,-10.5,-28.1,-10.6
156,6196,帆宣,541.0,-21.0,-3.74,06/23,-13.5,-13.5,-14.5,-18.2,-12.6,-19.2,-3.69,-31.5,-22.3,52.1
157,6830,汎銓,560.0,-48.0,-7.89,06/23,-2.53,-2.53,-3.91,-18.1,-39.0,-19.9,8.97,-19.4,-9.06,-21.3
158,5227,立凱-KY,42.6,-0.4,-0.93,06/23,0.0,-18.1,-18.1,-18.1,-25.9,-25.9,-75.6,-39.0,0.0,-42.7
159,6859,伯特光,130.0,-5.5,-4.06,06/23,-16.4,-21.5,-19.2,-18.0,-39.0,-32.6,-18.6,-29.5,-45.9,-32.1
160,6176,瑞儀,90.0,-0.2,-0.22,06/23,-5.2,-9.37,-14.3,-18.0,-39.9,-51.8,39.9,22.6,21.5,63.8
161,1727,中華化,96.5,-5.5,-5.39,06/23,-5.24,-12.6,-16.4,-18.0,-17.0,-14.1,114.0,-22.5,80.0,-13.2
162,6449,鈺邦,382.0,-42.5,-10.0,06/23,-15.6,-14.1,-21.3,-17.9,-17.9,-44.2,-70.3,-74.1,-60.8,-74.7
163,5704,老爺知,21.3,-0.15,-0.7,06/23,0.0,0.0,-17.9,-17.9,-17.9,-6.33,21.4,110.0,39.0,95.9
164,8435,鉅邁,53.0,-0.6,-1.12,06/23,0.0,0.0,0.0,-17.9,-24.6,-23.3,-30.3,-34.3,-53.5,-34.3
165,3088,艾訊,142.0,-2.0,-1.39,06/23,-7.14,-17.0,-18.1,-17.7,16.3,7.39,66.2,8.01,4.76,11.0
166,2013,中鋼構,43.05,0.1,0.23,06/23,-4.3,-4.3,-6.2,-17.6,-17.8,-7.58,53.0,62.9,-23.9,63.6
167,3346,麗清,24.6,-0.4,-1.6,06/23,0.44,-4.82,-12.4,-17.6,-18.2,-13.6,0.79,101.0,55.0,105.0
168,9930,中聯資源,70.1,0.3,0.43,06/23,-12.7,-14.2,-14.3,-17.5,-15.7,-19.7,4.64,3.49,29.1,3.49
169,5439,高技,321.5,-14.5,-4.32,06/23,-4.08,-7.53,-17.0,-17.5,-13.6,-16.8,-38.7,-53.7,12.8,-54.2
170,00915,凱基優選高股息30,33.18,0.23,0.7,06/23,6.02,8.33,8.33,-17.4,-40.9,-37.4,-27.9,8.38,-59.1,-16.2
171,9927,泰銘,69.4,-0.4,-0.57,06/23,0.46,0.46,-0.9,-17.4,-21.5,-19.7,18.2,144.0,-54.4,141.0
172,3019,亞光,157.0,-6.0,-3.68,06/23,-0.04,-2.77,-6.53,-17.4,-19.5,-33.7,-25.1,-20.4,14.3,-17.8
173,2423,固緯,80.0,-0.2,-0.25,06/23,-18.9,-18.8,-18.9,-17.3,-22.7,-19.1,-24.0,-18.1,-50.1,-18.1
174,9944,新麗,17.9,0.2,1.13,06/23,0.0,-2.9,-2.9,-17.3,-17.3,-16.2,-18.3,42.6,-67.9,42.6
175,2801,彰銀,23.2,0.35,1.53,06/23,0.0,-18.5,-18.6,-17.1,-23.1,33.4,122.0,106.0,31.9,107.0
176,2345,智邦,2435.0,-160.0,-6.17,06/23,-12.5,-13.1,-18.5,-17.0,-15.6,-0.55,98.8,-57.8,-40.2,-54.3
177,8450,霹靂,15.65,-0.2,-1.26,06/23,0.0,0.0,0.0,-17.0,-17.0,-17.0,-74.3,-74.0,-73.5,-74.0
178,6269,台郡,83.8,-3.7,-4.23,06/23,7.81,-6.02,-9.26,-16.9,-19.9,-14.8,8.55,37.3,-46.8,40.1
179,00673R,期元大S&P原油反1,15.05,0.29,1.96,06/23,-1.3,-4.01,-9.45,-16.9,-23.2,-40.5,26.9,,372.0,
180,00920,富邦ESG綠色電力,26.88,0.0,0.0,06/23,0.0,0.0,-16.4,-16.8,-16.4,-24.8,-15.7,-28.9,-30.6,-28.9
181,4572,駐龍,144.5,0.5,0.35,06/23,-1.93,-3.1,-17.1,-16.8,-22.0,-22.6,-51.1,-61.6,-59.4,-61.1
182,2103,台橡,21.15,-0.25,-1.17,06/23,-9.16,-10.3,-12.5,-16.7,-19.4,-17.6,-14.7,59.2,31.2,50.2
183,6147,頎邦,258.0,-19.0,-6.86,06/23,1.85,-12.0,-12.2,-16.7,-19.5,-24.0,230.0,464.0,216.0,463.0
184,6202,盛群,70.9,-2.8,-3.8,06/23,10.2,-6.99,-11.7,-16.6,-9.57,-19.0,-20.7,-12.2,36.0,-16.8
185,3168,眾福科,45.35,0.25,0.55,06/23,1.0,2.02,-6.48,-16.5,-8.18,14.8,124.0,135.0,189.0,135.0
186,3711,日月光投控,662.0,-12.0,-1.78,06/23,-8.44,-12.8,-16.3,-16.4,-23.9,-33.6,52.4,76.3,-50.3,75.3
187,6579,研揚,158.5,-9.0,-5.37,06/23,-0.79,12.0,9.6,-16.3,-11.0,-32.9,-58.3,-42.3,-26.2,-44.7
188,4974,亞泰,70.7,-1.8,-2.48,06/23,4.2,2.66,-6.71,-16.3,-11.4,-34.3,-46.7,-38.0,-32.9,-39.6
189,5903,全家,188.5,-0.5,-0.26,06/23,0.0,0.0,0.0,-16.2,-18.1,-13.1,-30.3,-48.8,5.18,-44.1
190,2405,輔信,18.5,-0.4,-2.12,06/23,-0.58,-10.5,-12.6,-16.2,-22.5,-14.1,11.1,56.9,-4.84,62.8
191,6023,元大期,100.0,0.0,0.0,06/23,-9.62,-15.9,-15.9,-16.1,-16.1,-20.3,-22.8,-33.7,-62.4,-34.3
192,3357,臺慶科,315.0,-31.5,-9.09,06/23,-7.79,-17.9,-18.9,-16.0,-18.0,-4.24,-20.5,-22.7,222.0,-21.9
193,4989,榮科,94.0,0.0,0.0,06/23,-8.76,-9.62,-15.9,-15.9,-16.1,-24.9,-13.4,10.7,471.0,10.6
194,3169,亞信,114.5,1.5,1.33,06/23,-13.4,-16.1,-16.1,-15.8,-20.9,-19.1,9.08,23.9,95.2,21.7
195,00981B,第一金優選非投債,9.17,-0.01,-0.11,06/23,0.0,-7.74,-7.74,-15.8,-18.6,-19.4,62.4,65.4,1119.0,46.6
196,3570,大塚,177.0,-1.5,-0.84,06/23,-14.7,-14.7,-14.7,-15.8,-22.0,-26.4,-28.9,-51.9,56.1,-50.4
197,6923,中台,78.2,0.2,0.26,06/23,1.22,2.61,1.6,-15.5,-27.8,-35.5,-23.4,-44.6,1460.0,-41.1
198,8088,品安,68.2,-0.3,-0.44,06/23,-1.97,-3.08,-10.7,-15.5,-15.2,-20.8,6.54,-31.8,-9.81,-33.5
199,00911,兆豐洲際半導體,68.2,0.4,0.59,06/23,0.0,0.0,0.0,-15.4,-6.78,-6.78,-8.33,-15.4,-87.4,-15.4
200,1452,宏益,10.95,0.0,0.0,06/23,-1.18,-1.18,-1.18,-15.4,-13.4,-13.0,-14.5,12.4,0.0,12.4
201,3564,其陽,45.45,-1.9,-4.01,06/23,0.54,1.27,2.01,-15.3,-19.5,-16.1,-34.9,-42.3,-56.6,-41.1
202,3305,昇貿,139.0,-8.0,-5.44,06/23,-1.85,-2.32,-5.04,-15.2,-15.7,-65.8,-72.1,-77.3,-7.95,-77.2
203,4953,緯軟,128.5,-4.0,-3.02,06/23,3.82,2.06,4.41,-15.1,-37.1,-32.4,-9.18,-1.45,-26.3,-4.73
204,5353,台林,31.55,-0.75,-2.32,06/23,-8.85,-8.85,-12.5,-15.0,-4.37,17.4,29.6,48.3,-34.5,48.3
205,3605,宏致,79.0,-1.2,-1.5,06/23,-7.46,-11.1,-13.7,-15.0,-13.4,-17.5,-16.1,-9.68,68.0,-8.05
206,5312,寶島科,96.3,-1.3,-1.33,06/23,0.0,0.0,0.0,-15.0,-15.0,-12.8,-5.2,15.5,16.3,15.5
207,2404,漢唐,1260.0,-20.0,-1.56,06/23,2.29,-15.3,-15.0,-14.8,-17.9,-52.1,-23.1,19.3,138.0,58.0
208,2926,誠品生活,34.0,-0.3,-0.87,06/23,-3.33,-6.45,-12.1,-14.7,-9.38,16.0,26.1,26.1,45.0,26.1
209,0052,富邦科技,64.6,-0.65,-1.0,06/23,-10.4,-10.7,-15.6,-14.6,-19.3,-20.7,-59.2,36.2,1787.0,57.7
210,8072,陞泰,30.6,-0.65,-2.08,06/23,2.78,-14.1,-13.8,-14.6,-15.0,8.2,29.0,-6.57,-4.52,-6.57
211,2455,全新,398.0,-11.5,-2.81,06/23,-2.66,-9.46,-13.0,-14.5,-13.1,-12.0,-38.3,-11.6,-32.6,11.8
212,2492,華新科,577.0,-40.0,-6.48,06/23,-19.0,-21.7,-14.7,-14.5,-14.2,-17.4,-65.5,-87.3,-76.8,-87.3
213,3645,達邁,92.1,-4.0,-4.16,06/23,-6.13,-10.3,-10.8,-14.4,-19.5,-19.3,-26.2,-30.5,-45.2,-28.6
214,4908,前鼎,211.5,10.5,5.22,06/23,-0.73,-1.51,-13.2,-14.4,-18.9,92.8,-19.5,-20.0,32.5,-21.1
215,3011,今皓,14.1,-0.2,-1.4,06/23,0.2,-9.71,-9.36,-14.4,-14.7,-13.0,-0.68,12.8,80.8,9.88
216,6965,中傑-KY,80.4,2.6,3.34,06/23,-2.21,-4.02,-4.32,-14.4,-15.1,-28.2,-28.9,4.73,,1.97
217,00919,群益台灣精選高息,30.58,-0.22,-0.71,06/23,-3.04,-9.19,-9.18,-14.3,-6.11,21.5,-14.1,-22.9,-46.2,-12.0
218,6751,智聯服務,48.4,-0.45,-0.92,06/23,0.0,0.0,0.0,-14.3,-18.9,-18.9,-7.69,,,
219,3447,展達,38.0,-1.4,-3.55,06/23,-0.19,-2.78,-2.78,-14.2,-13.4,-13.4,-20.5,-43.2,86.5,-50.0
220,4133,亞諾法,20.45,-0.25,-1.21,06/23,0.0,0.0,0.0,-14.2,-35.5,-43.9,-39.0,-38.3,-30.1,-37.9
221,00993A,主動安聯台灣,14.29,-0.35,-2.39,06/23,0.0,0.0,0.02,-14.2,0.99,27.4,88.7,,,
222,1593,祺驊,29.8,-0.75,-2.45,06/23,0.0,0.0,-12.4,-14.2,-14.2,-38.1,-36.2,-8.64,7.64,-8.64
223,2493,揚博,265.0,-3.0,-1.12,06/23,0.24,-8.65,-9.5,-14.2,-16.6,-23.7,44.6,9.48,293.0,-16.0
224,00994A,主動第一金台股優,18.07,-0.45,-2.43,06/23,-3.7,-8.27,-14.1,-14.1,-17.6,-19.3,229.0,,,
225,6606,建德工業,24.8,-0.1,-0.4,06/23,0.0,1.67,-5.43,-14.1,-17.0,-19.7,-27.4,-33.0,-50.0,-33.3
226,3051,力特,27.2,-0.7,-2.51,06/23,-0.92,-11.1,-12.9,-14.1,-17.9,-15.2,29.6,133.0,60.6,131.0
227,2820,華票,17.7,-0.05,-0.28,06/23,-12.5,-12.0,-12.4,-14.0,-8.91,5.94,59.4,85.7,-5.58,85.7
228,8438,昶昕,101.0,8.9,9.66,06/23,-0.15,-13.8,-13.8,-13.8,-23.0,-15.7,12.8,400.0,201.0,350.0
229,3147,大綜,326.0,6.0,1.88,06/23,0.0,-10.8,-11.6,-13.8,-31.8,-43.6,-38.3,-41.5,-13.2,-41.5
230,5285,界霖,100.0,-2.5,-2.44,06/23,-13.6,-8.1,-8.1,-13.8,-28.2,-10.9,-27.8,-33.7,-5.26,-35.3
231,00893,國泰智能電動車,47.25,-0.18,-0.38,06/23,0.0,0.0,-9.88,-13.7,-13.7,-34.4,-32.5,1.79,-73.6,1.63
232,3714,富采,70.1,-2.8,-3.84,06/23,-6.26,-8.7,-10.2,-13.7,-13.9,28.5,162.0,187.0,258.0,173.0
233,3017,奇鋐,2425.0,5.0,0.21,06/23,-14.3,-16.6,-16.8,-13.6,-0.51,152.0,708.0,109.0,3.29,132.0
234,3130,一零四,223.5,0.0,0.0,06/23,1.14,-13.6,-12.7,-13.6,-20.5,-30.5,-16.0,-10.1,20.3,-10.1
235,2323,中環,11.35,-0.55,-4.62,06/23,1.49,-4.14,-6.01,-13.6,-15.2,-10.1,38.0,106.0,25.0,107.0
236,9914,美利達,72.1,-1.3,-1.77,06/23,-2.28,-11.7,-14.6,-13.5,-18.8,-25.7,-3.31,37.2,-40.0,32.5
237,2816,旺旺保,33.75,-0.05,-0.15,06/23,-1.08,-11.5,-11.5,-13.5,-16.3,-15.4,49.3,15.4,-35.3,16.9
238,8349,恒耀,40.95,0.2,0.49,06/23,-13.2,-13.1,-12.9,-13.5,-26.4,-30.3,7.33,10.6,-6.16,10.8
239,2002,中鋼,19.2,-0.3,-1.54,06/23,-12.1,-13.7,-13.4,-13.4,-6.24,11.9,43.4,21.8,75.3,19.5
240,1718,中纖,9.25,-0.53,-5.42,06/23,-1.19,-2.67,-8.53,-13.4,-18.6,-12.0,77.6,75.1,102.0,67.9
241,00650L,復華香港正2,14.49,-0.55,-3.66,06/23,1.06,1.06,-13.2,-13.2,-5.63,-3.06,-20.9,-37.6,-73.9,-37.6
242,3526,凡甲,309.0,-14.5,-4.48,06/23,-16.0,-14.7,-12.9,-13.2,-6.9,-3.32,9.3,-53.9,-14.3,-51.2
243,6220,岳豐,39.35,-0.5,-1.25,06/23,2.27,1.71,1.71,-13.1,-15.7,12.3,34.5,42.7,31.9,35.5
244,1326,台化,53.1,-3.1,-5.52,06/23,-1.3,-5.67,-9.17,-13.0,-18.4,-12.0,-64.7,-61.5,-71.4,-62.8
245,2010,春源,24.35,-0.4,-1.62,06/23,-4.32,-3.35,-7.4,-13.0,-14.2,6.06,58.1,107.0,107.0,106.0
246,3338,泰碩,74.8,-1.0,-1.32,06/23,-0.99,-2.2,-8.53,-13.0,-16.8,-7.11,2.39,34.2,108.0,40.5
247,6233,旺玖,25.45,-0.65,-2.49,06/23,0.56,0.56,-6.65,-13.0,-13.4,-12.5,-2.96,72.4,65.3,63.0
248,9911,櫻花,82.6,0.1,0.12,06/23,0.71,1.29,2.25,-12.9,-18.1,-16.2,22.9,-9.97,51.3,-12.1
249,1436,華友聯,45.35,-0.35,-0.77,06/23,2.21,-3.28,-4.75,-12.9,-9.31,-16.9,-20.3,-44.2,-34.2,-36.8
250,5483,中美晶,173.5,-7.0,-3.88,06/23,1.24,-5.75,-7.28,-12.9,-20.7,-29.7,-24.9,-44.5,-19.6,-44.6
251,2034,允強,20.55,-0.35,-1.67,06/23,-0.01,-4.5,-7.83,-12.8,-13.7,-8.58,-13.3,10.3,402.0,19.0
252,8155,博智,388.5,-19.0,-4.66,06/23,-0.27,-2.22,-4.94,-12.8,-22.4,-21.4,18.3,-3.6,-43.7,5.78
253,6592,和潤企業,65.5,-0.2,-0.3,06/23,-0.21,-11.6,-12.2,-12.7,-15.6,-19.4,-14.5,25.4,-2.18,22.3
254,8114,振樺電,207.0,-4.5,-2.13,06/23,0.11,-1.52,-8.91,-12.6,-25.5,-21.5,-3.97,25.0,175.0,22.3
255,3715,定穎投控,180.0,-14.5,-7.46,06/23,-3.09,-7.68,-11.9,-12.6,-11.3,-24.6,15.2,-3.58,72.7,4.56
256,00686R,群益臺灣加權反1,0.96,0.01,1.05,06/23,-9.98,-12.6,-12.6,-12.6,-21.2,-11.3,-20.6,-25.5,178.0,-28.8
257,2852,第一保,26.6,0.3,1.14,06/23,-13.4,-13.4,-14.9,-12.6,-7.23,-17.8,-17.1,37.0,-16.7,36.4
258,1464,得力,10.15,-0.05,-0.49,06/23,-11.9,-12.1,-12.3,-12.5,-16.4,-20.9,-1.04,15.0,9.43,14.5
259,3546,宇峻,83.9,-0.1,-0.12,06/23,0.91,-12.2,-11.1,-12.5,-37.0,-36.7,-65.5,-50.3,-59.3,-51.8
260,1722,台肥,47.6,-0.4,-0.83,06/23,-0.95,-3.71,-7.45,-12.4,-26.7,-38.2,18.0,46.7,81.3,74.1
261,00950B,凱基A級公司債,14.12,-0.04,-0.28,06/23,-0.33,-0.38,-0.38,-12.3,-12.3,-2.18,32.1,-20.2,-38.0,-22.9
262,3035,智原,233.0,3.5,1.53,06/23,-0.5,-6.23,-6.91,-12.2,-16.9,-22.3,-19.6,-25.2,127.0,-25.2
263,6126,信音,39.4,-0.75,-1.87,06/23,-8.61,-8.61,-8.61,-12.2,-4.18,-29.5,-28.7,17.0,-16.2,22.2
264,3306,鼎天,48.7,-0.65,-1.32,06/23,0.0,0.0,-8.06,-12.2,-11.0,-12.0,7.98,15.5,128.0,15.2
265,2392,正崴,39.25,-0.8,-2.0,06/23,0.15,-4.01,-11.4,-12.1,-14.4,-33.8,-36.6,-36.0,-30.0,-35.9
266,5604,中連,31.05,-0.1,-0.32,06/23,0.0,-12.0,-12.0,-12.0,-10.8,-8.33,3.12,1.54,20.0,1.54
267,2425,承啟,39.35,0.0,0.0,06/23,0.93,-3.39,-14.3,-12.0,-3.13,1.03,-24.2,-59.2,-67.7,-58.5
268,2636,台驊控股,70.0,-0.7,-0.99,06/23,0.04,-4.41,-7.43,-11.8,-15.5,-20.8,-22.5,-12.7,-15.5,-12.0
269,00881,國泰台灣科技龍頭,56.7,-0.65,-1.13,06/23,-10.3,-9.95,-10.9,-11.8,-13.7,-21.5,-23.8,33.9,33.5,24.2
270,4417,金洲,47.5,0.65,1.39,06/23,-12.3,-12.3,-12.3,-11.7,-10.6,-10.2,88.5,107.0,174.0,105.0
271,6443,元晶,37.5,-1.5,-3.85,06/23,-1.77,-7.57,-8.04,-11.7,-8.13,-11.3,-6.28,-2.45,-23.4,5.81
272,1525,江申,65.8,-0.2,-0.3,06/23,0.0,0.0,0.0,-11.7,-11.7,0.0,38.8,13.3,21.4,13.3
273,2812,台中銀,20.0,0.35,1.78,06/23,-0.68,-6.55,-9.86,-11.6,-11.2,4.78,127.0,502.0,686.0,355.0
274,1723,中碳,87.3,-2.2,-2.46,06/23,-0.11,-5.14,-8.82,-11.6,-14.7,-21.4,-42.3,-40.4,53.1,-42.0
275,1773,勝一,174.0,-4.5,-2.52,06/23,-13.7,-11.9,-12.1,-11.6,-9.05,-0.33,-33.6,-55.2,-18.8,-53.5
276,6792,詠業,67.4,-1.0,-1.46,06/23,0.62,0.62,-6.4,-11.5,-20.7,-15.7,20.1,11.8,40.0,11.8
277,7709,榮田,95.4,-4.6,-4.6,06/23,4.55,11.3,9.52,-11.5,-11.5,-65.2,138.0,,,
278,00746B,富邦A級公司債,35.71,-0.06,-0.17,06/23,-11.5,-11.5,-11.5,-11.5,-17.8,-16.9,-2.66,-10.4,-25.7,16.0
279,2891,中信金,72.4,1.9,2.7,06/23,1.41,1.17,5.78,-11.5,-16.5,-6.98,64.3,171.0,-14.0,214.0
280,2006,東和鋼鐵,69.7,0.1,0.14,06/23,-11.6,-13.1,-13.4,-11.5,-9.19,0.34,119.0,103.0,95.8,110.0
281,1558,伸興,91.2,0.0,0.0,06/23,0.26,0.52,-12.0,-11.4,-9.78,-2.27,-19.7,-19.5,-9.36,-22.0
282,5315,光聯,23.05,-0.5,-2.12,06/23,0.0,0.0,0.0,-11.4,-8.49,-3.83,17.7,49.6,15.4,52.0
283,2535,達欣工,94.9,1.1,1.17,06/23,0.77,2.88,6.21,-11.3,-13.1,-9.75,210.0,222.0,83.1,222.0
284,5452,佶優,34.2,-1.35,-3.8,06/23,-0.53,-6.27,-8.61,-11.3,-1.13,-16.2,-14.3,-4.49,-17.2,-8.71
285,4807,日成-KY,43.55,-0.4,-0.91,06/23,6.49,5.51,5.51,-11.3,-13.0,11.0,40.1,-2.24,-27.1,-2.24
286,8240,華宏,57.0,-3.7,-6.1,06/23,1.24,-1.8,-3.33,-11.3,-18.2,-20.9,21.8,40.2,147.0,44.6
287,4755,三福化,144.0,-3.0,-2.04,06/23,-8.29,-9.89,-7.52,-11.2,3.2,6.46,11.4,84.7,-12.7,79.5
288,2302,麗正,45.65,-2.0,-4.2,06/23,0.0,0.0,0.0,-11.2,-20.9,-22.2,-30.1,-44.5,17.8,-44.9
289,7556,意德士,282.0,-11.0,-3.75,06/23,2.14,2.14,-4.02,-11.2,-6.37,-10.3,218.0,91.0,254.0,89.1
290,2755,揚秦,143.0,-2.5,-1.72,06/23,-20.6,-11.2,-11.2,-11.2,-4.36,0.78,-6.74,-63.5,-31.8,-62.8
291,4739,康普,122.0,-6.0,-4.69,06/23,-3.21,-7.71,-10.5,-11.0,-8.63,-14.1,1.45,-8.1,3.52,-12.6
292,3597,映興,25.55,-0.45,-1.73,06/23,0.0,0.0,0.0,-11.0,-37.4,-37.0,-34.0,-57.1,-53.1,-57.1
293,2482,連宇,17.6,0.4,2.33,06/23,0.11,0.0,0.0,-11.0,-11.7,-10.2,-1.31,1.11,51.4,1.34
294,2369,菱生,44.55,4.05,10.0,06/23,-0.4,-4.13,-6.42,-10.9,14.5,-3.32,-4.41,-2.71,45.4,-9.16
295,4545,銘鈺,37.95,-1.4,-3.56,06/23,0.0,-3.3,-3.3,-10.9,-13.7,-11.3,-21.4,-11.0,51.9,-12.5
296,3041,揚智,31.2,0.25,0.81,06/23,10.2,5.97,18.6,-10.8,-21.4,-46.6,-45.3,-45.0,-54.6,-48.2
297,4576,大銀微系統,226.5,-9.5,-4.03,06/23,-1.82,-7.5,-10.7,-10.8,-15.1,0.37,-30.5,-59.0,-57.1,-58.0
298,2015,豐興,61.0,0.0,0.0,06/23,-0.22,-4.68,-6.7,-10.7,-14.0,-24.5,-25.9,3.81,76.5,-3.1
299,4720,德淵,23.9,-0.65,-2.65,06/23,-1.62,-6.05,-7.48,-10.7,-6.76,0.25,101.0,316.0,474.0,313.0
300,2449,京元電子,329.5,-9.5,-2.8,06/23,-8.89,-8.0,-9.61,-10.7,10.7,-43.4,17.0,79.1,124.0,175.0
