"代號","名稱","成交","漲跌價","漲跌幅","法人買賣日期","外資連續買賣日數","外資連續買賣張數","外資連續買賣佔成交(%)","外資連續買賣佔發行量(%)","投信連續買賣日數","投信連續買賣張數","投信連續買賣佔成交(%)","投信連續買賣佔發行量(%)","自營商連續買賣日數","自營商連續買賣張數","自營商連續買賣佔成交(%)","自營商連續買賣佔發行量(%)","三大法人連續買賣日數","三大法人連續買賣張數","三大法人連續買賣佔成交(%)","三大法人連續買賣佔發行量(%)"
"00740B","富邦全球投等債","38.53","-0.03","-0.08","05/12","+33","+47,909","48.7","2.32","-1","-100","-8.41","0","-32","-56,246","-57.7","-2.72","+2","+774","17.8","0.04"
"00763U","期街口道瓊銅","34.74","+0.93","+2.75","05/12","+32","+4,645","12.8","8.07","0","0","0","0","+5","+2,272","30.5","3.95","+5","+3,025","40.7","5.25"
"00717","富邦美國特別股","15.15","0","0","05/12","+25","+7,059","83.7","5.06","0","0","0","0","-1","-1","-0.26","0","+24","+7,108","85","5.09"
"2395","研華","494.5","+16","+3.34","05/12","+25","+25,049","23.9","2.9","-1","-8","-0.14","0","+2","+91","0.77","0.01","+21","+20,766","22","2.4"
"00900","富邦特選高股息30","17.25","-0.01","-0.06","05/12","+24","+150,547","32.9","8.02","0","0","0","0","+27","+189,875","39.3","10.1","+27","+347,946","72.1","18.5"
"6414","樺漢","362","+3","+0.84","05/12","+22","+15,811","38.5","11.5","-20","-1,797","-4.74","-1.31","-7","-477","-3.06","-0.35","+22","+13,328","32.4","9.69"
"00773B","中信優先金融債","35.78","-0.02","-0.06","05/12","+16","+7,275","42.5","0.28","0","0","0","0","-4","-944","-28.1","-0.04","+7","+2,056","29.2","0.08"
"00857B","永豐20年美公債","23.05","-0.05","-0.22","05/12","+16","+21,069","55","3.56","0","0","0","0","+1","+380","44.6","0.06","+21","+22,009","48.4","3.72"
"00931B","統一美債20年","13.33","-0.05","-0.37","05/12","+16","+29,684","46.4","1.34","0","0","0","0","-1","-182","-5.21","-0.01","+5","+8,982","47.9","0.41"
"00950B","凱基A級公司債","13.99","-0.02","-0.14","05/12","+16","+35,286","35.2","0.87","0","0","0","0","-19","-46,210","-41.1","-1.14","+2","+3,463","31.3","0.09"
"00958B","永豐ESG銀行債15+","9.26","+0.01","+0.11","05/12","+16","+6,924","41.7","4.61","0","0","0","0","-2","-746","-23.2","-0.5","+5","+1,827","33.7","1.22"
"00696B","富邦美債20年","28.73","-0.08","-0.28","05/12","+13","+16,970","45.8","2.48","0","0","0","0","+1","+578","57.2","0.08","+16","+6,462","12.7","0.94"
"00981D","主動中信非投等債","10.32","+0.01","+0.1","05/12","+13","+21,063","20.2","3.38","0","0","0","0","-2","-1,166","-7.03","-0.19","+15","+25,671","21.1","4.12"
"00746B","富邦A級公司債","35.31","-0.04","-0.11","05/12","+11","+11,186","72.4","0.45","0","0","0","0","-30","-23,135","-62.3","-0.94","+4","+59","1.6","0"
"00930","永豐ESG低碳高息","21.87","-0.04","-0.18","05/12","+11","+9,842","27.8","6.12","0","0","0","0","+3","+3,020","29","1.88","+25","+56,910","69.2","35.4"
"2317","鴻海","250","-2","-0.79","05/12","+11","+339,723","29.1","2.43","-1","-10,780","-13","-0.08","+1","+113","0.14","0","+11","+343,125","29.4","2.46"
"2603","長榮","214","0","0","05/12","+11","+31,610","28.8","1.46","-11","-7,762","-7.07","-0.36","+2","+71","0.39","0","+2","+2,485","13.8","0.11"
"3665","貿聯-KY","2775","-130","-4.48","05/12","+11","+5,482","16.6","2.81","-1","-201","-5.83","-0.1","-3","-167","-2.05","-0.09","+9","+3,625","13.2","1.86"
"00701","國泰股利精選30","31.45","-0.16","-0.51","05/12","+10","+2,797","22.1","1.53","0","0","0","0","-1","-96","-5.39","-0.05","+20","+11,237","43.7","6.13"
"1626","艾美特-KY","10.6","-0.25","-2.3","05/12","+10","+470","38.3","0.31","0","0","0","0","-2","-8","-4.25","-0.01","+1","+23","19.1","0.02"
"2027","大成鋼","39.7","-0.25","-0.63","05/12","+10","+105,302","39.7","4.07","-3","-6,852","-7.85","-0.27","-2","-744","-1.38","-0.03","+10","+101,754","38.4","3.94"
"5490","同亨","28.35","-0.2","-0.7","05/12","+10","+963","16.5","1","0","0","0","0","0","0","0","0","+10","+1,001","17.1","1.04"
"00939","統一台灣高息動能","18.04","-0.11","-0.61","05/12","+9","+32,841","32.3","2.49","0","0","0","0","+28","+132,854","42.3","10.1","+27","+193,994","62.9","14.7"
"6206","飛捷","140","+9.5","+7.28","05/12","+9","+5,931","20.9","4.15","-5","-38","-0.15","-0.03","+5","+199","0.8","0.14","+6","+5,838","22.5","4.08"
"6443","元晶","41.5","+0.1","+0.24","05/12","+9","+7,553","27","1.4","0","0","0","0","+7","+1,594","7.4","0.3","+9","+9,271","33.2","1.72"
"00713","元大台灣高息低波","54.8","-0.4","-0.72","05/12","+8","+14,143","9.76","0.72","0","0","0","0","+27","+252,572","58.4","12.8","+34","+293,707","61.7","14.9"
"00731","復華富時高息低波","74.4","-1","-1.33","05/12","+8","+1,153","20","4.25","0","0","0","0","-1","-5","-0.8","-0.02","+20","+2,723","18.1","10"
"00733","富邦臺灣中小","68.7","+0.4","+0.59","05/12","+8","+6,506","40.5","8.4","0","0","0","0","+1","+472","31.6","0.61","+27","+25,731","53","33.2"
"00915","凱基優選高股息30","26.56","-0.11","-0.41","05/12","+8","+32,281","29.4","4.92","0","0","0","0","+35","+143,412","46.6","21.9","+229","+956,174","60.4","146"
"00918","大華優利高填息30","25.49","+0.11","+0.43","05/12","+8","+83,352","24.1","2.53","0","0","0","0","+25","+432,420","49.7","13.1","+25","+614,882","70.7","18.7"
"009820","元大納斯達克精選","9.99","0","0","05/12","+8","+69,829","23.3","3.69","0","0","0","0","+7","+49,162","18.6","2.6","+7","+118,934","44.9","6.28"
"1597","直得","187","+5","+2.75","05/12","+8","+3,335","10","3.74","-1","-6","-0.35","-0.01","+2","+109","2.91","0.12","+8","+3,242","9.77","3.63"
"2376","技嘉","321","-3.5","-1.08","05/12","+8","+17,444","14.5","2.6","+1","+43","0.35","0.01","-2","-243","-0.73","-0.04","+8","+18,008","15","2.69"
"2606","裕民","63.9","-1.4","-2.14","05/12","+8","+16,044","38.3","1.9","-9","-7,252","-16.4","-0.86","-1","-111","-1.35","-0.01","-1","-265","-3.22","-0.03"
"2887","台新新光金","23","-0.45","-1.92","05/12","+8","+257,162","31.6","1.03","-20","-546,724","-33.9","-2.2","+3","+1,450","0.42","0.01","-4","-88,278","-20.2","-0.36"
"3465","進泰電子","28.25","+0.35","+1.25","05/12","+8","+27","5.34","0.08","0","0","0","0","0","0","0","0","+8","+27","5.34","0.08"
"3481","群創","35.5","+3.2","+9.91","05/12","+8","+615,394","13.7","7.7","-2","-107","-0.01","0","+7","+61,755","1.41","0.77","+8","+679,311","15.1","8.5"
"6227","茂綸","103","0","0","05/12","+8","+1,054","12.9","1.38","0","0","0","0","+1","+5","0.38","0.01","+8","+1,083","13.3","1.42"
"8390","金益鼎","110.5","+7","+6.76","05/12","+8","+3,608","29.6","3.75","0","0","0","0","+6","+384","3.37","0.4","+8","+3,988","32.7","4.15"
"00737","國泰AI機器人","37.22","-0.16","-0.43","05/12","+7","+1,298","46.1","5.63","0","0","0","0","+1","+14","4.6","0.06","+7","+1,195","42.4","5.19"
"00772B","中信高評級公司債","33.57","-0.04","-0.12","05/12","+7","+8,996","43.4","0.26","0","0","0","0","-4","-1,885","-17.3","-0.05","+7","+8,076","39","0.23"
"00890B","凱基ESGBBB債15+","32.22","+0.02","+0.06","05/12","+7","+38","1.74","0.2","0","0","0","0","0","0","0","0","+5","+36","2.32","0.19"
"00909","國泰數位支付服務","48.68","+0.79","+1.65","05/12","+7","+13,440","35.4","8.66","0","0","0","0","+8","+10,718","26.6","6.91","+16","+54,156","57.8","34.9"
"00919","群益台灣精選高息","25.73","-0.02","-0.08","05/12","+7","+300,284","20.6","1.65","0","0","0","0","+19","+1,101,836","35.8","6.06","+19","+1,586,823","51.6","8.73"
"00943","兆豐電子高息等權","19.47","+0.14","+0.72","05/12","+7","+1,566","66.7","3.65","0","0","0","0","+1","+1","0.22","0","+12","+1,648","38.7","3.84"
"00970B","新光BBB投等債20+","9.34","-0.01","-0.11","05/12","+7","+7,901","48.5","1.92","0","0","0","0","+1","+2","0.18","0","+5","+7,709","60.3","1.87"
"009811","統一美國50","12.71","-0.02","-0.16","05/12","+7","+4,579","21","1.51","0","0","0","0","+1","+963","37.7","0.32","+1","+1,148","44.9","0.38"
"00984B","大華優利美A債15","16.26","-0.02","-0.12","05/12","+7","+14,397","59.2","7.98","0","0","0","0","-4","-4,640","-37.3","-2.57","+7","+11,839","48.7","6.56"
"1341","富林-KY","60.9","-0.5","-0.81","05/12","+7","+16","17.1","0.03","0","0","0","0","0","0","0","0","+7","+16","17.1","0.03"
"1463","強盛新","18.1","-0.15","-0.82","05/12","+7","+91","19.8","0.05","0","0","0","0","-1","0","-0.53","0","+7","+91","19.7","0.05"
"1809","中釉","40.4","+0.8","+2.02","05/12","+7","+6,432","4.3","3.85","0","0","0","0","-1","-22","-0.06","-0.01","+7","+6,611","4.42","3.96"
"2015","豐興","63.9","-0.4","-0.62","05/12","+7","+1,379","52.6","0.24","-1","-18","-6.42","0","-6","-73","-3.1","-0.01","+7","+1,167","44.5","0.2"
"2712","遠雄來","16.6","-0.4","-2.35","05/12","+7","+27","27.1","0.03","0","0","0","0","-1","-2","-14.3","0","-1","-1","-7.14","0"
"3031","佰鴻","29.85","-0.15","-0.5","05/12","+7","+2,217","12.2","1.28","-1","-6","-0.32","0","-1","-2","-0.13","0","+7","+2,142","11.8","1.24"
"3227","原相","228.5","-3","-1.3","05/12","+7","+4,099","20.3","2.72","+1","+1","0.03","0","-1","-92","-3.71","-0.06","+8","+4,039","18.8","2.68"
"3266","昇陽","13.2","-0.35","-2.58","05/12","+7","+102","15.2","0.03","0","0","0","0","0","0","0","0","+1","+4","2.22","0"
"6968","萬達寵物","43.5","-0.8","-1.81","05/12","+7","+84","13.6","0.17","0","0","0","0","-1","0","-0.03","0","+7","+84","13.6","0.17"
"6996","力領科技","189","+6","+3.28","05/12","+7","+314","22.6","0.75","0","0","0","0","-3","-21","-3.63","-0.05","+7","+338","24.4","0.81"
"8341","日友","76.2","+0.1","+0.13","05/12","+7","+292","14.1","0.22","0","0","0","0","-2","-6","-1.42","0","+3","+141","19.5","0.11"
"9908","大台北","29.3","-0.05","-0.17","05/12","+7","+301","9.95","0.06","0","0","0","0","-1","-13","-2.32","0","+7","+280","9.26","0.05"
"00694B","富邦美債1-3","41.36","+0.06","+0.15","05/12","+6","+1,265","40","0.73","0","0","0","0","+1","+7","9.92","0","+1","+10","14.4","0.01"
"00764B","群益25年美債","27.66","-0.08","-0.29","05/12","+6","+7,341","21.5","0.46","0","0","0","0","+1","+352","15.9","0.02","+1","+398","18","0.03"
"00795B","中信美國公債20年","26.89","-0.06","-0.22","05/12","+6","+9,726","21.9","0.57","0","0","0","0","+1","+1,291","14.7","0.08","+5","+8,411","21.7","0.5"
"00971","野村美國研發龍頭","16.56","+0.03","+0.18","05/12","+6","+1,774","29.2","2.44","0","0","0","0","-1","-123","-6.11","-0.17","+28","+14,821","59.5","20.4"
"1517","利奇","10.05","-0.15","-1.47","05/12","+6","+200","14","0.09","0","0","0","0","-2","-4","-0.85","0","+6","+194","13.6","0.09"
"2028","威致","16.95","-0.1","-0.59","05/12","+6","+158","11.4","0.05","0","0","0","0","+1","+1","0.36","0","+6","+130","9.38","0.04"
"2029","盛餘","20.25","-0.25","-1.22","05/12","+6","+342","21.9","0.11","0","0","0","0","-1","-5","-1.41","0","+5","+338","24.2","0.11"
"2401","凌陽","25.95","+0.3","+1.17","05/12","+6","+10,114","21.2","1.71","+2","+18","0.11","0","-1","-144","-1.9","-0.02","+6","+9,696","20.3","1.64"
"2597","潤弘","162.5","+2.5","+1.56","05/12","+6","+959","17.5","0.31","0","0","0","0","-2","-33","-1.92","-0.01","+6","+941","17.1","0.3"
"2727","王品","235.5","+0.5","+0.21","05/12","+6","+1,336","35.8","1.61","+2","+41","5.46","0.05","+1","+2","0.48","0","+8","+1,530","36","1.84"
"2867","三商壽","7.7","-0.12","-1.53","05/12","+6","+19,357","41.3","0.33","0","0","0","0","-1","-461","-6.32","-0.01","-1","-205","-2.81","0"
"2890","永豐金","30.55","-0.05","-0.16","05/12","+6","+39,081","18.4","0.27","-2","-828","-0.94","-0.01","-3","-3,265","-2.63","-0.02","-1","-381","-0.7","0"
"2892","第一金","29.4","-0.15","-0.51","05/12","+6","+103,783","43.2","0.72","-2","-893","-1.13","-0.01","-2","-324","-0.41","0","+6","+102,569","42.7","0.71"
"2897","王道銀行","10.2","-0.05","-0.49","05/12","+6","+7,641","39.7","0.27","+2","+25","0.26","0","-2","-63","-0.66","0","+6","+7,732","40.2","0.28"
"3006","晶豪科","220","-2","-0.9","05/12","+6","+18,262","8.32","6.14","+1","+14","0.03","0","-1","-291","-0.71","-0.1","+6","+18,238","8.31","6.13"
"3045","台灣大","110","0","0","05/12","+6","+9,521","22","0.26","-11","-8,331","-9.61","-0.22","-2","-567","-4.39","-0.02","-1","-481","-8.88","-0.01"
"3122","笙泉","38.9","+0.4","+1.04","05/12","+6","+637","4.65","1.56","0","0","0","0","0","0","0","0","+6","+644","4.7","1.58"
"3152","璟德","175.5","0","0","05/12","+6","+658","9.59","0.95","0","0","0","0","-1","-14","-1.84","-0.02","+4","+584","13.5","0.85"
"3587","閎康","385.5","+35","+9.99","05/12","+6","+2,238","12.1","3.23","0","0","0","0","+1","+3","0.04","0","+7","+2,146","10","3.09"
"4137","麗豐-KY","105","-2","-1.87","05/12","+6","+298","21.5","0.36","0","0","0","0","-4","-4","-0.4","-0.01","+6","+296","21.3","0.36"
"4737","華廣","58.2","-1.2","-2.02","05/12","+6","+144","21.8","0.19","0","0","0","0","0","0","0","0","+6","+144","21.8","0.19"
"5546","永固-KY","16.2","-0.15","-0.92","05/12","+6","+24","18.1","0.03","0","0","0","0","0","0","0","0","+6","+25","18.9","0.03"
"5903","全家","189.5","0","0","05/12","+6","+34","16","0.02","0","0","0","0","0","0","0","0","+6","+34","16","0.02"
"6104","創惟","102","-1","-0.97","05/12","+6","+2,113","14.5","2.32","0","0","0","0","+4","+141","1.23","0.15","+6","+2,273","15.6","2.49"
"6285","啟碁","282","+23","+8.88","05/12","+6","+26,196","11.6","5.42","+1","+539","1.13","0.11","+2","+373","0.5","0.08","+6","+28,819","12.7","5.96"
"6649","台生材","39.3","-0.45","-1.13","05/12","+6","+33","13","0.08","0","0","0","0","0","0","0","0","+6","+33","13","0.08"
"8374","羅昇","91.2","+1.7","+1.9","05/12","+6","+659","6.43","0.59","0","0","0","0","+10","+82","0.48","0.07","+6","+700","6.84","0.62"
"8410","森田","36.55","-0.1","-0.27","05/12","+6","+16","9.78","0.04","0","0","0","0","0","0","0","0","+6","+21","12.8","0.06"
"910322","康師傅-DR","24.85","0","0","05/12","+6","+58","70.8","0.27","0","0","0","0","0","0","0","0","+6","+58","70.8","0.27"
"9944","新麗","17.1","0","0","05/12","+6","+50","5.83","0.05","0","0","0","0","0","0","0","0","+6","+47","5.48","0.04"
"00679B","元大美債20年","26.62","-0.08","-0.3","05/12","+5","+21,978","14.6","0.3","0","0","0","0","+2","+11,275","19","0.15","+7","+66,055","31.8","0.89"
"00720B","元大投資級公司債","32.74","-0.04","-0.12","05/12","+5","+25,889","57.2","0.62","0","0","0","0","+3","+2,805","11.1","0.07","+7","+40,665","61.3","0.98"
"00725B","國泰投資級公司債","34.83","-0.01","-0.03","05/12","+5","+11,224","47.1","0.3","0","0","0","0","-4","-935","-5.3","-0.02","+2","+6,200","60.8","0.16"
"00738U","期元大道瓊白銀","69.45","+4.5","+6.93","05/12","+5","+8,062","13.8","3.11","0","0","0","0","+1","+6,925","39.7","2.67","+5","+15,057","25.8","5.81"
"00853B","統一美債10年Aa-A","27.61","-0.04","-0.14","05/12","+5","+243","4.15","0.15","0","0","0","0","+1","+5","0.37","0","+16","+634","3.54","0.38"
"00859B","群益0-1年美債","40.82","+0.08","+0.2","05/12","+5","+762","5.1","3.46","0","0","0","0","+2","+42","0.72","0.19","+2","+635","10.7","2.88"
"00882","中信中國高股息","16.28","+0.13","+0.8","05/12","+5","+6,370","10.1","0.31","0","0","0","0","+16","+49,892","33.2","2.43","+16","+59,978","39.9","2.92"
"00907","永豐優息存股","14.85","-0.12","-0.8","05/12","+5","+2,251","24.7","1.21","0","0","0","0","+1","+145","9.97","0.08","+7","+6,543","52.9","3.52"
"00942B","台新美A公司債20+","14.28","-0.01","-0.07","05/12","+5","+6,916","74.3","0.34","0","0","0","0","-3","-2,683","-43.8","-0.13","+5","+5,107","54.8","0.25"
"00959B","大華投等美債15Y+","9.32","-0.01","-0.11","05/12","+5","+5,790","53.7","1.02","0","0","0","0","+7","+3,004","20.3","0.53","+5","+8,120","75.3","1.43"
"009817","國泰日本不動產","9.12","-0.08","-0.87","05/12","+5","+3,747","22.3","1.3","0","0","0","0","-1","-65","-1.77","-0.02","+7","+8,069","35.7","2.8"
"1563","巧新","44","+0.2","+0.46","05/12","+5","+1,751","31.9","0.76","0","0","0","0","+1","+2","0.26","0","+5","+1,760","32.1","0.76"
"1590","亞德客-KY","1535","-15","-0.97","05/12","+5","+811","12.8","0.41","-2","-23","-0.99","-0.01","-4","-79","-1.49","-0.04","-1","-20","-2.53","-0.01"
"2030","彰源","17.95","-0.05","-0.28","05/12","+5","+3,631","21.3","1.29","0","0","0","0","-1","-48","-0.53","-0.02","+5","+3,589","21.1","1.28"
"2301","光寶科","234.5","+10.5","+4.69","05/12","+5","+95,139","25.1","4.11","-4","-10,493","-3.64","-0.45","-1","-1,615","-1.76","-0.07","+5","+84,451","22.3","3.65"
"2302","麗正","23.65","+2.15","+10","05/12","+5","+1,654","11.3","0.99","0","0","0","0","+2","+206","2.34","0.12","+5","+1,863","12.7","1.12"
"2520","冠德","30.3","-0.3","-0.98","05/12","+5","+2,162","31","0.35","0","0","0","0","-3","-31","-0.74","-0.01","+5","+2,134","30.6","0.35"
"2852","第一保","26.2","+0.1","+0.38","05/12","+5","+254","15.2","0.08","-3","-9","-0.79","0","-3","-22","-1.92","-0.01","+5","+224","13.4","0.07"
"3026","禾伸堂","330","+0.5","+0.15","05/12","+5","+3,000","3.42","1.81","-1","-12","-0.45","-0.01","+1","+174","6.53","0.11","+7","+12,201","10.4","7.36"
"3034","聯詠","487","-9.5","-1.91","05/12","+5","+10,873","18.2","1.79","-2","-309","-1.27","-0.05","-2","-647","-2.67","-0.11","+7","+11,828","17.8","1.94"
"3321","同泰","16.9","+0.65","+4","05/12","+5","+185","9.44","0.21","0","0","0","0","0","0","0","0","+1","+86","16.8","0.1"
"3581","博磊","234","-2.5","-1.06","05/12","+5","+293","11.9","0.57","0","0","0","0","+1","+9","4","0.02","+5","+329","13.4","0.64"
"4571","鈞興-KY","194","-3.5","-1.77","05/12","+5","+806","17.2","1.52","0","0","0","0","+2","+12","0.77","0.02","+4","+876","25.3","1.65"
"5227","立凱-KY","21.05","+0.05","+0.24","05/12","+5","+116","14.8","0.17","0","0","0","0","0","0","0","0","+5","+115","14.8","0.17"
"5285","界霖","74.5","+6.7","+9.88","05/12","+5","+1,222","11.2","1.2","0","0","0","0","+2","+65","0.77","0.06","+5","+1,287","11.8","1.26"
"5609","中菲行","79.6","0","0","05/12","+5","+140","13.9","0.1","0","0","0","0","+6","+137","11.9","0.1","+5","+254","25.1","0.18"
"6491","晶碩","287.5","+2","+0.7","05/12","+5","+483","24.5","0.62","0","0","0","0","+2","+3","0.36","0","+5","+493","25.1","0.63"
"6683","雍智科技","2370","+100","+4.41","05/12","+5","+458","12.1","1.66","0","0","0","0","+4","+186","17","0.68","+5","+482","12.7","1.75"
"6703","軒郁","116","-3.5","-2.93","05/12","+5","+49","9.5","0.15","0","0","0","0","0","0","0","0","+5","+49","9.5","0.15"
"7750","新代","3070","+275","+9.84","05/12","+5","+361","13.8","0.5","+1","+3","0.55","0","-1","-6","-1.18","-0.01","+5","+343","13.1","0.48"
"8027","鈦昇","241.5","+18.5","+8.3","05/12","+5","+2,391","12.2","2.18","0","0","0","0","+4","+86","0.56","0.08","+5","+2,426","12.3","2.21"
"8487","愛爾達-創","77.6","-0.2","-0.26","05/12","+5","+7","1.41","0.03","0","0","0","0","-2","-3","-2.5","-0.01","0","0","0","0"
"006208","富邦台50","224.55","+0.1","+0.04","05/12","+4","+4,441","19.8","0.24","0","0","0","0","+2","+1,265","11.9","0.07","+4","+6,098","27.2","0.33"
"00862B","中信投資級公司債","31.63","0","0","05/12","+4","+864","49.9","0.1","0","0","0","0","+1","+19","2.89","0","+10","+491","10.2","0.06"
"00968B","元大優息投等債","9.24","0","0","05/12","+4","+4,115","32.3","0.62","0","0","0","0","+1","+664","20.9","0.1","+5","+8,758","56.3","1.33"
"1216","統一","73.1","-0.8","-1.08","05/12","+4","+25,321","29.4","0.45","-2","-1,184","-3.71","-0.02","-8","-4,575","-3.26","-0.08","+4","+22,765","26.5","0.4"
"1342","八貫","95","-0.5","-0.52","05/12","+4","+187","12.8","0.24","0","0","0","0","-1","-8","-3.71","-0.01","+4","+134","9.17","0.17"
"1464","得力","10.35","+0.3","+2.99","05/12","+4","+505","26.9","0.12","0","0","0","0","-3","-18","-1.23","0","+4","+497","26.5","0.12"
"1540","喬福","20.8","0","0","05/12","+4","+158","14.7","0.18","0","0","0","0","+1","+2","0.87","0","+1","+27","11.7","0.03"
"1735","日勝化","27.9","+0.6","+2.2","05/12","+4","+444","11","0.45","-1","-3","-0.28","0","-1","-1","-0.1","0","+4","+447","11.1","0.45"
"1773","勝一","179.5","+3.5","+1.99","05/12","+4","+570","12","0.19","0","0","0","0","+2","+36","1.16","0.01","+4","+626","13.2","0.21"
"2049","上銀","367.5","+16.5","+4.7","05/12","+4","+7,731","19.9","2.19","+2","+737","2.82","0.21","-1","-70","-0.5","-0.02","+5","+7,874","17","2.23"
"2072","世紀風電","178.5","-1","-0.56","05/12","+4","+306","15.6","0.16","0","0","0","0","0","0","0","0","+4","+335","17","0.17"
"2250","IKKA-KY","63.1","-0.8","-1.25","05/12","+4","+14","5.11","0.04","0","0","0","0","-2","-3","-1.6","-0.01","+4","+14","5.02","0.04"
"2420","新巨","58","+1.5","+2.65","05/12","+4","+353","12.2","0.23","0","0","0","0","+1","+6","0.75","0","+4","+344","11.9","0.23"
"2428","興勤","201.5","+8.5","+4.4","05/12","+4","+2,034","19.1","1.59","0","0","0","0","+1","+9","0.33","0.01","+4","+2,100","19.8","1.64"
"2455","全新","375","+15","+4.17","05/12","+4","+5,214","42.8","2.82","0","0","0","0","-3","-325","-3.66","-0.18","+6","+8,110","17.6","4.39"
"2883B","凱基金乙特","8.22","0","0","05/12","+4","+499","7.68","0.03","0","0","0","0","+1","+43","2.65","0","+4","+535","8.23","0.03"
"3060","銘異","28.55","0","0","05/12","+4","+1,666","18.1","1.21","0","0","0","0","-2","-3","-0.07","0","+4","+1,665","18.1","1.21"
"3066","李洲","18.45","0","0","05/12","+4","+257","16.7","0.31","0","0","0","0","-1","0","-0.09","0","+4","+257","16.7","0.31"
"3081","聯亞","3055","+275","+9.89","05/12","+4","+1,185","9.08","1.28","+2","+197","3.04","0.21","-1","-3","-0.06","0","+4","+910","6.98","0.98"
"3311","閎暉","33.1","+0.3","+0.91","05/12","+4","+471","33.5","0.47","0","0","0","0","-1","-3","-0.98","0","+4","+467","33.2","0.47"
"3479","安勤","96.3","-0.8","-0.82","05/12","+4","+227","11.9","0.31","0","0","0","0","0","0","0","0","+4","+226","11.9","0.31"
"3483","力致","91.7","+0.8","+0.88","05/12","+4","+452","12.3","0.46","0","0","0","0","+1","+3","0.35","0","+4","+455","12.4","0.46"
"3537","堡達","48.45","+0.3","+0.62","05/12","+4","+384","12.6","0.68","0","0","0","0","0","0","0","0","+4","+385","12.6","0.68"
"3580","友威科","102.5","+5.5","+5.67","05/12","+4","+799","6.3","2.02","0","0","0","0","-1","-1","-0.02","0","+4","+799","6.3","2.02"
"3609","三一東林","23.05","+0.25","+1.1","05/12","+4","+131","18","0.34","0","0","0","0","0","0","0","0","+4","+131","18","0.34"
"3704","合勤控","37.05","+2","+5.71","05/12","+4","+3,745","30.6","0.9","0","0","0","0","-3","-15","-0.16","0","+4","+3,740","30.5","0.9"
"4126","太醫","79.6","0","0","05/12","+4","+37","17.8","0.05","0","0","0","0","0","0","0","0","+4","+37","17.8","0.05"
"4207","環泰","18.7","+0.2","+1.08","05/12","+4","+232","29.2","0.12","0","0","0","0","0","0","0","0","+4","+232","29.2","0.12"
"4513","福裕","14.9","+0.15","+1.02","05/12","+4","+233","17.1","0.2","0","0","0","0","-1","0","-0.03","0","+4","+233","17.1","0.2"
"4764","雙鍵","324.5","+3.5","+1.09","05/12","+4","+204","9.14","0.24","0","0","0","0","+1","+6","1.83","0.01","+4","+192","8.63","0.22"
"4908","前鼎","237","+9.5","+4.18","05/12","+4","+176","6.09","0.22","0","0","0","0","-1","-28","-5.02","-0.04","-1","-2","-0.36","0"
"4951","精拓科","132","+10.5","+8.64","05/12","+4","+165","4.47","0.48","0","0","0","0","0","0","0","0","+4","+166","4.5","0.49"
"5388","中磊","88.2","+0.9","+1.03","05/12","+4","+13,624","29.1","4.53","-2","-236","-1.38","-0.08","-1","-118","-1.57","-0.04","+4","+13,926","29.8","4.64"
"5493","三聯","90.4","+3.8","+4.39","05/12","+4","+220","19.2","0.5","0","0","0","0","+1","+1","0.16","0","+4","+221","19.3","0.51"
"6187","萬潤","1220","+110","+9.91","05/12","+4","+1,833","12.4","1.88","+1","+4","0.11","0","+1","+31","0.86","0.03","+1","+598","16.8","0.61"
"6192","巨路","132","+4","+3.12","05/12","+4","+1,048","42.6","1.09","0","0","0","0","+1","+13","2.15","0.01","+4","+819","33.3","0.85"
"6282","康舒","56","+0.6","+1.08","05/12","+4","+42,974","16","5.02","0","0","0","0","-1","-31","-0.03","0","+4","+45,692","17","5.34"
"6284","佳邦","83.2","+1.2","+1.46","05/12","+4","+1,718","22.4","1.15","0","0","0","0","+5","+27","0.3","0.02","+4","+1,744","22.8","1.17"
"6508","惠光","24","-0.45","-1.84","05/12","+4","+77","22.4","0.09","0","0","0","0","0","0","0","0","+4","+77","22.4","0.09"
"6716","應廣","99.9","-4.1","-3.94","05/12","+4","+482","9.37","1.59","0","0","0","0","-1","-9","-0.33","-0.03","+4","+480","9.34","1.59"
"6799","來頡","94.4","+3.6","+3.96","05/12","+4","+232","10.8","0.53","0","0","0","0","+1","+5","0.51","0.01","+4","+238","11.1","0.55"
"8049","晶采","26.05","+0.4","+1.56","05/12","+4","+136","11.4","0.12","0","0","0","0","+2","+1","0.07","0","+4","+137","11.4","0.12"
"8059","凱碩","21.35","+0.5","+2.4","05/12","+4","+157","9.32","0.08","0","0","0","0","-1","-10","-1.66","-0.01","+4","+147","8.73","0.08"
"8076","伍豐","24.85","+0.2","+0.81","05/12","+4","+798","10.7","0.27","0","0","0","0","+5","+23","0.26","0.01","+4","+820","11","0.28"
"8255","朋程","148.5","-0.5","-0.34","05/12","+4","+987","21","0.97","0","0","0","0","-3","-206","-5.69","-0.2","+4","+813","17.3","0.8"
"8415","大國鋼","34.6","+0.05","+0.14","05/12","+4","+1,214","46.6","0.12","+2","+5","0.29","0","-5","-862","-28.9","-0.08","+4","+394","15.1","0.04"
"8424","惠普","73.7","-0.3","-0.41","05/12","+4","+5","4.47","0.01","0","0","0","0","0","0","0","0","+4","+5","4.47","0.01"
"8433","弘帆","54.2","-0.3","-0.55","05/12","+4","+72","22.7","0.13","0","0","0","0","0","0","0","0","+4","+72","22.7","0.13"
"8438","昶昕","103.5","+4.8","+4.86","05/12","+4","+1,363","19.2","1.95","0","0","0","0","+2","+32","0.58","0.05","+4","+1,396","19.7","2"
"0061","元大寶滬深","25.3","+0.13","+0.52","05/12","+3","+439","47.4","0.42","0","0","0","0","+1","+13","4.15","0.01","+24","+4,959","61.8","4.76"
"00645","富邦日本","54.55","+0.55","+1.02","05/12","+3","+16","1.68","0.03","0","0","0","0","+4","+791","54.3","1.52","+4","+776","53.2","1.49"
"00646","元大S&P500","73.05","+0.25","+0.34","05/12","+3","+2,750","16.4","0.5","0","0","0","0","+3","+5,675","33.8","1.04","+3","+8,425","50.1","1.54"
"00648R","元大S&P500反1","4.05","0","0","05/12","+3","+9","0.74","0.01","0","0","0","0","-3","-503","-41.2","-0.34","-3","-494","-40.4","-0.34"
"00770","國泰北美科技","64.15","+0.25","+0.39","05/12","+3","+330","19.9","0.4","0","0","0","0","+3","+605","36.5","0.72","+3","+935","56.3","1.12"
"00779B","凱基美債25+","28.02","-0.08","-0.28","05/12","+3","+64","6.55","0","0","0","0","0","0","0","0","0","+3","+68","6.96","0.01"
"00830","國泰費城半導體","83.4","+1.1","+1.34","05/12","+3","+6,124","17.5","0.93","0","0","0","0","-3","-4,197","-12","-0.64","-1","-1,359","-13.1","-0.21"
"00903","富邦元宇宙","21.05","+0.1","+0.48","05/12","+3","+456","32.3","0.83","0","0","0","0","+1","+127","44.6","0.23","+27","+9,570","55","17.5"
"00924","復華S&P500成長","31.83","+0.08","+0.25","05/12","+3","+379","6.59","0.08","0","0","0","0","+10","+5,160","23.3","1.13","+24","+29,493","41.9","6.45"
"00949","復華日本龍頭","19.73","+0.08","+0.41","05/12","+3","+445","9.08","0.22","0","0","0","0","+13","+5,811","27.3","2.88","+7","+5,171","37.2","2.56"
"00953B","群益優選非投等債","9.55","0","0","05/12","+3","+8,088","7.98","0.18","0","0","0","0","+3","+8,431","8.31","0.19","+3","+16,519","16.3","0.37"
"00955","中信日本商社","16.06","+0.4","+2.55","05/12","+3","+5,700","15","0.91","0","0","0","0","+4","+19,920","38","3.18","+8","+39,311","35.9","6.27"
"009809","富邦淨零ESG50","15.5","+0.16","+1.04","05/12","+3","+79","3.03","0.22","0","0","0","0","+3","+337","12.9","0.93","+3","+416","16","1.14"
"00982B","FT投資級債20+","9.81","0","0","05/12","+3","+185","61.7","0.62","0","0","0","0","-2","-5","-3.29","-0.02","+3","+193","64.2","0.64"
"1264","德麥","273","+1.5","+0.55","05/12","+3","+22","18.4","0.06","0","0","0","0","0","0","0","0","+1","+4","17.7","0.01"
"1336","台翰","13.8","0","0","05/12","+3","+33","10.4","0.04","0","0","0","0","+1","0","0","0","+3","+33","10.4","0.04"
"1714","和桐","10.25","+0.44","+4.49","05/12","+3","+14,279","44.2","1.44","0","0","0","0","+3","+107","0.33","0.01","+3","+14,386","44.5","1.45"
"2103","台橡","21.3","+0.2","+0.95","05/12","+3","+6,952","16.6","0.84","-1","-4","-0.06","0","-1","-42","-0.67","-0.01","+3","+6,986","16.6","0.85"
"2352","佳世達","25.95","+0.25","+0.97","05/12","+3","+7,038","34.2","0.45","-2","-7","-0.04","0","-4","-88","-0.3","-0.01","+3","+6,977","33.9","0.44"
"2359","所羅門","128","+5.5","+4.49","05/12","+3","+579","7.72","0.34","0","0","0","0","+3","+96","1.28","0.06","+3","+676","9","0.39"
"2379","瑞昱","555","-29","-4.97","05/12","+3","+2,941","11.6","0.57","-3","-436","-1.72","-0.08","-2","-213","-1.32","-0.04","+3","+2,409","9.48","0.47"
"2382","廣達","340","-3.5","-1.02","05/12","+3","+5,293","11.8","0.14","+4","+992","1.46","0.03","-3","-648","-1.45","-0.02","+3","+5,408","12.1","0.14"
"2467","志聖","649","+59","+10","05/12","+3","+3,249","30.3","2.07","-2","-26","-0.3","-0.02","-10","-601","-1.52","-0.38","+3","+3,133","29.2","2"
"2486","一詮","270.5","-11","-3.91","05/12","+3","+631","8.35","0.27","-1","-2","-0.05","0","+1","+35","1.17","0.02","+5","+849","2.42","0.36"
"2704","國賓","42.8","0","0","05/12","+3","+123","28.3","0.03","0","0","0","0","-3","-10","-2.3","0","+3","+113","26","0.03"
"2947","振宇五金","78.4","0","0","05/12","+3","+6","7.13","0.03","0","0","0","0","0","0","0","0","+3","+6","7.13","0.03"
"3025","星通","62.9","+0.1","+0.16","05/12","+3","+213","9.69","0.38","0","0","0","0","0","0","0","0","+3","+212","9.63","0.37"
"3041","揚智","24.55","-0.15","-0.61","05/12","+3","+445","8.88","0.32","0","0","0","0","-3","-4","-0.08","0","+3","+441","8.8","0.31"
"3048","益登","46.9","+1.9","+4.22","05/12","+3","+9,012","17.8","3.34","0","0","0","0","-1","-51","-0.26","-0.02","+3","+9,527","18.8","3.53"
"3088","艾訊","132","+4","+3.12","05/12","+3","+1,590","23","1.46","0","0","0","0","-6","-385","-2.44","-0.35","+3","+1,491","21.6","1.37"
"3209","全科","66.5","+6","+9.92","05/12","+3","+3,930","22.8","1.67","+1","+131","1.61","0.06","+2","+62","0.42","0.03","+3","+4,111","23.9","1.75"
"3219","倚強科","83","+7.5","+9.93","05/12","+3","+258","6.23","0.36","0","0","0","0","+2","+120","3.72","0.17","+3","+377","9.1","0.53"
"3293","鈊象","738","+7","+0.96","05/12","+3","+428","8.54","0.15","-2","-94","-3.03","-0.03","+1","+67","3.33","0.02","+1","+294","14.7","0.1"
"3332","幸康","65.8","-0.2","-0.3","05/12","+3","+9","6.8","0.02","0","0","0","0","0","0","0","0","+3","+9","6.8","0.02"
"3379","彬台","35.5","-1.1","-3.01","05/12","+3","+104","10.2","0.27","0","0","0","0","-1","0","-0.03","0","+3","+104","10.3","0.27"
"3444","利機","94.5","+5.3","+5.94","05/12","+3","+140","9.15","0.31","0","0","0","0","-1","0","-0.02","0","+3","+140","9.12","0.31"
"3455","由田","292","+6","+2.1","05/12","+3","+393","15.5","0.66","0","0","0","0","-1","-11","-2.05","-0.02","+3","+380","15","0.63"
"3541","西柏","23.2","+0.15","+0.65","05/12","+3","+18","6.33","0.03","0","0","0","0","0","0","0","0","+3","+18","6.33","0.03"
"3567","逸昌","29","-0.35","-1.19","05/12","+3","+49","7.1","0.15","0","0","0","0","0","0","0","0","+3","+49","7.1","0.15"
"3624","光頡","66.3","+3.3","+5.24","05/12","+3","+3,066","9.18","2.61","0","0","0","0","+4","+837","1.95","0.71","+3","+3,638","10.9","3.1"
"3661","世芯-KY","5310","-65","-1.21","05/12","+3","+582","7.73","0.71","+5","+579","4.16","0.71","-1","-83","-2.76","-0.1","+3","+805","10.7","0.99"
"3669","圓展","38.9","-1.5","-3.71","05/12","+3","+283","21.9","0.3","0","0","0","0","0","0","0","0","+3","+277","21.5","0.3"
"4131","浩泰","35.7","+0.4","+1.13","05/12","+3","+38","20.9","0.1","0","0","0","0","0","0","0","0","+3","+38","20.9","0.1"
"4178","永笙-KY","19.05","+0.05","+0.26","05/12","+3","+506","18.4","0.23","0","0","0","0","0","0","0","0","+3","+505","18.3","0.23"
"4576","大銀微系統","258","+7.5","+2.99","05/12","+3","+2,450","10.5","2.05","0","0","0","0","-1","-102","-1.15","-0.08","+2","+2,404","15.1","2.01"
"4577","達航科技","143","+3.5","+2.51","05/12","+3","+379","8.84","0.77","0","0","0","0","+6","+8","0.1","0.02","+3","+385","8.97","0.78"
"4585","達明","339","-3","-0.88","05/12","+3","+90","5.35","0.09","-1","-1","-0.22","0","-1","-3","-0.6","0","+3","+115","6.81","0.11"
"4728","雙美","381","0","0","05/12","+3","+88","51.7","0.16","0","0","0","0","0","0","0","0","+3","+88","51.7","0.16"
"4904","遠傳","95.5","-0.7","-0.73","05/12","+3","+1,507","9.72","0.04","-2","-554","-8.45","-0.02","-3","-74","-0.48","0","-1","-325","-8.75","-0.01"
"4931","新盛力","202.5","+15.5","+8.29","05/12","+3","+4,213","6.3","6.43","0","0","0","0","-1","-504","-1.56","-0.77","+3","+3,934","5.89","6"
"4933","友輝","69.1","-0.7","-1","05/12","+3","+120","5.97","0.15","0","0","0","0","+4","+56","1.89","0.07","+3","+174","8.66","0.21"
"4973","廣穎","120","+10.5","+9.59","05/12","+3","+2,773","8.16","4.25","0","0","0","0","+3","+43","0.13","0.07","+3","+2,817","8.29","4.31"
"4987","科誠","81.5","0","0","05/12","+3","+5","7.2","0.02","0","0","0","0","0","0","0","0","+3","+5","7.2","0.02"
"4991","環宇-KY","740","+54","+7.87","05/12","+3","+2,539","27.3","2.1","0","0","0","0","+1","+8","0.54","0.01","+2","+1,803","61.6","1.49"
"5203","訊連","64.4","-0.3","-0.46","05/12","+3","+70","10.7","0.09","0","0","0","0","-2","-4","-0.97","-0.01","+3","+66","10.1","0.08"
"5289","宜鼎","1795","+35","+1.99","05/12","+3","+692","3.96","0.72","-2","-128","-1.23","-0.13","-5","-320","-0.93","-0.33","+4","+1,264","4.8","1.31"
"5324","士開","10.9","+0.2","+1.87","05/12","+3","+26","6.23","0.01","0","0","0","0","-1","-3","-2.05","0","+3","+23","5.51","0.01"
"5353","台林","26.1","-0.05","-0.19","05/12","+3","+22","7.67","0.03","0","0","0","0","0","0","0","0","+3","+22","7.67","0.03"
"5547","久舜","22","+0.15","+0.69","05/12","+3","+18","13.8","0.04","0","0","0","0","0","0","0","0","+3","+18","13.8","0.04"
"5604","中連","31.9","+0.5","+1.59","05/12","+3","+15","18.8","0.01","0","0","0","0","0","0","0","0","+3","+15","18.8","0.01"
"5907","大洋-KY","5.27","-0.01","-0.19","05/12","+3","+76","11.2","0.04","0","0","0","0","-1","-3","-1.48","0","+2","+72","17.8","0.04"
"6129","普誠","16.1","-0.3","-1.83","05/12","+3","+414","14.7","0.23","0","0","0","0","-1","-191","-18.3","-0.11","-1","-28","-2.68","-0.02"
"6158","禾昌","18","-0.35","-1.91","05/12","+3","+16","5.24","0.03","0","0","0","0","0","0","0","0","+3","+16","5.24","0.03"
"6173","信昌電","147","+13","+9.7","05/12","+3","+9,870","18.8","5.74","0","0","0","0","+12","+2,444","2.14","1.42","+3","+11,187","21.3","6.5"
"6462","神盾","131","+1.5","+1.16","05/12","+3","+898","14.5","0.98","0","0","0","0","-1","-110","-4.93","-0.12","+3","+950","15.3","1.04"
"6485","點序","84.9","+0.7","+0.83","05/12","+3","+188","8.29","0.4","0","0","0","0","-1","-1","-0.25","0","+3","+168","7.39","0.35"
"6498","久禾光","94.9","-2.5","-2.57","05/12","+3","+48","12.4","0.1","0","0","0","0","0","0","0","0","+3","+48","12.4","0.1"
"6505","台塑化","53.1","-0.9","-1.67","05/12","+3","+6,645","25","0.07","-2","-21","-0.13","0","-2","-234","-1.37","0","+3","+6,457","24.3","0.07"
"6506","雙邦","18.3","+0.25","+1.39","05/12","+3","+85","10.9","0.1","0","0","0","0","0","0","0","0","+3","+85","10.9","0.1"
"6515","穎崴","9950","-140","-1.39","05/12","+3","+83","10.6","0.23","-1","-1","-0.42","0","-1","-5","-2.05","-0.01","+2","+99","19.9","0.28"
"6530","創威","121.5","+11","+9.95","05/12","+3","+832","10.1","2.47","0","0","0","0","+1","+11","0.23","0.03","+3","+842","10.2","2.5"
"6598","ABC-KY","23.35","+0.65","+2.86","05/12","+3","+93","15.5","0.09","0","0","0","0","-3","-4","-0.67","0","+3","+89","14.8","0.09"
"6719","力智","195","+5","+2.63","05/12","+3","+187","6.86","0.18","0","0","0","0","+1","+14","1.16","0.01","+2","+202","9.93","0.19"
"6741","91APP*-KY","65.9","0","0","05/12","+3","+428","36.8","0.35","0","0","0","0","0","0","0","0","+3","+422","36.2","0.35"
"6953","家碩","277","-4","-1.42","05/12","+3","+126","17.1","0.42","0","0","0","0","+2","+13","2.62","0.04","+3","+138","18.8","0.46"
"6969","成信實業*-創","28.45","-0.05","-0.18","05/12","+3","+23","12","0.05","0","0","0","0","+1","+1","1.19","0","+6","+46","11.3","0.1"
"7547","碩網","69.2","-2","-2.81","05/12","+3","+16","3.62","0.05","0","0","0","0","0","0","0","0","+3","+16","3.56","0.05"
"7760","享溫馨","34.3","0","0","05/12","+3","+81","15.3","0.12","0","0","0","0","-5","-112","-10.9","-0.17","-1","-8","-4.94","-0.01"
"7772","耀穎","175","-11.5","-6.17","05/12","+3","+129","4.29","0.49","0","0","0","0","+1","+16","2.13","0.06","+3","+145","4.81","0.55"
"8042","金山電","97.7","+8.8","+9.9","05/12","+3","+4,345","13.1","3.36","0","0","0","0","+2","+118","1.78","0.09","+3","+4,254","12.9","3.29"
"8097","常珵","51.9","0","0","05/12","+3","+28","12","0.04","0","0","0","0","0","0","0","0","+3","+28","11.8","0.04"
"8147","正淩","183","+13.5","+7.96","05/12","+3","+1,733","23.1","4.18","0","0","0","0","+1","+85","1.91","0.2","+3","+1,831","24.4","4.42"
"8358","金居","477","+15","+3.25","05/12","+3","+7,069","8.11","2.8","+1","+409","1.5","0.16","+1","+117","0.43","0.05","+2","+5,854","10.2","2.32"
"8440","綠電","20.55","-0.15","-0.72","05/12","+3","+130","20.8","0.26","0","0","0","0","0","0","0","0","+3","+130","20.8","0.26"
"00401A","主動摩根台灣鑫收","12.88","+0.07","+0.55","05/12","+2","+5,237","17.3","1.89","0","0","0","0","-1","-2,022","-14.8","-0.73","+2","+4,002","13.2","1.44"
"00637L","元大滬深300正2","22.36","+0.46","+2.1","05/12","+2","+863","1.69","0.1","0","0","0","0","+2","+18,902","37","2.26","+2","+19,765","38.7","2.36"
"00639","富邦深100","17.95","+0.07","+0.39","05/12","+2","+201","8.48","0.18","0","0","0","0","-1","-57","-4.18","-0.05","-1","-13","-0.94","-0.01"
"00650L","復華香港正2","18.2","+0.24","+1.34","05/12","+2","+317","4.48","0.26","0","0","0","0","+1","+1,208","26.4","1","+1","+1,455","31.8","1.2"
"00652","富邦印度","32.17","-0.53","-1.62","05/12","+2","+26","1.82","0.04","0","0","0","0","-4","-482","-22.4","-0.71","-4","-473","-22","-0.7"
"00655L","國泰中國A50正2","37.8","+0.8","+2.16","05/12","+2","+244","5.62","0.33","0","0","0","0","+3","+1,976","35.6","2.67","+2","+2,123","48.9","2.87"
"00661","元大日經225","81","+0.2","+0.25","05/12","+2","+94","22.1","0.38","0","0","0","0","+1","+89","30.6","0.36","+9","+420","25.6","1.72"
"00687B","國泰20年美債","27.68","-0.08","-0.29","05/12","+2","+13,535","29.8","0.24","0","0","0","0","+25","+186,238","33.3","3.26","+40","+467,227","45.3","8.19"
"00689R","國泰20年美債反1","21.94","+0.06","+0.27","05/12","+2","+250","42.7","3.63","0","0","0","0","-2","-253","-43.2","-3.67","-2","-3","-0.51","-0.04"
"00708L","期元大S&P黃金正2","98.1","+1.8","+1.87","05/12","+2","+93","1.66","0.08","0","0","0","0","+3","+1,466","17.6","1.34","+3","+1,485","17.9","1.35"
"00714","群益道瓊美國地產","21.58","+0.15","+0.7","05/12","+2","+397","94.8","1.65","0","0","0","0","-2","-233","-55.5","-0.97","+25","+968","24.6","4.02"
"00715L","期街口布蘭特正2","62.2","-0.35","-0.56","05/12","+2","+883","5.39","1.04","0","0","0","0","-1","-618","-11.6","-0.73","-1","-29","-0.55","-0.03"
"00722B","群益投資級電信債","35.68","-0.04","-0.11","05/12","+2","+1,014","29.6","0.07","0","0","0","0","+1","+25","5.51","0","+2","+723","21.1","0.05"
"00724B","群益投資級金融債","33.52","-0.02","-0.06","05/12","+2","+486","6.73","0.02","0","0","0","0","+1","+47","1.44","0","+2","+389","5.38","0.01"
"00728","第一金工業30","59.7","+1.45","+2.49","05/12","+2","+100","24","0.25","0","0","0","0","-1","-43","-18.2","-0.11","+5","+165","14.7","0.42"
"00751B","元大AAA至A公司債","31.51","-0.03","-0.1","05/12","+2","+6,980","48.9","0.13","0","0","0","0","+3","+1,602","8.26","0.03","+2","+7,931","55.5","0.15"
"00755B","群益投資級公用債","32.81","-0.07","-0.21","05/12","+2","+216","45.2","0.08","-2","-237","-49.6","-0.09","+1","+20","9.94","0.01","-4","-14","-1.73","-0.01"
"00780B","國泰A級金融債","37.36","-0.05","-0.13","05/12","+2","+3","1.44","0","0","0","0","0","-4","-3","-0.59","0","+2","+3","1.42","0"
"00788B","元大10年IG電能債","29.68","-0.04","-0.13","05/12","+2","+2","2.41","0.01","0","0","0","0","+5","+168","68.3","0.6","+5","+167","67.9","0.6"
"00792B","群益A級公司債","31.64","-0.04","-0.13","05/12","+2","+70","23.8","0","0","0","0","0","-1","-1","-0.87","0","+2","+77","26.2","0"
"00799B","國泰A級醫療債","29.74","-0.04","-0.13","05/12","+2","+2","0.58","0.01","0","0","0","0","-3","-145","-22","-0.57","-3","-143","-21.7","-0.56"
"00836B","永豐10年A公司債","28.73","-0.05","-0.17","05/12","+2","+13","85.9","0","0","0","0","0","+1","+1","33.1","0","+2","+4","26.4","0"
"00861","元大全球未來通訊","83.8","+0.95","+1.15","05/12","+2","+80","17.6","0.12","0","0","0","0","+2","+113","25","0.16","+2","+194","42.6","0.28"
"00876","元大全球5G","86.1","+1.55","+1.83","05/12","+2","+80","15.8","0.11","0","0","0","0","-1","-7","-3.22","-0.01","+4","+238","22.6","0.32"
"00881","國泰台灣科技龍頭","50.95","+0.15","+0.3","05/12","+2","+3,230","12.1","0.14","0","0","0","0","+3","+3,836","8.85","0.16","+2","+4,315","16.1","0.18"
"00888","永豐台灣ESG","30.78","+0.78","+2.6","05/12","+2","+6,241","31.3","1.58","0","0","0","0","-1","-1,030","-7.5","-0.26","+2","+6,033","30.3","1.53"
"00896","中信綠能及電動車","27.11","-0.03","-0.11","05/12","+2","+518","14.9","0.19","0","0","0","0","+2","+214","6.15","0.08","+2","+732","21","0.27"
"00897","富邦基因免疫生技","9.76","-0.03","-0.31","05/12","+2","+901","55.9","0.59","0","0","0","0","-1","-78","-7.81","-0.05","+7","+2,647","37.9","1.72"
"00898","國泰基因免疫革命","8.07","+0.01","+0.12","05/12","+2","+479","50.2","0.3","0","0","0","0","-1","-152","-22.1","-0.09","+2","+384","40.3","0.24"
"00899","FT潔淨能源","27.26","+0.73","+2.75","05/12","+2","+17","6.89","0.1","0","0","0","0","+1","+43","27.2","0.26","+1","+57","36","0.34"
"00904","新光臺灣半導體30","39.41","-0.02","-0.05","05/12","+2","+138","2.06","0.08","0","0","0","0","-1","-65","-1.82","-0.04","-1","-53","-1.49","-0.03"
"00910","第一金太空衛星","73.55","+2.05","+2.87","05/12","+2","+1,427","18.9","1.53","0","0","0","0","+2","+1,265","16.7","1.35","+2","+2,692","35.6","2.88"
"00912","中信臺灣智慧50","31.05","+0.25","+0.81","05/12","+2","+699","33.3","1.18","0","0","0","0","-1","-308","-24.6","-0.52","+5","+800","14.1","1.35"
"00922","國泰台灣領袖50","36.6","-0.08","-0.22","05/12","+2","+5,701","26.3","0.29","0","0","0","0","+1","+802","7.04","0.04","+2","+6,303","29","0.32"
"00923","群益台ESG低碳50","38.71","-0.07","-0.18","05/12","+2","+1,509","18.2","0.18","0","0","0","0","+3","+2,246","16.7","0.26","+25","+110,044","58.2","12.8"
"00933B","國泰10Y+金融債","15.96","-0.02","-0.13","05/12","+2","+6,445","28.3","0.1","0","0","0","0","+1","+425","5.43","0.01","+2","+6,092","26.7","0.09"
"00937B","群益ESG投等債20+","14.78","0","0","05/12","+2","+63,762","51.2","0.36","0","0","0","0","-1","-1,043","-1.86","-0.01","+2","+66,395","53.3","0.37"
"00941","中信上游半導體","25.25","+0.14","+0.56","05/12","+2","+1,443","28.9","0.31","0","0","0","0","+7","+5,164","25.8","1.11","+2","+3,156","63.3","0.68"
"00945B","凱基美國非投等債","14.42","+0.01","+0.07","05/12","+2","+3,562","24","0.41","0","0","0","0","-2","-1,469","-9.88","-0.17","+3","+2,786","14.4","0.32"
"00948B","中信優息投資級債","9.42","-0.02","-0.21","05/12","+2","+13,349","45.8","0.34","0","0","0","0","+1","+364","4.94","0.01","+5","+23,316","41.8","0.59"
"00956","中信日經高股息","12.35","+0.1","+0.82","05/12","+2","+188","12.9","0.54","0","0","0","0","+3","+424","23","1.22","+2","+572","39.4","1.65"
"00966B","統一ESG投等債15+","13.85","-0.01","-0.07","05/12","+2","+2,254","60.4","1.62","0","0","0","0","-3","-1,425","-33.1","-1.02","+2","+994","26.6","0.71"
"009804","聯邦台精彩50","21.33","-0.12","-0.56","05/12","+2","+220","9.66","0.19","0","0","0","0","+2","+389","17.1","0.33","+2","+609","26.7","0.51"
"009805","新光美國電力基建","17.11","+0.5","+3.01","05/12","+2","+1,753","4.27","0.24","0","0","0","0","-7","-54,308","-41.8","-7.5","-7","-52,820","-40.6","-7.3"
"009808","華南永昌優選50","28.99","-0.18","-0.62","05/12","+2","+141","12.1","0.34","0","0","0","0","-4","-631","-25.3","-1.54","-4","-665","-26.6","-1.62"
"009812","野村日本東證","12.09","+0.08","+0.67","05/12","+2","+715","39.2","0.63","0","0","0","0","-1","-117","-10.8","-0.1","+5","+2,580","40","2.29"
"009814","富邦標普500","10.81","+0.04","+0.37","05/12","+2","+451","10.5","0.24","0","0","0","0","+3","+2,156","33.9","1.17","+3","+2,583","40.6","1.4"
"00983A","主動中信ARK創新","11.86","+0.1","+0.85","05/12","+2","+3,929","47.4","1.67","0","0","0","0","+6","+7,806","29.9","3.33","+7","+22,057","55.1","9.4"
"00985B","群益ESG投等債0-5","10.14","+0.01","+0.1","05/12","+2","+1,928","13.7","0.38","0","0","0","0","-1","-693","-9.34","-0.13","+2","+2,444","17.4","0.48"
"00996A","主動兆豐台灣豐收","14.23","+0.06","+0.42","05/12","+2","+3,980","14.4","1.18","0","0","0","0","+2","+4,369","15.9","1.29","+2","+8,349","30.3","2.47"
"1305","華夏","13","-0.35","-2.62","05/12","+2","+1,436","20.9","0.25","0","0","0","0","-1","-50","-1.85","-0.01","+2","+1,480","21.6","0.25"
"1307","三芳","32.3","-0.15","-0.46","05/12","+2","+623","20.4","0.16","-2","-54","-1.77","-0.01","-2","-157","-5.14","-0.04","+3","+716","15.8","0.18"
"1308","亞聚","13.45","-0.2","-1.47","05/12","+2","+918","19.2","0.15","0","0","0","0","-1","-42","-2.32","-0.01","+2","+927","19.4","0.16"
"1313","聯成","11.2","-0.05","-0.44","05/12","+2","+1,414","28.2","0.11","0","0","0","0","-3","-92","-0.94","-0.01","+2","+1,349","26.9","0.1"
"1314","中石化","7.08","-0.01","-0.14","05/12","+2","+5,714","15.2","0.15","0","0","0","0","-2","-99","-0.26","0","+2","+5,615","14.9","0.15"
"1326","台化","47.05","-0.75","-1.57","05/12","+2","+8,678","23.8","0.15","0","0","0","0","-1","-200","-1.49","0","+2","+8,550","23.4","0.15"
"1402","遠東新","26.65","+0.3","+1.14","05/12","+2","+18,104","49.2","0.34","-1","-3","-0.01","0","-4","-783","-1.31","-0.01","+2","+17,978","48.9","0.34"
"1436","華友聯","48.35","-0.35","-0.72","05/12","+2","+132","19.6","0.08","0","0","0","0","-2","-4","-0.59","0","+2","+126","18.7","0.07"
"1455","集盛","8.1","-0.03","-0.37","05/12","+2","+74","6.87","0.01","0","0","0","0","-3","-9","-0.58","0","+2","+68","6.33","0.01"
"1529","樂事綠能","22.2","-0.25","-1.11","05/12","+2","+160","11","0.1","0","0","0","0","0","0","0","0","+2","+155","10.7","0.1"
"1560","中砂","668","+39","+6.2","05/12","+2","+2,046","19.9","1.4","+1","+98","1.71","0.07","+1","+14","0.25","0.01","+2","+2,154","20.9","1.47"
"1604","聲寶","22.8","0","0","05/12","+2","+61","7.1","0.02","0","0","0","0","-2","-19","-2.21","0","-1","-4","-0.87","0"
"1616","億泰","22.55","+0.2","+0.89","05/12","+2","+179","19.9","0.09","0","0","0","0","-3","-5","-0.29","0","+2","+175","19.4","0.09"
"1708","東鹼","41.75","+1.6","+3.99","05/12","+2","+5,009","47.1","2.01","0","0","0","0","+2","+193","1.82","0.08","+2","+5,202","49","2.09"
"1710","東聯","12.25","-0.2","-1.61","05/12","+2","+872","22.6","0.1","0","0","0","0","-1","-68","-4.31","-0.01","+2","+883","22.9","0.1"
"1713","國化","47.5","+0.15","+0.32","05/12","+2","+89","27.8","0.06","0","0","0","0","0","0","0","0","+2","+90","28.2","0.06"
"1717","長興","82.7","+1.9","+2.35","05/12","+2","+22,926","14.2","1.96","-1","-300","-0.39","-0.03","+2","+3,662","2.27","0.31","+2","+26,288","16.3","2.24"
"1718","中纖","6.71","+0.23","+3.55","05/12","+2","+1,302","13.5","0.08","0","0","0","0","-1","-7","-0.12","0","+2","+1,350","14","0.08"
"1722","台肥","47","-0.1","-0.21","05/12","+2","+960","10.6","0.1","0","0","0","0","-1","-40","-0.86","0","+2","+926","10.2","0.09"
"1723","中碳","81","+0.2","+0.25","05/12","+2","+355","17.4","0.15","0","0","0","0","+2","+8","0.39","0","+2","+363","17.8","0.15"
"1784","訊聯","72.7","-0.8","-1.09","05/12","+2","+26","6.61","0.05","0","0","0","0","-9","-33","-2.14","-0.06","-1","-1","-0.54","0"
"2009","第一銅","40.9","+1.3","+3.28","05/12","+2","+1,853","19.4","0.52","0","0","0","0","+2","+28","0.3","0.01","+2","+1,881","19.7","0.52"
"2064","晉椿","12.95","+0.35","+2.78","05/12","+2","+4","4.03","0.01","0","0","0","0","0","0","0","0","+2","+4","4.03","0.01"
"2066","世德","46","-1","-2.13","05/12","+2","+10","7.78","0.02","0","0","0","0","0","0","0","0","+2","+10","7.78","0.02"
"2236","百達-KY","139.5","-3","-2.11","05/12","+2","+376","22.5","0.61","0","0","0","0","0","0","0","0","+2","+379","22.7","0.62"
"2241","艾姆勒","34.25","+3.1","+9.95","05/12","+2","+662","15.2","0.63","0","0","0","0","+1","+5","0.15","0","+2","+663","15.2","0.63"
"2303","聯電","104.5","+9.5","+10","05/12","+2","+59,229","10.5","0.47","+6","+45,157","2.94","0.36","+2","+5,446","0.97","0.04","+2","+76,398","13.6","0.61"
"2316","楠梓電","135.5","+12","+9.72","05/12","+2","+3,038","31.8","1.66","0","0","0","0","+2","+238","2.49","0.13","+2","+3,276","34.3","1.79"
"2340","台亞","38.05","+0.7","+1.87","05/12","+2","+1,489","9.71","0.34","0","0","0","0","+1","+43","0.66","0.01","+2","+1,384","9.02","0.32"
"2344","華邦電","121.5","+4","+3.4","05/12","+2","+44,916","9.35","1","+7","+29,383","1.8","0.65","-1","-219","-0.07","0","+2","+55,341","11.5","1.23"
"2367","燿華","64.8","+2.2","+3.51","05/12","+2","+7,012","7.48","0.99","0","0","0","0","+4","+1,497","0.79","0.21","+2","+8,155","8.69","1.15"
"2374","佳能","82.4","+1.9","+2.36","05/12","+2","+5,003","21.7","1.49","-1","-4","-0.03","0","+2","+591","2.56","0.18","+2","+5,589","24.2","1.66"
"2375","凱美","94.8","+3.3","+3.61","05/12","+2","+742","4.85","0.68","-6","-1","0","0","+1","+59","0.57","0.05","+2","+754","4.93","0.69"
"2383","台光電","4900","+50","+1.03","05/12","+2","+476","8.83","0.13","+8","+1,025","4.44","0.29","-1","-32","-1.21","-0.01","+2","+852","15.8","0.24"
"2397","友通","59.8","+0.6","+1.01","05/12","+2","+137","26.2","0.12","0","0","0","0","-1","-1","-0.29","0","+2","+139","26.6","0.12"
"2399","映泰","46.45","+1.65","+3.68","05/12","+2","+4,557","8.7","2.56","-1","-12","-0.04","-0.01","-2","-747","-1.43","-0.42","+2","+3,799","7.25","2.13"
"2402","毅嘉","70.8","+1.8","+2.61","05/12","+2","+1,320","6.01","0.43","0","0","0","0","+2","+686","3.12","0.22","+2","+2,006","9.13","0.65"
"2405","輔信","15.25","-0.15","-0.97","05/12","+2","+1,126","32.2","0.33","0","0","0","0","-2","-20","-0.57","-0.01","+2","+1,106","31.6","0.32"
"2408","南亞科","321","+20","+6.64","05/12","+2","+42,798","13.1","1.38","+7","+34,200","2.96","1.1","+2","+2,433","0.75","0.08","+2","+51,983","15.9","1.68"
"2409","友達","20.7","+1.85","+9.81","05/12","+2","+142,788","13.6","1.89","-2","-14","0","0","+2","+10,415","0.99","0.14","+2","+153,189","14.6","2.03"
"2417","圓剛","50.4","-0.6","-1.18","05/12","+2","+610","8.89","0.39","0","0","0","0","+1","+2","0.06","0","+2","+559","8.14","0.36"
"2425","承啟","34","+1.1","+3.34","05/12","+2","+373","9.58","0.39","0","0","0","0","+3","+23","0.53","0.02","+2","+389","9.99","0.4"
"2441","超豐","96.5","+4.1","+4.44","05/12","+2","+426","1.71","0.07","-1","-162","-0.85","-0.03","+2","+216","0.87","0.04","+2","+488","1.96","0.09"
"2457","飛宏","25.45","-0.05","-0.2","05/12","+2","+1,685","25.2","0.4","0","0","0","0","+2","+156","2.33","0.04","+2","+1,841","27.5","0.43"
"2460","建通","32.05","-0.95","-2.88","05/12","+2","+178","9.57","0.11","0","0","0","0","-6","-146","-1.79","-0.09","+2","+127","6.82","0.07"
"2480","敦陽科","148","-1.5","-1","05/12","+2","+185","21.8","0.17","-5","-32","-1.6","-0.03","-2","-4","-0.44","0","+2","+169","19.9","0.16"
"2481","強茂","115.5","+6.5","+5.96","05/12","+2","+24,215","25.7","6.34","+1","+897","1.46","0.23","+2","+1,239","1.31","0.32","+2","+26,352","27.9","6.9"
"2636","台驊控股","68.1","-0.4","-0.58","05/12","+2","+238","31.3","0.17","0","0","0","0","-1","-3","-1.13","0","+2","+235","30.9","0.17"
"2718","全心投控","42.7","+1.5","+3.64","05/12","+2","+12","7.09","0.01","0","0","0","0","+1","0","0.03","0","+2","+12","7.1","0.01"
"2851","中再保","34.1","+2.55","+8.08","05/12","+2","+5,273","38.7","0.66","+2","+17","0.12","0","-1","-14","-0.13","0","+2","+5,312","38.9","0.66"
"2881C","富邦金丙特","51.3","-0.1","-0.19","05/12","+2","+6","1.72","0","0","0","0","0","0","0","0","0","+2","+6","1.72","0"
"2941","米斯特","29.85","-0.15","-0.5","05/12","+2","+4","15.2","0.03","0","0","0","0","0","0","0","0","+2","+4","15.2","0.03"
"3002","歐格","17.25","-0.45","-2.54","05/12","+2","+86","16.2","0.08","0","0","0","0","-2","-2","-0.32","0","+2","+84","15.9","0.08"
"3008","大立光","2795","+250","+9.82","05/12","+2","+228","5.6","0.17","+1","+157","4.89","0.12","+1","+203","6.31","0.15","+1","+588","18.3","0.44"
"3023","信邦","301.5","-0.5","-0.17","05/12","+2","+176","5","0.07","-2","-74","-2.11","-0.03","-3","-71","-1.24","-0.03","+1","+110","5.5","0.05"
"3024","憶聲","14.85","+0.3","+2.06","05/12","+2","+1,577","23.9","0.57","0","0","0","0","-2","-42","-0.64","-0.02","+2","+1,535","23.3","0.55"
"3037","欣興","875","+14","+1.63","05/12","+2","+4,054","6.94","0.26","+2","+3,443","5.9","0.22","-1","-129","-0.43","-0.01","+2","+7,467","12.8","0.47"
"3042","晶技","149.5","-6","-3.86","05/12","+2","+5,321","18.3","1.55","-4","-179","-0.26","-0.05","-5","-3,355","-3.8","-0.98","+2","+4,368","15.1","1.27"
"3047","訊舟","14.55","-0.1","-0.68","05/12","+2","+915","42","0.41","0","0","0","0","+1","+6","0.54","0","+2","+915","42","0.41"
"3073","天方能源","21.45","+0.35","+1.66","05/12","+2","+113","21.4","0.29","0","0","0","0","+1","0","0.02","0","+2","+113","21.4","0.29"
"3131","弘塑","3140","+50","+1.62","05/12","+2","+404","25.6","1.38","-2","-285","-18","-0.97","-1","-4","-0.51","-0.01","+2","+123","7.8","0.42"
"3138","耀登","160.5","+2.5","+1.58","05/12","+2","+216","8.11","0.42","0","0","0","0","+4","+21","0.38","0.04","+2","+227","8.51","0.44"
"3141","晶宏","63","+5.7","+9.95","05/12","+2","+554","8.26","0.73","0","0","0","0","+4","+263","1.75","0.35","+2","+615","9.17","0.81"
"3149","正達","51.4","+0.9","+1.78","05/12","+2","+2,399","10.2","1.06","0","0","0","0","-2","-7","-0.03","0","+2","+2,392","10.1","1.06"
"3167","大量","760","+32","+4.4","05/12","+2","+632","22.3","0.71","-17","-2,908","-8.61","-3.26","-1","-7","-0.86","-0.01","+1","+168","21.3","0.19"
"3171","炎洲流通","67.2","-0.4","-0.59","05/12","+2","+5","1.65","0.02","0","0","0","0","0","0","0","0","+2","+5","1.65","0.02"
"3230","錦明","32.85","+0.3","+0.92","05/12","+2","+102","7.82","0.12","0","0","0","0","-2","-2","-0.12","0","+2","+100","7.7","0.12"
"3264","欣銓","228.5","+3","+1.33","05/12","+2","+493","2.52","0.1","-2","-585","-2.99","-0.12","-3","-649","-1.6","-0.13","-5","-8,062","-9.66","-1.64"
"3294","英濟","31.1","+0.4","+1.3","05/12","+2","+240","23.3","0.18","0","0","0","0","+1","+1","0.16","0","+2","+240","23.4","0.18"
"3312","弘憶股","45.6","+1.1","+2.47","05/12","+2","+1,509","17","0.83","0","0","0","0","+2","+78","0.88","0.04","+2","+1,587","17.9","0.87"
"3322","建舜電","13.8","+0.65","+4.94","05/12","+2","+335","21.8","0.24","0","0","0","0","0","0","0","0","+2","+335","21.8","0.24"
"3325","旭品","12.3","-0.45","-3.53","05/12","+2","+85","12.9","0.08","0","0","0","0","+1","0","0.09","0","+2","+85","13","0.08"
"3339","泰谷","52.3","-1.7","-3.15","05/12","+2","+1,111","11.1","1.67","0","0","0","0","+3","+3","0.01","0","+2","+1,113","11.2","1.67"
"3432","台端","19.3","-0.65","-3.26","05/12","+2","+81","14.5","0.19","0","0","0","0","0","0","0","0","+2","+77","13.8","0.18"
"3492","長盛","22.65","-0.25","-1.09","05/12","+2","+6","5.58","0.02","0","0","0","0","0","0","0","0","+2","+6","5.58","0.02"
"3499","環天科","14.8","-0.25","-1.66","05/12","+2","+34","7.87","0.06","0","0","0","0","-1","0","-0.02","0","+2","+34","7.9","0.06"
"3504","揚明光","65.6","+2.8","+4.46","05/12","+2","+149","11.4","0.13","0","0","0","0","-2","-6","-0.46","-0.01","+2","+143","10.9","0.13"
"3529","力旺","4115","-345","-7.74","05/12","+2","+556","16.5","0.74","+1","+78","4.23","0.1","+2","+47","1.39","0.06","+2","+648","19.2","0.87"
"3548","兆利","99.9","-0.6","-0.6","05/12","+2","+162","14.7","0.24","0","0","0","0","-5","-96","-2.44","-0.14","+2","+131","11.9","0.19"
"3552","同致","56.4","+1.4","+2.55","05/12","+2","+77","13.2","0.08","0","0","0","0","+1","+4","1.17","0","+1","+48","14.1","0.05"
"3563","牧德","815","+8","+0.99","05/12","+2","+263","11.5","0.41","-1","-152","-12.5","-0.24","-1","-19","-1.59","-0.03","-1","-65","-5.37","-0.1"
"3588","通嘉","62.3","-1.3","-2.04","05/12","+2","+213","13.7","0.34","0","0","0","0","-2","-1","-0.09","0","+2","+212","13.6","0.34"
"3672","康聯訊","11.2","-0.4","-3.45","05/12","+2","+13","11.8","0.03","0","0","0","0","0","0","0","0","+2","+15","13.6","0.04"
"3708","上緯投控","121.5","0","0","05/12","+2","+990","36","1.01","0","0","0","0","+2","+98","3.58","0.1","+2","+1,088","39.6","1.12"
"4107","邦特","120.5","-0.5","-0.41","05/12","+2","+101","24.3","0.15","0","0","0","0","0","0","0","0","+2","+101","24.3","0.15"
"4116","明基醫","38.8","-0.1","-0.26","05/12","+2","+2","1.64","0","0","0","0","0","0","0","0","0","+2","+2","1.64","0"
"4130","健亞","28.25","+0.6","+2.17","05/12","+2","+68","16.6","0.05","0","0","0","0","+2","+2","0.37","0","+2","+70","17","0.05"
"4139","馬光-KY","23.5","+0.1","+0.43","05/12","+2","+2","5.26","0","0","0","0","0","0","0","0","0","+2","+2","5.26","0"
"4157","太景*-KY","9.23","-0.03","-0.32","05/12","+2","+515","17.4","0.07","0","0","0","0","+1","+1","0.05","0","+2","+514","17.4","0.07"
"4160","訊聯基因","42.3","-0.9","-2.08","05/12","+2","+6","3.99","0.02","0","0","0","0","0","0","0","0","+2","+6","3.99","0.02"
"4426","利勤","8","0","0","05/12","+2","+57","17.6","0.03","0","0","0","0","-3","-21","-3.11","-0.01","+2","+44","13.6","0.03"
"4433","興采","20.3","+0.15","+0.74","05/12","+2","+7","7.02","0.01","0","0","0","0","0","0","0","0","+2","+7","7.02","0.01"
"4502","健信","15.9","+0.25","+1.6","05/12","+2","+12","18.2","0.02","0","0","0","0","0","0","0","0","+2","+14","21.3","0.02"
"4532","瑞智","23.15","-0.05","-0.22","05/12","+2","+1,043","32.4","0.21","-5","-178","-3","-0.04","-2","-17","-0.52","0","+2","+955","29.7","0.19"
"4551","智伸科","155.5","+7","+4.71","05/12","+2","+830","21.1","0.72","0","0","0","0","+2","+42","1.08","0.04","+2","+872","22.1","0.76"
"4563","百德","49","-1.3","-2.58","05/12","+2","+68","12.7","0.12","0","0","0","0","-1","0","-0.18","0","+2","+68","12.7","0.12"
"4583","台灣精銳","777","-6","-0.77","05/12","+2","+70","9.63","0.09","0","0","0","0","-1","-4","-1.78","-0.01","+4","+133","12.9","0.17"
"4716","大立","15.15","+0.1","+0.66","05/12","+2","+51","5.25","0.05","0","0","0","0","-1","0","0","0","+2","+51","5.25","0.05"
"4739","康普","101","+5.5","+5.76","05/12","+2","+3,633","19.2","2.91","0","0","0","0","-1","-81","-0.54","-0.06","+2","+3,730","19.7","2.99"
"4763","材料*-KY","41.9","-0.05","-0.12","05/12","+2","+2,127","19.1","0.22","0","0","0","0","+2","+3","0.03","0","+2","+2,125","19","0.21"
"4903","聯光通","44.4","+1.1","+2.54","05/12","+2","+229","3.54","0.22","0","0","0","0","-2","-1","-0.01","0","+2","+228","3.53","0.22"
"4916","事欣科","68.4","+1.4","+2.09","05/12","+2","+2,627","12.9","2.38","0","0","0","0","+3","+729","2.66","0.66","+2","+3,355","16.5","3.03"
"4923","力士","37.5","+0.1","+0.27","05/12","+2","+16","2.92","0.05","0","0","0","0","-1","-2","-0.5","-0.01","+2","+15","2.73","0.04"
"4930","燦星網","17.75","-0.1","-0.56","05/12","+2","+11","7.47","0.01","0","0","0","0","0","0","0","0","+2","+8","5.44","0.01"
"4952","凌通","51","-0.6","-1.16","05/12","+2","+567","15.8","0.52","0","0","0","0","-3","-5","-0.11","0","+2","+562","15.6","0.52"
"4976","佳凌","29.4","+0.4","+1.38","05/12","+2","+245","26","0.17","0","0","0","0","-3","-11","-0.65","-0.01","+2","+235","25","0.17"
"4977","眾達-KY","270.5","+24.5","+9.96","05/12","+2","+1,784","4.49","2.22","-1","-6","-0.03","-0.01","+1","+39","0.17","0.05","+2","+1,652","4.16","2.06"
"5220","萬達光電","20.8","+0.35","+1.71","05/12","+2","+13","7","0.03","0","0","0","0","0","0","0","0","+2","+13","7","0.03"
"5225","東科-KY","71.6","-1.8","-2.45","05/12","+2","+266","21.7","0.34","0","0","0","0","-3","-7","-0.36","-0.01","+2","+261","21.3","0.33"
"5230","雷笛克光學","16.6","+0.15","+0.91","05/12","+2","+43","11.7","0.08","0","0","0","0","-2","0","-0.04","0","+2","+43","11.6","0.08"
"5287","數字","150","-1","-0.66","05/12","+2","+9","4.82","0.01","0","0","0","0","0","0","0","0","+2","+9","4.82","0.01"
"5321","美而快","22.5","+0.15","+0.67","05/12","+2","+6","1.53","0.01","0","0","0","0","0","0","0","0","+2","+6","1.53","0.01"
"5351","鈺創","83.8","+3.7","+4.62","05/12","+2","+5,281","6.22","1.61","+2","+40","0.05","0.01","+1","+37","0.07","0.01","+2","+5,358","6.31","1.63"
"5452","佶優","33.5","-0.1","-0.3","05/12","+2","+1,167","23.8","0.78","0","0","0","0","-1","-14","-0.72","-0.01","+2","+1,186","24.2","0.8"
"5457","宣德","35.7","-0.7","-1.92","05/12","+2","+24","2.03","0.01","0","0","0","0","-1","-5","-0.73","0","+2","+46","3.9","0.02"
"5474","聰泰","163.5","-1","-0.61","05/12","+2","+134","15.1","0.34","0","0","0","0","+1","+5","1.37","0.01","+3","+139","9.25","0.35"
"5484","慧友","39","+0.8","+2.09","05/12","+2","+131","14.8","0.2","-1","-4","-0.71","-0.01","0","0","0","0","+2","+127","14.4","0.19"
"5508","永信建","49.35","-0.4","-0.8","05/12","+2","+110","20.3","0.05","0","0","0","0","+1","0","0","0","+2","+101","18.7","0.05"
"5512","力麒","6.91","-0.01","-0.14","05/12","+2","+53","2.19","0.01","0","0","0","0","0","0","0","0","+2","+53","2.19","0.01"
"5516","雙喜","10.8","-0.1","-0.92","05/12","+2","+6","4.61","0.01","0","0","0","0","0","0","0","0","+2","+6","4.61","0.01"
"5608","四維航","15.05","-0.1","-0.66","05/12","+2","+249","6.41","0.06","0","0","0","0","-4","-19","-0.25","0","+2","+232","5.98","0.06"
"5876","上海商銀","40.1","+0.25","+0.63","05/12","+2","+20,618","55.4","0.42","-11","-6,578","-6.04","-0.14","-12","-4,237","-3.57","-0.09","+2","+19,065","51.2","0.39"
"5878","台名","40.7","+0.05","+0.12","05/12","+2","+4","14.9","0.02","0","0","0","0","0","0","0","0","+2","+4","14.9","0.02"
"6005","群益證","31.7","-0.55","-1.71","05/12","+2","+9,669","21.2","0.45","-2","-3,755","-8.23","-0.17","0","0","0","0","-1","-1,361","-6.92","-0.06"
"6023","元大期","99.8","+0.3","+0.3","05/12","+2","+68","13.7","0.02","-1","-77","-23","-0.02","0","0","0","0","-1","-74","-22.1","-0.02"
"6126","信音","33.15","+0.15","+0.45","05/12","+2","+328","17.2","0.25","0","0","0","0","+2","+31","1.65","0.02","+2","+359","18.9","0.28"
"6146","耕興","215","+1.5","+0.7","05/12","+2","+92","12.2","0.09","0","0","0","0","+1","+3","1.3","0","+2","+80","10.6","0.08"
"6154","順發","12.85","+0.05","+0.39","05/12","+2","+10","6.18","0.01","0","0","0","0","0","0","0","0","+2","+10","6.18","0.01"
"6166","凌華","101.5","+8.8","+9.49","05/12","+2","+913","8.86","0.42","0","0","0","0","+3","+222","1.51","0.1","+5","+2,685","11.5","1.23"
"6168","宏齊","26.85","+0.35","+1.32","05/12","+2","+898","14.4","0.44","0","0","0","0","-3","-14","-0.13","-0.01","+2","+885","14.2","0.43"
"6188","廣明","85.6","+0.8","+0.94","05/12","+2","+1,283","36.1","0.46","0","0","0","0","+2","+30","0.85","0.01","+2","+1,244","35","0.45"
"6204","艾華","77","+4","+5.48","05/12","+2","+155","19.1","0.67","0","0","0","0","-1","-3","-0.48","-0.01","+2","+152","18.8","0.66"
"6210","慶生","20.6","+0.15","+0.73","05/12","+2","+2","1.51","0.01","0","0","0","0","0","0","0","0","+2","+2","1.51","0.01"
"6215","和椿","126","+6.5","+5.44","05/12","+2","+1,256","7.69","1.52","0","0","0","0","+3","+206","1.11","0.25","+2","+1,444","8.83","1.74"
"6223","旺矽","5480","+495","+9.93","05/12","+2","+168","5.33","0.17","+1","+1","0.1","0","+4","+122","2.1","0.12","+1","+88","8.79","0.09"
"6234","高僑","55.5","+1.5","+2.78","05/12","+2","+461","8.33","0.46","0","0","0","0","-1","-3","-0.13","0","+4","+641","6.02","0.64"
"6241","鑫永洋","8.68","0","0","05/12","+2","+14","3.7","0.03","0","0","0","0","0","0","0","0","+2","+14","3.7","0.03"
"6243","迅杰","34.35","-0.1","-0.29","05/12","+2","+84","14","0.19","0","0","0","0","0","0","0","0","+2","+81","13.5","0.18"
"6245","立端","82.8","+1.5","+1.85","05/12","+2","+641","28","0.44","0","0","0","0","+1","+1","0.08","0","+2","+641","28","0.44"
"6271","同欣電","183","-2.5","-1.35","05/12","+2","+1,255","13","0.6","0","0","0","0","-1","-60","-1.42","-0.03","+2","+1,207","12.5","0.58"
"6277","宏正","70.8","-1","-1.39","05/12","+2","+73","17.8","0.06","0","0","0","0","-1","-2","-1.03","0","+2","+71","17.3","0.06"
"6411","晶焱","84.5","+2.1","+2.55","05/12","+2","+289","16.6","0.29","0","0","0","0","-1","-1","-0.1","0","+2","+289","16.5","0.29"
"6419","京晨科","150.5","+13.5","+9.85","05/12","+2","+47","4.77","0.36","0","0","0","0","+2","+9","0.95","0.07","+2","+56","5.72","0.43"
"6435","大中","248.5","+17","+7.34","05/12","+2","+427","12","1.14","0","0","0","0","+2","+4","0.1","0.01","+2","+431","12.1","1.15"
"6438","迅得","171.5","+0.5","+0.29","05/12","+2","+571","23.3","0.69","-1","-320","-22","-0.39","-1","-21","-1.44","-0.03","+2","+264","10.8","0.32"
"6461","益得","16.7","-0.1","-0.6","05/12","+2","+83","16.2","0.05","0","0","0","0","+1","0","0.02","0","+2","+83","16.1","0.05"
"6477","安集","34.65","+0.15","+0.43","05/12","+2","+86","6.12","0.07","0","0","0","0","-2","-4","-0.28","0","+2","+82","5.84","0.07"
"6552","易華電","30","-0.5","-1.64","05/12","+2","+36","6.2","0.04","0","0","0","0","-1","-4","-1.84","0","+2","+32","5.51","0.04"
"6593","台灣銘板","35.4","+0.25","+0.71","05/12","+2","+23","6.22","0.07","0","0","0","0","0","0","0","0","+2","+23","6.22","0.07"
"6609","瀧澤科","41.65","-1.65","-3.81","05/12","+2","+324","22.3","0.45","0","0","0","0","0","0","0","0","+2","+324","22.3","0.45"
"6657","華安","39.7","-0.2","-0.5","05/12","+2","+22","3.45","0.02","0","0","0","0","0","0","0","0","+2","+20","3.13","0.02"
"6658","聯策","194","+17.5","+9.92","05/12","+2","+126","9.69","0.35","-1","-2","-0.27","-0.01","+3","+68","3.76","0.19","+2","+192","14.8","0.53"
"6670","復盛應用","274.5","+12","+4.57","05/12","+2","+270","20.2","0.19","+3","+90","4.87","0.06","-1","-5","-0.54","0","+2","+310","23.2","0.22"
"6680","鑫創電子","54.1","+0.1","+0.19","05/12","+2","+6","32.3","0.03","0","0","0","0","0","0","0","0","+2","+6","32.3","0.03"
"6742","澤米","40.15","+0.65","+1.65","05/12","+2","+136","24.4","0.19","0","0","0","0","-2","-2","-0.36","0","+2","+134","24","0.19"
"6751","智聯服務","48.8","-0.6","-1.21","05/12","+2","+4","5.05","0.02","0","0","0","0","0","0","0","0","+2","+4","5.05","0.02"
"6831","邁科","626","+32","+5.39","05/12","+2","+689","15.8","1.02","-1","-1","-0.04","0","-1","-16","-0.75","-0.02","+2","+845","19.4","1.25"
"6844","諾貝兒","64.6","-0.3","-0.46","05/12","+2","+3","7.12","0.01","0","0","0","0","0","0","0","0","+2","+3","7.12","0.01"
"6861","睿生光電","426","+37","+9.51","05/12","+2","+54","5.79","0.13","0","0","0","0","+2","+51","5.46","0.12","+2","+105","11.2","0.25"
"6877","鏵友益","169","+6","+3.68","05/12","+2","+34","4.4","0.07","0","0","0","0","+1","+1","0.13","0","+2","+34","4.4","0.07"
"6890","來億-KY","168.5","+7.5","+4.66","05/12","+2","+521","36.3","0.21","0","0","0","0","-1","-32","-3.64","-0.01","+2","+489","34.1","0.2"
"6909","創控","57.2","+0.9","+1.6","05/12","+2","+214","9.79","0.32","0","0","0","0","-1","-2","-0.12","0","+2","+213","9.76","0.32"
"6922","宸曜","183","+4","+2.23","05/12","+2","+38","14","0.14","0","0","0","0","+2","+28","10.5","0.1","+2","+66","24.4","0.24"
"6929","佑全","24.2","-0.6","-2.42","05/12","+2","+4","9.61","0.01","0","0","0","0","0","0","0","0","+2","+4","9.61","0.01"
"6933","AMAX-KY","179","+16","+9.82","05/12","+2","+62","8.12","0.15","0","0","0","0","+1","+6","1.07","0.02","+2","+68","8.85","0.16"
"6994","富威電力","63.9","-0.4","-0.62","05/12","+2","+67","11.5","0.09","0","0","0","0","-4","-9","-0.63","-0.01","+2","+62","10.7","0.08"
"7704","明遠精密","60.7","+2.4","+4.12","05/12","+2","+58","17.8","0.17","0","0","0","0","0","0","0","0","+2","+58","17.8","0.17"
"7713","威力德生醫","68.5","+0.5","+0.74","05/12","+2","+4","14.9","0.01","0","0","0","0","0","0","0","0","+2","+4","14.9","0.01"
"7782","光速火箭","26.85","-0.2","-0.74","05/12","+2","+16","27","0.07","0","0","0","0","+1","+3","12","0.01","+2","+19","32.1","0.08"
"7795","長廣","400","+36","+9.89","05/12","+2","+599","37.3","0.76","-1","-1","-0.1","0","+1","+4","0.36","0","+2","+601","37.4","0.76"
"7805","威聯通","730","-2","-0.27","05/12","+2","+22","6.03","0.07","0","0","0","0","-1","0","-0.06","0","+2","+25","6.74","0.07"
"7821","神數","44.5","-0.35","-0.78","05/12","+2","+55","11","0.05","0","0","0","0","-3","-3","-0.42","0","+2","+53","10.6","0.04"
"7842","天能綠電","118.5","-7","-5.58","05/12","+2","+7","0.75","0.04","0","0","0","0","0","0","0","0","+2","+7","0.75","0.04"
"8016","矽創","274","+5.5","+2.05","05/12","+2","+1,167","23.9","0.97","-5","-99","-0.51","-0.08","-3","-126","-1.02","-0.1","+2","+1,001","20.5","0.83"
"8021","尖點","471.5","+42.5","+9.91","05/12","+2","+926","8.6","0.64","-1","-367","-4.2","-0.25","-1","-31","-0.35","-0.02","+2","+537","4.99","0.37"
"8028","昇陽半導體","238.5","+4.5","+1.92","05/12","+2","+642","2.28","0.36","0","0","0","0","+3","+337","0.81","0.19","+2","+940","3.33","0.52"
"8070","長華*","47.6","-0.65","-1.35","05/12","+2","+1,005","19.2","0.14","-5","-413","-2.47","-0.06","-3","-163","-2.01","-0.02","-1","-145","-5.56","-0.02"
"8102","傑霖科技","64.3","-3.8","-5.58","05/12","+2","+7","5.14","0.03","0","0","0","0","0","0","0","0","+2","+7","5.14","0.03"
"8103","瀚荃","118","+2.5","+2.16","05/12","+2","+739","12.3","0.94","0","0","0","0","+1","+70","2.72","0.09","+2","+763","12.7","0.97"
"8109","博大","117.5","-0.5","-0.42","05/12","+2","+133","23.5","0.16","0","0","0","0","+1","+1","0.26","0","+2","+134","23.7","0.16"
"8234","新漢","70.8","-0.4","-0.56","05/12","+2","+293","15.1","0.21","0","0","0","0","+2","+14","0.74","0.01","+2","+307","15.8","0.22"
"8431","匯鑽科","61.1","+0.2","+0.33","05/12","+2","+83","6.34","0.17","0","0","0","0","-1","-2","-0.31","0","+2","+91","6.97","0.19"
"8432","東生華","49.55","-0.05","-0.1","05/12","+2","+8","2.4","0.02","0","0","0","0","0","0","0","0","+2","+8","2.4","0.02"
"8489","三貝德","25","0","0","05/12","+2","+54","29.9","0.09","0","0","0","0","+1","0","0","0","+2","+54","29.9","0.09"
"8908","欣雄","39.1","+0.3","+0.77","05/12","+2","+49","7.9","0.02","0","0","0","0","0","0","0","0","+2","+49","7.9","0.02"
"8930","青鋼","28.9","0","0","05/12","+2","+43","13.2","0.05","0","0","0","0","0","0","0","0","+2","+43","13.2","0.05"
"8931","大汽電","41.3","-0.3","-0.72","05/12","+2","+4","3.68","0","0","0","0","0","0","0","0","0","+2","+4","3.68","0"
"910861","神州-DR","4.93","+0.18","+3.79","05/12","+2","+47","18","0.14","0","0","0","0","0","0","0","0","+2","+47","18","0.14"
"9921","巨大","72.1","+2.3","+3.3","05/12","+2","+815","10.8","0.21","-2","-2","-0.03","0","+2","+25","0.33","0.01","+2","+837","11.1","0.21"
"9939","宏全","122.5","+2.5","+2.08","05/12","+2","+3,108","33.3","1.05","-5","-217","-1.65","-0.07","+1","+10","0.23","0","+2","+3,034","32.6","1.03"
"9958","世紀鋼","104.5","+1","+0.97","05/12","+2","+161","7.24","0.07","0","0","0","0","-3","-55","-1.53","-0.02","+2","+121","5.45","0.05"
