排名,代號,名稱,成交,漲跌 價,漲跌 幅,持股 資料 月份,非獨 董監 持股 (萬張),非獨 董監 增減 張數,非獨 董監 持股 (%),非獨 董監 質押 (萬張),非獨 董監 質押 (%),獨立 董監 持股 (萬張),獨立 董監 增減 張數,獨立 董監 持股 (%),獨立 董監 質押 (萬張),獨立 董監 質押 (%),全體 董監 持股 (萬張),全體 董監 增減 張數,全體 董監 持股 (%),全體 董監 質押 (萬張),全體 董監 質押 (%)
601,1201,味全,12.2,0.0,0.0,26M07,7.36,0.0,14.6,0,0,0.0,0.0,0.0,0,0,7.36,0.0,14.6,0,0
602,1213,大飲,7.33,-0.27,-3.55,26M07,1.59,0.0,28.1,0,0,0.0,0.0,0.0,0,0,1.59,0.0,28.1,0,0
603,1215,卜蜂,107.0,-0.5,-0.47,26M07,8.37,0.0,28.4,0,0,0.0,0.0,0.0,0,0,8.37,0.0,28.4,0,0
604,1219,福壽,11.05,0.0,0.0,26M07,3.26,0.0,9.54,0,0,0.0,0.0,0.01,0,0,3.26,0.0,9.55,0,0
605,1220,台榮,11.0,-0.05,-0.45,26M07,4.12,0.0,23.3,0,0,0.01,0.0,0.07,0,0,4.13,0.0,23.3,0,0
606,1225,福懋油,24.75,-0.05,-0.2,26M07,0.61,0.0,2.53,0,0,0.0,0.0,0.0,0,0,0.61,0.0,2.53,0,0
607,1227,佳格,28.6,-0.3,-1.04,26M07,2.93,0.0,3.2,0,0,0.0,0.0,0.0,0,0,2.93,0.0,3.2,0,0
608,1232,大統益,152.5,-2.0,-1.29,26M07,9.72,-76.0,60.7,0,0,0.0,0.0,0.0,0,0,9.72,-76.0,60.7,0,0
609,1236,宏亞,25.4,0.3,1.2,26M07,1.45,-9.0,16.7,0,0,0.0,0.0,0.0,0,0,1.45,-9.0,16.7,0,0
610,1264,德麥,259.5,0.5,0.19,26M07,0.59,0.0,15.9,0,0,0.0,0.0,0.0,0,0,0.59,0.0,15.9,0,0
611,1268,漢來美食,181.5,1.5,0.83,26M07,0.68,0.0,16.0,0,0,0.0,0.0,0.0,0,0,0.68,0.0,16.0,0,0
612,1294,漢田生技,57.3,-0.9,-1.55,26M07,0.78,1293.0,25.4,0,0,0.0,0.0,0.0,0,0,0.78,1293.0,25.4,0,0
613,1295,生合,46.7,0.3,0.65,26M07,0.48,50.0,13.9,0,0,0.0,0.0,0.0,0,0,0.48,50.0,13.9,0,0
614,1301,台塑,60.0,2.5,4.35,26M07,92.1,0.0,14.5,0,0,0.0,0.0,0.0,0,0,92.1,0.0,14.5,0,0
615,1304,台聚,12.0,-0.2,-1.64,26M07,29.0,0.0,24.4,0,0,0.0,0.0,0.0,0,0,29.0,0.0,24.4,0,0
616,1305,華夏,11.8,-0.15,-1.26,26M07,19.3,0.0,33.1,0,0,0.0,0.0,0.0,0,0,19.3,0.0,33.1,0,0
617,1307,三芳,30.4,-0.15,-0.49,26M07,3.77,0.0,9.47,0,0,0.0,0.0,0.0,0,0,3.77,0.0,9.47,0,0
618,1308,亞聚,13.35,-0.25,-1.84,26M07,23.0,0.0,38.8,0,0,0.0,0.0,0.0,0,0,23.0,0.0,38.8,0,0
619,1309,台達化,12.95,-0.05,-0.38,26M07,15.7,0.0,39.4,0,0,0.0,0.0,0.0,0,0,15.7,0.0,39.4,0,0
620,1310,台苯,8.3,0.16,1.97,26M07,2.26,0.0,4.27,0,0,0.0,0.0,0.0,0,0,2.26,0.0,4.27,0,0
621,1316,上曜,10.0,0.0,0.0,26M07,2.01,0.0,5.0,0,0,0.0,0.0,0.0,0,0,2.01,0.0,5.0,0,0
622,1319,東陽,83.9,4.7,5.93,26M07,10.9,0.0,18.4,0,0,0.0,0.0,0.0,0,0,10.9,0.0,18.4,0,0
623,1321,大洋,31.85,-0.5,-1.55,26M07,1.34,0.0,5.89,0,0,0.0,0.0,0.0,0,0,1.34,0.0,5.89,0,0
624,1324,地球,10.2,0.1,0.99,26M07,0.61,0.0,8.05,0,0,0.0,0.0,0.0,0,0,0.61,0.0,8.05,0,0
625,1325,恆大,26.2,0.2,0.77,26M07,2.47,0.0,28.9,0,0,0.0,0.0,0.0,0,0,2.47,0.0,28.9,0,0
626,1326,台化,60.5,1.0,1.68,26M07,33.4,0.0,5.7,0,0,0.0,0.0,0.0,0,0,33.4,0.0,5.7,0,0
627,1336,台翰,17.65,1.6,9.97,26M07,2.26,0.0,29.1,0,0,0.0,0.0,0.05,0,0,2.26,0.0,29.2,0,0
628,1337,再生-KY,4.67,-0.03,-0.64,26M07,3.89,0.0,14.5,0,0,0.0,0.0,0.0,0,0,3.89,0.0,14.5,0,0
629,1339,昭輝,46.35,0.25,0.54,26M07,3.59,178.0,48.4,0,0,0.0,0.0,0.0,0,0,3.59,178.0,48.4,0,0
630,1340,勝悅-KY,5.14,-0.05,-0.96,26M07,0.0,0.0,0.0,0,0,0.0,0.0,0.0,0,0,0.0,0.0,0.0,0,0
631,1341,富林-KY,60.6,-0.1,-0.16,26M07,0.04,0.0,0.82,0,0,0.0,0.0,0.0,0,0,0.04,0.0,0.82,0,0
632,1342,八貫,103.0,-1.0,-0.96,26M07,1.35,0.0,17.3,0,0,0.0,0.0,0.0,0,0,1.35,0.0,17.3,0,0
633,1410,南染,25.85,-0.15,-0.58,26M07,1.26,6.0,20.4,0,0,0.0,0.0,0.0,0,0,1.26,6.0,20.4,0,0
634,1413,宏洲,9.44,-0.02,-0.21,26M07,4.43,0.0,33.6,0,0,0.0,0.0,0.0,0,0,4.43,0.0,33.6,0,0
635,1416,廣豐,11.9,0.15,1.28,26M07,1.12,0.0,6.04,0,0,0.0,0.0,0.0,0,0,1.12,0.0,6.04,0,0
636,1417,嘉裕,8.31,0.02,0.24,26M07,2.4,0.0,12.7,0,0,0.0,0.0,0.0,0,0,2.4,0.0,12.7,0,0
637,1418,東華,17.9,-0.1,-0.56,26M07,2.57,0.0,45.2,0,0,0.0,0.0,0.0,0,0,2.57,0.0,45.2,0,0
638,1423,利華,35.5,0.0,0.0,26M07,2.75,0.0,27.6,0,0,0.0,0.0,0.0,0,0,2.75,0.0,27.6,0,0
639,1435,中福,24.9,-0.6,-2.35,26M07,0.01,0.0,0.06,0,0,0.0,0.0,0.0,0,0,0.01,0.0,0.06,0,0
640,1436,華友聯,36.55,-0.65,-1.75,26M07,2.73,0.0,14.0,0,0,0.0,0.0,0.0,0,0,2.73,0.0,14.0,0,0
641,1437,勤益控,31.4,-0.1,-0.32,26M07,0.47,0.0,2.33,0,0,0.0,0.0,0.0,0,0,0.47,0.0,2.33,0,0
642,1438,三地開發,22.2,-0.2,-0.89,26M07,0.84,0.0,7.56,0,0,0.0,0.0,0.0,0,0,0.84,0.0,7.56,0,0
643,1439,雋揚,28.55,-0.2,-0.7,26M07,0.55,0.0,5.95,0,0,0.0,0.0,0.0,0,0,0.55,0.0,5.95,0,0
644,1440,南紡,13.55,-0.1,-0.73,26M07,29.6,0.0,17.8,0,0,0.0,0.0,0.0,0,0,29.6,0.0,17.8,0,0
645,1441,大東,8.9,-0.01,-0.11,26M07,2.3,0.0,32.1,0,0,0.0,0.0,0.0,0,0,2.3,0.0,32.1,0,0
646,1442,名軒,29.8,-0.05,-0.17,26M07,1.55,0.0,4.23,0,0,0.0,0.0,0.0,0,0,1.55,0.0,4.23,0,0
647,1444,力麗,7.2,-0.02,-0.28,26M07,19.9,0.0,20.0,0,0,0.0,0.0,0.0,0,0,19.9,0.0,20.0,0,0
648,1445,大宇,10.2,0.0,0.0,26M07,4.11,0.0,31.5,0,0,0.0,0.0,0.0,0,0,4.11,0.0,31.5,0,0
649,1446,宏和,13.95,-0.05,-0.36,26M07,1.3,0.0,9.41,0,0,0.0,0.0,0.0,0,0,1.3,0.0,9.41,0,0
650,1447,力鵬,6.89,-0.02,-0.29,26M07,24.9,0.0,27.4,0,0,0.0,0.0,0.0,0,0,24.9,0.0,27.4,0,0
651,1449,佳和,12.15,-0.35,-2.8,26M07,1.21,0.0,9.55,0,0,0.0,0.0,0.0,0,0,1.21,0.0,9.55,0,0
652,1451,年興,17.45,0.05,0.29,26M07,3.82,0.0,19.3,0,0,0.0,0.0,0.0,0,0,3.82,0.0,19.3,0,0
653,1452,宏益,11.6,0.05,0.43,26M07,1.09,0.0,8.21,0,0,0.0,0.0,0.0,0,0,1.09,0.0,8.21,0,0
654,1453,大將,11.3,-0.1,-0.88,26M07,2.23,0.0,19.7,0,0,0.0,0.0,0.0,0,0,2.23,0.0,19.7,0,0
655,1454,台富,12.6,-0.1,-0.79,26M07,3.88,0.0,29.9,0,0,0.0,0.0,0.0,0,0,3.88,0.0,29.9,0,0
656,1455,集盛,9.77,-0.12,-1.21,26M07,8.96,0.0,16.9,0,0,0.0,0.0,0.0,0,0,8.96,0.0,16.9,0,0
657,1456,怡華,13.85,0.3,2.21,26M07,4.42,-121.0,47.1,0,0,0.0,0.0,0.0,0,0,4.42,-121.0,47.1,0,0
658,1457,宜進,14.35,-0.2,-1.37,26M07,2.98,0.0,9.42,0,0,0.0,0.0,0.0,0,0,2.98,0.0,9.42,0,0
659,1465,偉全,12.15,0.0,0.0,26M07,2.2,0.0,21.3,0,0,0.01,0.0,0.1,0,0,2.21,0.0,21.3,0,0
660,1468,昶和,13.3,-0.2,-1.48,26M07,4.86,0.0,30.3,0,0,0.0,0.0,0.0,0,0,4.86,0.0,30.3,0,0
661,1470,大統新創,23.3,-0.7,-2.92,26M07,1.05,0.0,12.3,0,0,0.0,0.0,0.0,0,0,1.05,0.0,12.3,0,0
662,1471,首利,9.51,0.01,0.11,26M07,1.92,0.0,12.7,0,0,0.0,0.0,0.0,0,0,1.92,0.0,12.7,0,0
663,1472,三洋實業,89.0,0.0,0.0,26M07,2.19,0.0,41.7,0,0,0.0,0.0,0.0,0,0,2.19,0.0,41.7,0,0
664,1474,弘裕,9.94,-0.16,-1.58,26M07,2.43,0.0,18.7,0,0,0.0,0.0,0.0,0,0,2.43,0.0,18.7,0,0
665,1475,業旺,25.2,-0.75,-2.89,26M07,3.16,0.0,47.8,0,0,0.0,0.0,0.0,0,0,3.16,0.0,47.8,0,0
666,1476,儒鴻,322.0,-4.5,-1.38,26M07,3.04,0.0,11.1,0,0,0.0,0.0,0.0,0,0,3.04,0.0,11.1,0,0
667,1503,士電,198.5,-3.0,-1.49,26M07,13.9,0.0,26.7,0,0,0.0,0.0,0.0,0,0,13.9,0.0,26.7,0,0
668,1506,正道,10.2,-0.1,-0.97,26M07,9.12,0.0,30.4,0,0,0.0,0.0,0.0,0,0,9.12,0.0,30.4,0,0
669,1512,瑞利,6.7,-0.04,-0.59,26M07,1.36,0.0,13.9,0,0,0.0,0.0,0.0,0,0,1.36,0.0,13.9,0,0
670,1515,力山,33.55,3.05,10.0,26M07,2.99,0.0,16.5,0,0,0.0,0.0,0.0,0,0,2.99,0.0,16.5,0,0
671,1516,川飛,14.8,-0.2,-1.33,26M07,0.55,0.0,13.8,0,0,0.0,0.0,0.0,0,0,0.55,0.0,13.8,0,0
672,1517,利奇,11.45,-0.2,-1.72,26M07,2.25,0.0,10.2,0,0,0.0,0.0,0.0,0,0,2.25,0.0,10.2,0,0
673,1522,堤維西,27.8,-0.15,-0.54,26M07,2.4,0.0,7.66,0,0,0.0,0.0,0.0,0,0,2.4,0.0,7.66,0,0
674,1525,江申,68.0,0.6,0.89,26M07,5.64,0.0,76.8,0,0,0.0,0.0,0.0,0,0,5.64,0.0,76.8,0,0
675,1526,日馳,17.2,-0.4,-2.27,26M07,1.68,0.0,28.0,0,0,0.0,0.0,0.0,0,0,1.68,0.0,28.0,0,0
676,1527,鑽全,32.85,0.1,0.31,26M07,1.97,2.0,14.2,0,0,0.0,0.0,0.0,0,0,1.97,2.0,14.2,0,0
677,1528,恩德,19.4,0.0,0.0,26M07,1.27,0.0,6.64,0,0,0.0,0.0,0.0,0,0,1.27,0.0,6.64,0,0
678,1531,高林股,12.95,-0.1,-0.77,26M07,4.59,0.0,25.2,0,0,0.0,0.0,0.0,0,0,4.59,0.0,25.2,0,0
679,1533,車王電,31.85,-0.2,-0.62,26M07,3.08,0.0,31.3,0,0,0.0,0.0,0.04,0,0,3.08,0.0,31.3,0,0
680,1535,中宇,45.9,-0.25,-0.54,26M07,7.12,0.0,57.5,0,0,0.0,0.0,0.0,0,0,7.12,0.0,57.5,0,0
681,1538,正峰,9.2,0.0,0.0,26M07,1.77,0.0,54.7,0,0,0.0,0.0,0.0,0,0,1.77,0.0,54.7,0,0
682,1539,巨庭,16.05,-0.05,-0.31,26M07,0.97,0.0,14.9,0,0,0.0,0.0,0.0,0,0,0.97,0.0,14.9,0,0
683,1540,喬福,19.2,0.0,0.0,26M07,1.72,17.0,20.1,0,0,0.01,0.0,0.16,0,0,1.73,17.0,20.2,0,0
684,1541,錩泰,21.6,-0.1,-0.46,26M07,2.52,0.0,32.0,0,0,0.0,0.0,0.0,0,0,2.52,0.0,32.0,0,0
685,1558,伸興,96.6,-0.3,-0.31,26M07,0.63,0.0,9.71,0,0,0.0,0.0,0.0,0,0,0.63,0.0,9.71,0,0
686,1560,中砂,725.0,18.0,2.55,26M07,2.13,0.0,14.2,0,0,0.0,0.0,0.0,0,0,2.13,0.0,14.2,0,0
687,1565,精華,94.6,-1.4,-1.46,26M07,0.4,0.0,8.02,0,0,0.0,0.0,0.0,0,0,0.4,0.0,8.02,0,0
688,1568,倉佑,29.45,-0.65,-2.16,26M07,1.63,20.0,15.8,0,0,0.0,0.0,0.0,0,0,1.63,20.0,15.8,0,0
689,1570,力肯,34.15,0.0,0.0,26M07,2.08,0.0,40.4,0,0,0.0,0.0,0.0,0,0,2.08,0.0,40.4,0,0
690,1580,新麥,107.5,-2.0,-1.83,26M07,0.64,0.0,12.9,0,0,0.0,0.0,0.0,0,0,0.64,0.0,12.9,0,0
691,1582,信錦,74.2,-0.9,-1.2,26M07,1.84,0.0,12.7,0,0,0.0,0.0,0.0,0,0,1.84,0.0,12.7,0,0
692,1586,和勤,19.2,0.45,2.4,26M07,1.3,0.0,9.86,0,0,0.0,0.0,0.0,0,0,1.3,0.0,9.86,0,0
693,1599,宏佳騰,23.45,-0.3,-1.26,26M07,0.89,0.0,12.1,0,0,0.0,0.0,0.0,0,0,0.89,0.0,12.1,0,0
694,1603,華電,31.1,0.95,3.15,26M07,1.52,0.0,7.93,0,0,0.0,0.0,0.0,0,0,1.52,0.0,7.93,0,0
695,1604,聲寶,23.15,0.0,0.0,26M07,2.34,0.0,6.08,0,0,0.01,0.0,0.03,0,0,2.35,0.0,6.11,0,0
696,1605,華新,39.05,-0.25,-0.64,26M07,44.0,0.0,9.92,0,0,0.0,0.0,0.0,0,0,44.0,0.0,9.92,0,0
697,1608,華榮,37.0,0.2,0.54,26M07,21.3,0.0,33.6,0,0,0.0,0.0,0.0,0,0,21.3,0.0,33.6,0,0
698,1612,宏泰,34.8,0.5,1.46,26M07,3.94,0.0,12.4,0,0,0.05,0.0,0.15,0,0,3.98,0.0,12.6,0,0
699,1616,億泰,19.45,-0.25,-1.27,26M07,3.29,0.0,16.9,0,0,0.0,0.0,0.0,0,0,3.29,0.0,16.9,0,0
700,1618,合機,41.7,0.75,1.83,26M07,6.91,6.0,35.8,0,0,0.0,0.0,0.0,0,0,6.91,6.0,35.8,0,0
701,1623,大東電,209.0,-5.0,-2.34,26M07,2.69,0.0,40.8,0,0,0.0,0.0,0.0,0,0,2.69,0.0,40.8,0,0
702,1702,南僑,32.2,-0.65,-1.98,26M07,5.18,0.0,17.6,0,0,0.0,0.0,0.0,0,0,5.18,0.0,17.6,0,0
703,1707,葡萄王,89.3,0.6,0.68,26M07,2.41,1.0,16.3,0,0,0.0,0.0,0.0,0,0,2.41,1.0,16.3,0,0
704,1709,和益,30.35,-0.3,-0.98,26M07,8.51,-2851.0,17.8,0,0,0.0,-195.0,0.01,0,0,8.51,-3046.0,17.8,0,0
705,1713,國化,45.45,-0.55,-1.2,26M07,3.58,0.0,23.7,0,0,0.0,0.0,0.0,0,0,3.58,0.0,23.7,0,0
706,1714,和桐,16.4,-0.3,-1.8,26M07,10.6,0.0,10.7,0,0,0.0,0.0,0.0,0,0,10.6,0.0,10.7,0,0
707,1720,生達,55.9,-0.5,-0.89,26M07,2.93,2663.0,16.4,0,0,0.0,0.0,0.0,0,0,2.93,2663.0,16.4,0,0
708,1721,三晃,19.95,0.0,0.0,26M07,1.73,0.0,9.36,0,0,0.0,0.0,0.0,0,0,1.73,0.0,9.36,0,0
709,1722,台肥,45.25,-0.4,-0.88,26M07,23.6,0.0,24.1,0,0,0.0,0.0,0.0,0,0,23.6,0.0,24.1,0,0
710,1723,中碳,82.4,-1.2,-1.44,26M07,8.05,0.0,34.0,0,0,0.0,0.0,0.0,0,0,8.05,0.0,34.0,0,0
711,1725,元禎,30.7,-0.4,-1.29,26M07,2.08,0.0,11.5,0,0,0.0,0.0,0.0,0,0,2.08,0.0,11.5,0,0
712,1727,中華化,75.1,-1.3,-1.7,26M07,2.44,0.0,19.1,0,0,0.0,0.0,0.0,0,0,2.44,0.0,19.1,0,0
713,1731,美吾華,20.95,-0.05,-0.24,26M07,3.86,0.0,29.1,0,0,0.0,0.0,0.0,0,0,3.86,0.0,29.1,0,0
714,1732,毛寶,26.3,-0.05,-0.19,26M07,1.42,0.0,33.5,0,0,0.0,0.0,0.0,0,0,1.42,0.0,33.5,0,0
715,1733,五鼎,30.8,-0.3,-0.96,26M07,2.95,722.0,29.5,0,0,0.0,0.0,0.0,0,0,2.95,722.0,29.5,0,0
716,1734,杏輝,31.75,-0.1,-0.31,26M07,3.14,0.0,16.5,0,0,0.0,0.0,0.0,0,0,3.14,0.0,16.5,0,0
717,1735,日勝化,20.5,-0.05,-0.24,26M07,5.86,0.0,58.9,0,0,0.0,0.0,0.0,0,0,5.86,0.0,58.9,0,0
718,1737,臺鹽,32.1,0.1,0.31,26M07,8.86,0.0,44.3,0,0,0.0,0.0,0.0,0,0,8.86,0.0,44.3,0,0
719,1752,南光,31.95,-0.05,-0.16,26M07,1.02,4.0,10.1,0,0,0.0,0.0,0.0,0,0,1.02,4.0,10.1,0,0
720,1762,中化生,35.05,-0.05,-0.14,26M07,2.33,0.0,30.2,0,0,0.0,0.0,0.0,0,0,2.33,0.0,30.2,0,0
721,1773,勝一,157.5,-3.0,-1.87,26M07,9.28,0.0,30.9,0,0,0.0,0.0,0.0,0,0,9.28,0.0,30.9,0,0
722,1776,展宇,17.0,-0.3,-1.73,26M07,0.56,0.0,9.32,0,0,0.0,0.0,0.0,0,0,0.56,0.0,9.32,0,0
723,1777,生泰,74.5,-0.2,-0.27,26M07,1.89,0.0,42.5,0,0,0.0,0.0,0.0,0,0,1.89,0.0,42.5,0,0
724,1780,立弘,23.75,0.3,1.28,26M07,3.27,400.0,30.0,0,0,0.0,0.0,0.0,0,0,3.27,400.0,30.0,0,0
725,1781,合世,11.0,0.0,0.0,26M07,0.81,0.0,17.0,0,0,0.0,0.0,0.0,0,0,0.81,0.0,17.0,0,0
726,1783,和康生,40.3,-0.1,-0.25,26M07,3.78,370.0,42.1,0,0,0.0,0.0,0.0,0,0,3.78,370.0,42.1,0,0
727,1784,訊聯,60.6,-1.6,-2.57,26M07,0.63,0.0,11.9,0,0,0.0,0.0,0.0,0,0,0.63,0.0,11.9,0,0
728,1786,科妍,49.55,-1.45,-2.84,26M07,0.79,0.0,10.6,0,0,0.0,0.0,0.0,0,0,0.79,0.0,10.6,0,0
729,1795,美時,180.5,-7.5,-3.99,26M07,9.92,0.0,37.2,0,0,0.0,0.0,0.0,0,0,9.92,0.0,37.2,0,0
730,1796,金穎生技,30.7,-0.7,-2.23,26M07,1.7,0.0,41.1,0,0,0.0,0.0,0.0,0,0,1.7,0.0,41.1,0,0
731,1799,易威,30.15,-0.05,-0.17,26M07,3.63,32.5,14.6,0,0,0.01,0.0,0.03,0,0,3.64,32.5,14.6,0,0
732,1806,冠軍,7.98,0.01,0.13,26M07,3.01,0.0,7.7,0,0,0.0,0.0,0.0,0,0,3.01,0.0,7.7,0,0
733,1808,潤隆,32.65,-0.45,-1.36,26M07,3.5,0.0,3.92,0,0,0.01,0.0,0.01,0,0,3.5,0.0,3.92,0,0
734,1809,中釉,40.15,-0.2,-0.5,26M07,2.22,0.0,13.3,0,0,0.01,0.0,0.08,0,0,2.23,0.0,13.4,0,0
735,1810,和成,27.55,2.5,9.98,26M07,1.62,0.0,5.36,0,0,0.0,0.0,0.0,0,0,1.62,0.0,5.36,0,0
736,1813,寶利徠,11.55,0.05,0.43,26M07,0.23,0.0,4.95,0,0,0.0,0.0,0.0,0,0,0.23,0.0,4.95,0,0
737,1903,士紙,47.05,-0.55,-1.16,26M07,2.03,0.0,7.8,0,0,0.0,0.0,0.0,0,0,2.03,0.0,7.8,0,0
738,1905,華紙,13.7,0.25,1.86,26M07,63.6,0.0,57.6,0,0,0.0,0.0,0.0,0,0,63.6,0.0,57.6,0,0
739,1906,寶隆,11.3,-0.15,-1.31,26M07,3.92,0.0,25.9,0,0,0.0,0.0,0.0,0,0,3.92,0.0,25.9,0,0
740,1907,永豐餘,28.95,-0.95,-3.18,26M07,9.61,0.0,5.79,0,0,0.0,0.0,0.0,0,0,9.61,0.0,5.79,0,0
741,2002,中鋼,19.0,-0.2,-1.04,26M07,317.0,0.0,20.1,0,0,0.0,0.0,0.0,0,0,317.0,0.0,20.1,0,0
742,2006,東和鋼鐵,80.9,-4.5,-5.27,26M07,14.3,0.0,19.6,0,0,0.0,0.0,0.0,0,0,14.3,0.0,19.6,0,0
743,2007,燁興,6.98,-0.03,-0.43,26M07,39.0,0.0,73.6,0,0,0.0,0.0,0.0,0,0,39.0,0.0,73.6,0,0
744,2008,高興昌,30.75,-0.3,-0.97,26M07,7.61,0.0,39.8,0,0,0.0,0.0,0.0,0,0,7.61,0.0,39.8,0,0
745,2009,第一銅,39.0,-0.7,-1.76,26M07,14.2,0.0,39.4,0,0,0.0,0.0,0.0,0,0,14.2,0.0,39.4,0,0
746,2010,春源,22.35,-0.35,-1.54,26M07,10.7,0.0,16.5,0,0,0.0,0.0,0.0,0,0,10.7,0.0,16.5,0,0
747,2012,春雨,15.15,0.0,0.0,26M07,1.32,0.0,4.37,0,0,0.0,0.0,0.0,0,0,1.32,0.0,4.37,0,0
748,2014,中鴻,16.95,-0.35,-2.02,26M07,58.3,0.0,40.6,0,0,0.0,0.0,0.0,0,0,58.3,0.0,40.6,0,0
749,2022,聚亨,7.6,-0.1,-1.3,26M07,2.42,0.0,7.19,0,0,0.0,0.0,0.0,0,0,2.42,0.0,7.19,0,0
750,2023,燁輝,13.65,-0.05,-0.36,26M07,8.83,0.0,4.79,0,0,0.0,0.0,0.0,0,0,8.83,0.0,4.79,0,0
751,2024,志聯,13.35,-0.05,-0.37,26M07,2.18,0.0,22.3,0,0,0.0,0.0,0.0,0,0,2.18,0.0,22.3,0,0
752,2025,千興,12.6,-0.1,-0.79,26M07,0.84,-3543.0,4.87,0,0,0.0,0.0,0.0,0,0,0.84,-3543.0,4.87,0,0
753,2028,威致,15.8,0.0,0.0,26M07,3.51,0.0,10.8,0,0,0.0,0.0,0.0,0,0,3.51,0.0,10.8,0,0
754,2029,盛餘,21.15,-0.25,-1.17,26M07,21.1,0.0,65.8,0,0,0.0,0.0,0.0,0,0,21.1,0.0,65.8,0,0
755,2033,佳大,22.6,2.0,9.71,26M07,1.15,0.0,14.3,0,0,0.0,0.0,0.0,0,0,1.15,0.0,14.3,0,0
756,2035,唐榮,27.1,0.0,0.0,26M07,15.4,0.0,44.0,0,0,0.0,0.0,0.0,0,0,15.4,0.0,44.0,0,0
757,2038,海光,12.7,-0.15,-1.17,26M07,6.19,0.0,31.9,0,0,0.0,0.0,0.0,0,0,6.19,0.0,31.9,0,0
758,2059,川湖,12500.0,265.0,2.17,26M07,1.34,0.0,14.1,0,0,0.0,0.0,0.01,0,0,1.34,0.0,14.1,0,0
759,2061,風青,50.7,-5.6,-9.95,26M07,0.61,0.0,10.7,0,0,0.05,0.0,0.88,0,0,0.66,0.0,11.5,0,0
760,2062,橋椿,18.75,0.1,0.54,26M07,2.99,0.0,14.9,0,0,0.0,0.0,0.0,0,0,2.99,0.0,14.9,0,0
761,2064,晉椿,12.35,-0.2,-1.59,26M07,0.85,0.0,12.3,0,0,0.05,0.0,0.72,0,0,0.9,0.0,13.0,0,0
762,2066,世德,58.4,0.0,0.0,26M07,1.02,0.0,22.9,0,0,0.01,17.0,0.26,0,0,1.03,17.0,23.1,0,0
763,2069,運錩,19.75,-0.45,-2.23,26M07,4.53,0.0,27.2,0,0,0.01,1.15,0.09,0,0,4.54,1.15,27.3,0,0
764,2070,精湛,60.5,-2.3,-3.66,26M07,0.81,4.0,19.5,0,0,0.0,0.0,0.0,0,0,0.81,4.0,19.5,0,0
765,2073,雄順,26.75,1.15,4.49,26M07,0.45,0.0,16.3,0,0,0.01,0.0,0.22,0,0,0.45,0.0,16.5,0,0
766,2101,南港,31.55,-2.7,-7.88,26M07,2.53,0.0,3.44,0,0,0.0,0.0,0.0,0,0,2.53,0.0,3.44,0,0
767,2102,泰豐,18.65,-0.25,-1.32,26M07,14.9,0.0,31.4,0,0,0.02,0.0,0.05,0,0,14.9,0.0,31.5,0,0
768,2105,正新,30.4,-0.3,-0.98,26M07,41.5,0.0,12.8,0,0,0.0,0.0,0.0,0,0,41.5,0.0,12.8,0,0
769,2108,南帝,28.95,-1.35,-4.46,26M07,18.5,0.0,37.6,0,0,0.0,0.0,0.0,0,0,18.5,0.0,37.6,0,0
770,2114,鑫永銓,88.1,-0.2,-0.23,26M07,3.18,0.0,40.8,0,0,0.0,0.0,0.0,0,0,3.18,0.0,40.8,0,0
771,2115,六暉-KY,23.15,0.15,0.65,26M07,1.26,0.0,12.0,0,0,0.0,0.0,0.0,0,0,1.26,0.0,12.0,0,0
772,2204,中華,52.5,1.3,2.54,26M07,26.4,0.0,47.6,0,0,0.0,0.0,0.0,0,0,26.4,0.0,47.6,0,0
773,2207,和泰車,514.0,-10.0,-1.91,26M07,11.9,0.0,21.3,0,0,0.0,0.0,0.0,0,0,11.9,0.0,21.3,0,0
774,2208,台船,20.3,1.15,6.01,26M07,42.2,0.0,33.1,0,0,0.0,0.0,0.0,0,0,42.2,0.0,33.1,0,0
775,2211,長榮鋼,80.5,-4.8,-5.63,26M07,9.53,0.0,22.8,0,0,0.0,0.0,0.0,0,0,9.53,0.0,22.8,0,0
776,2221,大甲,52.3,-1.4,-2.61,26M07,1.73,0.0,40.8,0,0,0.01,0.0,0.13,0,0,1.73,0.0,40.9,0,0
777,2227,裕日車,48.55,-0.05,-0.1,26M07,26.4,0.0,87.8,0,0,0.0,0.0,0.0,0,0,26.4,0.0,87.8,0,0
778,2228,劍麟,76.7,1.5,1.99,26M07,2.39,0.0,30.0,0,0,0.0,0.0,0.01,0,0,2.39,0.0,30.0,0,0
779,2235,謚源,27.3,0.15,0.55,26M07,1.22,21.0,34.1,0,0,0.0,0.0,0.0,0,0,1.22,21.0,34.1,0,0
780,2237,華德動能-創,27.1,-0.25,-0.91,26M07,7.67,187.0,63.0,0,0,0.0,0.0,0.0,0,0,7.67,187.0,63.0,0,0
781,2239,英利-KY,18.8,-0.6,-3.09,26M07,2.6,0.0,22.1,0,0,0.0,0.0,0.0,0,0,2.6,0.0,22.1,0,0
782,2243,宏旭-KY,39.7,0.0,0.0,26M07,1.22,0.0,17.6,0,0,0.0,0.0,0.0,0,0,1.22,0.0,17.6,0,0
783,2247,汎德永業,221.0,-3.5,-1.56,26M07,2.83,0.0,35.1,0,0,0.0,0.0,0.0,0,0,2.83,0.0,35.1,0,0
784,2250,IKKA-KY,60.5,0.5,0.83,26M07,0.44,0.0,12.1,0,0,0.0,0.0,0.0,0,0,0.44,0.0,12.1,0,0
785,2258,鴻華先進-創,31.5,-0.45,-1.41,26M07,156.0,0.0,89.0,0,0,0.0,0.0,0.0,0,0,156.0,0.0,89.0,0,0
786,2302,麗正,42.2,-3.0,-6.64,26M07,4.28,0.0,25.7,0,0,0.0,0.0,0.0,0,0,4.28,0.0,25.7,0,0
787,2305,全友,29.35,-1.2,-3.93,26M07,10.4,0.0,50.5,0,0,0.0,0.0,0.01,0,0,10.4,0.0,50.5,0,0
788,2314,台揚,11.2,-0.2,-1.75,26M07,0.11,0.0,1.02,0,0,0.0,0.0,0.0,0,0,0.11,0.0,1.02,0,0
789,2316,楠梓電,160.0,-4.0,-2.44,26M07,3.48,0.0,19.1,0,0,0.0,0.0,0.0,0,0,3.48,0.0,19.1,0,0
790,2317,鴻海,259.5,-2.5,-0.95,26M07,0.21,0.0,0.02,0,0,0.0,0.0,0.0,0,0,0.21,0.0,0.02,0,0
791,2321,東訊,15.65,-0.2,-1.26,26M07,2.04,0.0,67.4,0,0,0.0,0.0,0.0,0,0,2.04,0.0,67.4,0,0
792,2323,中環,11.3,1.0,9.71,26M07,10.3,0.0,9.49,0,0,0.0,0.0,0.0,0,0,10.3,0.0,9.49,0,0
793,2328,廣宇,45.55,-0.75,-1.62,26M07,0.02,0.0,0.03,0,0,0.0,0.0,0.0,0,0,0.02,0.0,0.03,0,0
794,2329,華泰,45.1,0.5,1.12,26M07,23.5,0.0,35.7,0,0,0.0,0.0,0.0,0,0,23.5,0.0,35.7,0,0
795,2332,友訊,22.6,-0.05,-0.22,26M07,0.55,0.0,0.91,0,0,0.0,0.0,0.0,0,0,0.55,0.0,0.91,0,0
796,2337,旺宏,137.0,0.5,0.37,26M07,5.01,0.0,2.53,0,0,0.0,0.0,0.0,0,0,5.01,0.0,2.53,0,0
797,2340,台亞,30.35,-1.05,-3.34,26M07,9.03,0.0,20.6,0,0,0.0,0.0,0.0,0,0,9.03,0.0,20.6,0,0
798,2342,茂矽,40.7,1.45,3.69,26M07,4.91,0.0,31.2,0,0,0.0,0.0,0.0,0,0,4.91,0.0,31.2,0,0
799,2345,智邦,2300.0,30.0,1.32,26M07,5.54,0.0,9.87,0,0,0.0,0.0,0.0,0,0,5.54,0.0,9.87,0,0
800,2349,錸德,11.6,0.5,4.5,26M07,2.37,0.0,3.41,0,0,0.0,0.0,0.0,0,0,2.37,0.0,3.41,0,0
801,2351,順德,171.0,-2.0,-1.16,26M07,1.59,-30.0,8.75,0,0,0.0,0.0,0.0,0,0,1.59,-30.0,8.75,0,0
802,2352,佳世達,29.5,0.8,2.79,26M07,19.6,0.0,12.4,0,0,0.0,0.0,0.0,0,0,19.6,0.0,12.4,0,0
803,2353,宏碁,32.3,0.75,2.38,26M07,9.43,0.0,3.09,0,0,0.0,0.0,0.0,0,0,9.43,0.0,3.09,0,0
804,2354,鴻準,62.5,-0.3,-0.48,26M07,1.17,0.0,0.83,0,0,0.0,0.0,0.0,0,0,1.17,0.0,0.83,0,0
805,2356,英業達,69.9,1.1,1.6,26M07,44.6,0.0,12.4,0,0,0.05,0.0,0.02,0,0,44.7,0.0,12.4,0,0
806,2357,華碩,996.0,59.0,6.3,26M07,4.08,0.0,5.49,0,0,0.0,0.0,0.0,0,0,4.08,0.0,5.49,0,0
807,2364,倫飛,81.0,-0.3,-0.37,26M07,1.81,0.0,34.5,0,0,0.0,0.0,0.0,0,0,1.81,0.0,34.5,0,0
808,2367,燿華,43.6,-1.4,-3.11,26M07,5.22,0.0,7.39,0,0,0.0,0.0,0.0,0,0,5.22,0.0,7.39,0,0
809,2368,金像電,1015.0,5.0,0.5,26M07,12.9,0.0,24.9,0,0,0.0,0.0,0.0,0,0,12.9,0.0,24.9,0,0
810,2374,佳能,70.5,-0.4,-0.56,26M07,4.13,0.0,12.2,0,0,0.0,0.0,0.0,0,0,4.13,0.0,12.2,0,0
811,2375,凱美,130.5,-9.0,-6.45,26M07,0.98,0.0,9.03,0,0,0.0,0.0,0.0,0,0,0.98,0.0,9.03,0,0
812,2377,微星,159.0,-9.0,-5.36,26M07,9.4,0.0,11.1,0,0,0.09,0.0,0.11,0,0,9.49,0.0,11.2,0,0
813,2380,虹光,19.65,0.35,1.81,26M07,0.47,0.0,7.83,0,0,0.0,0.0,0.0,0,0,0.47,0.0,7.83,0,0
814,2382,廣達,327.5,2.5,0.77,26M07,50.4,0.0,13.0,0,0,0.0,0.0,0.0,0,0,50.4,0.0,13.0,0,0
815,2383,台光電,6165.0,475.0,8.35,26M07,3.07,0.0,8.58,0,0,0.0,0.0,0.0,0,0,3.07,0.0,8.58,0,0
816,2387,精元,36.65,-0.3,-0.81,26M07,6.59,0.0,33.7,0,0,0.0,0.0,0.0,0,0,6.59,0.0,33.7,0,0
817,2388,威盛,76.1,0.0,0.0,26M07,4.67,0.0,8.4,0,0,0.0,0.0,0.0,0,0,4.67,0.0,8.4,0,0
818,2392,正崴,43.05,3.9,9.96,26M07,10.5,0.0,20.4,0,0,0.0,0.0,0.0,0,0,10.5,0.0,20.4,0,0
819,2393,億光,63.2,-2.0,-3.07,26M07,2.4,0.0,5.41,0,0,0.0,0.0,0.0,0,0,2.4,0.0,5.41,0,0
820,2395,研華,683.0,-15.0,-2.15,26M07,36.5,0.0,42.1,0,0,0.0,0.0,0.0,0,0,36.5,0.0,42.1,0,0
821,2397,友通,65.8,-0.1,-0.15,26M07,5.16,0.0,45.1,0,0,0.0,0.0,0.0,0,0,5.16,0.0,45.1,0,0
822,2399,映泰,45.95,1.55,3.49,26M07,1.34,0.0,7.53,0,0,0.0,0.0,0.0,0,0,1.34,0.0,7.53,0,0
823,2402,毅嘉,54.8,-0.5,-0.9,26M07,2.41,0.0,7.82,0,0,0.0,0.0,0.0,0,0,2.41,0.0,7.82,0,0
824,2404,漢唐,1125.0,-5.0,-0.44,26M07,1.81,0.0,9.51,0,0,0.0,0.0,0.0,0,0,1.81,0.0,9.51,0,0
825,2408,南亞科,512.0,-2.0,-0.39,26M07,90.8,0.0,29.3,0,0,0.0,0.0,0.0,0,0,90.8,0.0,29.3,0,0
826,2409,友達,25.8,0.05,0.19,26M07,55.2,0.0,7.32,0,0,0.01,0.0,0.0,0,0,55.2,0.0,7.32,0,0
827,2412,中華電,135.0,-1.0,-0.74,26M07,274.0,0.0,35.3,0,0,0.0,0.0,0.0,0,0,274.0,0.0,35.3,0,0
828,2415,錩新,29.3,-0.3,-1.01,26M07,0.11,0.0,1.19,0,0,0.0,0.0,0.0,0,0,0.11,0.0,1.19,0,0
829,2417,圓剛,45.0,-0.45,-0.99,26M07,3.86,244.0,24.6,0,0,0.0,0.0,0.0,0,0,3.86,244.0,24.6,0,0
830,2419,仲琦,24.8,-0.1,-0.4,26M07,20.1,0.0,62.4,0,0,0.0,0.0,0.0,0,0,20.1,0.0,62.4,0,0
831,2423,固緯,77.0,-0.3,-0.39,26M07,1.3,0.0,8.94,0,0,0.0,0.0,0.01,0,0,1.3,0.0,8.96,0,0
832,2425,承啟,41.1,-0.85,-2.03,26M07,2.45,0.0,25.4,0,0,0.04,0.0,0.45,0,0,2.49,0.0,25.9,0,0
833,2426,鼎元,66.6,-2.0,-2.92,26M07,2.39,0.0,7.95,0,0,0.0,0.0,0.0,0,0,2.39,0.0,7.95,0,0
834,2427,三商電,22.85,1.1,5.06,26M07,9.27,-180.0,46.8,0,0,0.0,0.0,0.0,0,0,9.27,-180.0,46.8,0,0
835,2428,興勤,255.0,-4.5,-1.73,26M07,2.72,0.0,21.3,0,0,0.0,0.0,0.0,0,0,2.72,0.0,21.3,0,0
836,2430,燦坤,17.2,-0.05,-0.29,26M07,3.76,0.0,32.2,0,0,0.0,0.0,0.0,0,0,3.76,0.0,32.2,0,0
837,2431,聯昌,10.25,-0.1,-0.97,26M07,3.75,0.0,33.8,0,0,0.0,0.0,0.0,0,0,3.75,0.0,33.8,0,0
838,2432,倚天酷碁-創,28.0,-0.15,-0.53,26M07,3.93,0.0,63.5,0,0,0.0,0.0,0.0,0,0,3.93,0.0,63.5,0,0
839,2434,統懋,51.4,-3.8,-6.88,26M07,1.17,0.0,31.6,0,0,0.0,0.0,0.0,0,0,1.17,0.0,31.6,0,0
840,2440,太空梭,13.9,-0.45,-3.14,26M07,5.06,0.0,36.4,0,0,0.0,0.0,0.0,0,0,5.06,0.0,36.4,0,0
841,2441,超豐,120.0,-5.5,-4.38,26M07,25.0,0.0,43.9,0,0,0.0,0.0,0.0,0,0,25.0,0.0,43.9,0,0
842,2444,兆勁,11.0,-0.15,-1.35,26M07,0.8,0.0,7.89,0,0,0.0,0.0,0.0,0,0,0.8,0.0,7.89,0,0
843,2449,京元電子,247.0,-6.5,-2.56,26M07,10.3,0.0,8.45,0,0,0.0,0.0,0.0,0,0,10.3,0.0,8.45,0,0
844,2450,神腦,28.3,0.05,0.18,26M07,8.66,0.0,33.5,0,0,0.0,0.0,0.0,0,0,8.66,0.0,33.5,0,0
845,2451,創見,292.5,-9.5,-3.15,26M07,0.92,0.0,2.13,0,0,0.01,0.0,0.01,0,0,0.92,0.0,2.14,0,0
846,2453,凌群,51.7,0.0,0.0,26M07,2.84,0.0,28.4,0,0,0.0,0.0,0.0,0,0,2.84,0.0,28.4,0,0
847,2454,聯發科,4210.0,-15.0,-0.36,26M07,4.35,0.0,2.71,0,0,0.02,0.0,0.01,0,0,4.37,0.0,2.72,0,0
848,2459,敦吉,65.8,-0.2,-0.3,26M07,1.55,0.0,14.6,0,0,0.0,0.0,0.0,0,0,1.55,0.0,14.6,0,0
849,2460,建通,29.7,-0.7,-2.3,26M07,6.14,0.0,36.3,0,0,0.0,0.0,0.0,0,0,6.14,0.0,36.3,0,0
850,2462,良得電,19.65,0.1,0.51,26M07,4.71,0.0,31.2,0,0,0.0,0.0,0.0,0,0,4.71,0.0,31.2,0,0
851,2465,麗臺,95.9,-9.1,-8.67,26M07,2.72,0.0,29.0,0,0,0.0,0.0,0.0,0,0,2.72,0.0,29.0,0,0
852,2468,華經,35.35,0.35,1.0,26M07,3.33,0.0,47.7,0,0,0.0,0.0,0.0,0,0,3.33,0.0,47.7,0,0
853,2471,資通,50.1,-0.2,-0.4,26M07,0.59,0.0,12.4,0,0,0.0,0.0,0.0,0,0,0.59,0.0,12.4,0,0
854,2472,立隆電,245.0,-8.0,-3.16,26M07,2.88,-9.0,17.5,0,0,0.0,0.0,0.0,0,0,2.88,-9.0,17.5,0,0
855,2474,可成,204.5,1.5,0.74,26M07,2.77,0.0,5.13,0,0,0.0,0.0,0.0,0,0,2.77,0.0,5.13,0,0
856,2476,鉅祥,120.0,-3.0,-2.44,26M07,1.68,2.0,7.69,0,0,0.02,1.0,0.08,0,0,1.69,3.0,7.76,0,0
857,2482,連宇,16.0,-0.1,-0.62,26M07,1.4,0.0,17.9,0,0,0.0,0.0,0.0,0,0,1.4,0.0,17.9,0,0
858,2483,百容,38.1,-1.95,-4.87,26M07,1.49,0.0,13.8,0,0,0.0,0.0,0.0,0,0,1.49,0.0,13.8,0,0
859,2484,希華,72.8,-3.1,-4.08,26M07,1.39,-72.0,8.74,0,0,0.0,0.0,0.0,0,0,1.39,-72.0,8.74,0,0
860,2485,兆赫,43.0,-0.65,-1.49,26M07,3.93,-9.0,12.4,0,0,0.0,0.0,0.0,0,0,3.93,-9.0,12.4,0,0
861,2489,瑞軒,31.5,-0.5,-1.56,26M07,7.7,0.0,12.6,0,0,0.0,0.0,0.0,0,0,7.7,0.0,12.6,0,0
862,2491,吉祥全,34.4,-0.5,-1.43,26M07,2.37,0.0,28.9,0,0,0.0,0.0,0.0,0,0,2.37,0.0,28.9,0,0
863,2492,華新科,302.5,-14.0,-4.42,26M07,10.4,0.0,21.5,0,0,0.0,0.0,0.0,0,0,10.4,0.0,21.5,0,0
864,2493,揚博,212.5,-23.5,-9.96,26M07,1.4,0.0,11.1,0,0,0.0,0.0,0.0,0,0,1.4,0.0,11.1,0,0
865,2495,普安,39.5,-0.2,-0.5,26M07,3.85,0.0,14.1,0,0,0.0,0.0,0.0,0,0,3.85,0.0,14.1,0,0
866,2496,卓越,59.0,-0.6,-1.01,26M07,0.5,0.0,26.0,0,0,0.0,0.0,0.0,0,0,0.5,0.0,26.0,0,0
867,2497,怡利電,46.55,-0.45,-0.96,26M07,2.5,0.0,19.1,0,0,0.0,0.0,0.0,0,0,2.5,0.0,19.1,0,0
868,2498,宏達電,40.5,0.4,1.0,26M07,5.48,0.0,6.55,0,0,0.0,0.0,0.0,0,0,5.48,0.0,6.55,0,0
869,2501,國建,22.85,-0.15,-0.65,26M07,4.82,0.0,4.16,0,0,0.0,0.0,0.0,0,0,4.82,0.0,4.16,0,0
870,2505,國揚,18.1,0.15,0.84,26M07,3.11,0.0,8.19,0,0,0.0,0.0,0.0,0,0,3.11,0.0,8.19,0,0
871,2506,太設,8.56,-0.02,-0.23,26M07,3.68,0.0,9.52,0,0,0.0,0.0,0.0,0,0,3.68,0.0,9.52,0,0
872,2509,全坤建,13.7,0.0,0.0,26M07,1.94,0.0,8.66,0,0,0.0,0.0,0.0,0,0,1.94,0.0,8.66,0,0
873,2511,太子,8.25,-0.15,-1.79,26M07,42.7,0.0,26.3,0,0,0.0,0.0,0.0,0,0,42.7,0.0,26.3,0,0
874,2516,新建,14.0,-0.05,-0.36,26M07,2.93,5.0,12.9,0,0,0.0,0.0,0.0,0,0,2.93,5.0,12.9,0,0
875,2520,冠德,34.85,-0.45,-1.27,26M07,13.2,4514.0,21.7,0,0,0.0,0.0,0.0,0,0,13.2,4514.0,21.7,0,0
876,2527,宏璟,44.4,-1.4,-3.06,26M07,6.88,0.0,25.4,0,0,0.0,0.0,0.0,0,0,6.88,0.0,25.4,0,0
877,2534,宏盛,16.7,-0.2,-1.18,26M07,3.2,0.0,6.75,0,0,0.0,0.0,0.0,0,0,3.2,0.0,6.75,0,0
878,2535,達欣工,88.3,0.8,0.91,26M07,4.31,0.0,15.9,0,0,0.0,0.0,0.0,0,0,4.31,0.0,15.9,0,0
879,2536,宏普,20.8,-0.65,-3.03,26M07,12.4,0.0,37.2,0,0,0.0,0.0,0.0,0,0,12.4,0.0,37.2,0,0
880,2538,基泰,9.11,-0.03,-0.33,26M07,2.53,0.0,5.69,0,0,0.0,0.0,0.0,0,0,2.53,0.0,5.69,0,0
881,2539,櫻花建,41.3,-0.5,-1.2,26M07,23.3,0.0,19.5,0,0,0.0,0.0,0.0,0,0,23.3,0.0,19.5,0,0
882,2542,興富發,46.2,-0.2,-0.43,26M07,8.97,0.0,4.16,0,0,0.0,-30.7,0.0,0,0,8.97,-30.7,4.17,0,0
883,2546,根基,99.8,-4.2,-4.04,26M07,4.46,0.0,34.2,0,0,0.0,0.0,0.0,0,0,4.46,0.0,34.2,0,0
884,2548,華固,93.3,-0.1,-0.11,26M07,5.24,2498.0,16.4,0,0,0.0,0.0,0.0,0,0,5.24,2498.0,16.4,0,0
885,2596,綠意,32.55,0.05,0.15,26M07,4.54,0.0,45.4,0,0,0.0,0.0,0.0,0,0,4.54,0.0,45.4,0,0
886,2603,長榮,219.0,3.5,1.62,26M07,5.9,0.0,2.73,0,0,0.0,0.0,0.0,0,0,5.9,0.0,2.73,0,0
887,2605,新興,32.35,0.05,0.15,26M07,7.69,0.0,13.1,0,0,0.0,0.0,0.0,0,0,7.69,0.0,13.1,0,0
888,2607,榮運,49.5,-0.4,-0.8,26M07,21.5,0.0,40.4,0,0,0.0,0.0,0.0,0,0,21.5,0.0,40.4,0,0
889,2608,嘉里大榮,28.5,-0.05,-0.18,26M07,4.25,0.0,9.1,0,0,0.0,0.0,0.0,0,0,4.25,0.0,9.1,0,0
890,2609,陽明,51.6,0.2,0.39,26M07,113.0,0.0,32.2,0,0,0.0,0.0,0.0,0,0,113.0,0.0,32.2,0,0
891,2610,華航,19.9,-0.2,-1.0,26M07,239.0,0.0,39.0,0,0,0.0,0.0,0.0,0,0,239.0,0.0,39.0,0,0
892,2612,中航,53.8,0.1,0.19,26M07,5.53,0.0,28.0,0,0,0.0,0.0,0.0,0,0,5.53,0.0,28.0,0,0
893,2614,東森,18.05,0.0,0.0,26M07,1.82,0.0,5.56,0,0,0.0,0.0,0.0,0,0,1.82,0.0,5.56,0,0
894,2616,山隆,13.4,-0.1,-0.74,26M07,3.28,0.0,23.9,0,0,0.01,0.0,0.04,0,0,3.28,0.0,23.9,0,0
895,2617,台航,28.75,-0.05,-0.17,26M07,18.1,0.0,43.4,0,0,0.0,0.0,0.0,0,0,18.1,0.0,43.4,0,0
896,2618,長榮航,39.9,-1.1,-2.68,26M07,78.6,0.0,14.6,0,0,0.0,0.0,0.0,0,0,78.6,0.0,14.6,0,0
897,2630,亞航,53.1,4.8,9.94,26M07,12.4,0.0,59.2,0,0,0.0,0.0,0.0,0,0,12.4,0.0,59.2,0,0
898,2633,台灣高鐵,25.9,-0.05,-0.19,26M07,343.0,0.0,61.0,0,0,0.0,0.0,0.0,0,0,343.0,0.0,61.0,0,0
899,2634,漢翔,70.6,6.4,9.97,26M07,34.2,0.0,36.3,0,0,0.0,0.0,0.0,0,0,34.2,0.0,36.3,0,0
900,2642,宅配通,20.15,-0.2,-0.98,26M07,4.38,0.0,45.9,0,0,0.0,0.0,0.0,0,0,4.38,0.0,45.9,0,0
