排名,代號,名稱,成交,漲跌 價,漲跌 幅,持股 資料 週別,更新 日期,持股 超過 600張 (%),超過 600張 增減,持股 超過 800張 (%),超過 800張 增減,持股 超過 1千張 (%),超過 1千張 增減
301,009807,台新標普科技精選,16.2,-0.55,-3.28,26W29,07/17,44.2,0.35,44.2,0.35,37.4,0.35
302,2440,太空梭,15.55,-1.05,-6.33,26W29,07/17,69.1,-0.24,67.2,0.34,67.2,0.34
303,00640L,富邦日本正2,97.95,-8.3,-7.81,26W29,07/17,16.7,0.34,16.7,0.34,16.7,0.34
304,00688L,國泰20年美債正2,6.72,-0.01,-0.15,26W29,07/17,41.2,0.06,36.9,0.2,33.0,0.34
305,6187,萬潤,975.0,-100.0,-9.3,26W29,07/17,41.4,-0.49,37.2,-2.53,33.4,0.34
306,911868,同方友友-DR,1.2,0.01,0.84,26W29,07/17,30.7,-0.11,26.9,0.34,23.7,0.33
307,2027,大成鋼,40.65,-0.35,-0.85,26W29,07/17,72.3,0.34,71.0,0.27,70.2,0.33
308,1733,五鼎,31.15,-0.5,-1.58,26W29,07/17,40.5,0.33,37.6,0.33,32.8,0.33
309,00633L,富邦上証正2,46.4,-3.95,-7.85,26W29,07/17,27.6,0.49,24.6,0.43,20.7,0.33
310,6416,瑞祺電通,91.3,-3.6,-3.79,26W29,07/17,41.7,1.22,39.7,0.36,35.9,0.32
311,00916,國泰全球品牌50,26.58,-0.19,-0.71,26W29,07/17,13.5,0.5,12.9,0.47,10.0,0.32
312,1104,環泥,26.6,-0.35,-1.3,26W29,07/17,69.7,0.08,68.3,0.09,67.4,0.32
313,1219,福壽,12.15,-0.25,-2.02,26W29,07/17,61.6,0.82,60.2,0.82,57.9,0.32
314,1907,永豐餘,28.15,-0.25,-0.88,26W29,07/17,83.4,0.23,82.3,0.18,81.3,0.32
315,00752,中信中國50,22.71,-0.94,-3.97,26W29,07/17,32.9,0.33,31.9,0.32,31.3,0.32
316,2881C,富邦金丙特,50.8,-0.1,-0.2,26W29,07/17,83.2,0.02,81.8,0.02,81.3,0.31
317,7760,享溫馨,34.2,0.15,0.44,26W29,07/17,53.3,1.24,48.4,0.31,47.1,0.31
318,00709,富邦歐洲,40.2,-0.19,-0.47,26W29,07/17,21.1,0.02,7.77,0.31,7.77,0.31
319,6209,今國光,69.3,-7.6,-9.88,26W29,07/17,39.7,0.98,36.7,1.45,33.6,0.31
320,3031,佰鴻,26.2,-1.75,-6.26,26W29,07/17,59.8,-0.21,59.4,-0.23,58.4,0.3
321,9939,宏全,125.5,0.0,0.0,26W29,07/17,58.5,0.46,54.9,0.06,51.3,0.3
322,9911,櫻花,83.8,-0.4,-0.48,26W29,07/17,65.9,-0.14,64.9,-0.14,62.0,0.3
323,1786,科妍,51.2,-1.2,-2.29,26W29,07/17,47.9,0.21,45.2,0.16,44.0,0.3
324,2015,豐興,63.7,-0.6,-0.93,26W29,07/17,84.9,-0.18,83.5,0.31,82.0,0.3
325,2542,興富發,43.3,-0.05,-0.12,26W29,07/17,61.5,0.21,60.2,0.3,59.4,0.3
326,4129,聯合,91.1,-1.5,-1.62,26W29,07/17,51.3,0.3,49.1,0.29,47.2,0.29
327,4167,松瑞藥,20.65,-0.9,-4.18,26W29,07/17,38.0,0.73,35.8,0.55,34.3,0.29
328,9941,裕融,82.4,-1.8,-2.14,26W29,07/17,69.6,0.0,68.0,0.0,67.6,0.29
329,00643,群益深証中小,18.78,-1.17,-5.86,26W29,07/17,34.6,1.09,28.9,-0.87,25.0,0.29
330,6016,康和證,24.0,-1.45,-5.7,26W29,07/17,47.7,-0.15,46.2,0.3,44.6,0.29
331,2545,皇翔,34.3,-0.55,-1.58,26W29,07/17,75.1,0.02,74.6,0.02,73.9,0.28
332,5534,長虹,81.2,-0.5,-0.61,26W29,07/17,67.0,0.23,64.2,0.03,60.8,0.28
333,6727,亞泰金屬,367.5,-40.5,-9.93,26W29,07/17,18.3,0.22,13.0,0.28,9.69,0.28
334,2520,冠德,35.7,-0.2,-0.56,26W29,07/17,70.4,0.38,68.9,0.16,68.2,0.28
335,6261,久元,83.9,-7.0,-7.7,26W29,07/17,36.3,0.16,33.5,0.22,30.0,0.27
336,3032,偉訓,76.1,-3.5,-4.4,26W29,07/17,47.6,0.42,45.8,1.05,44.2,0.27
337,00931B,統一美債20年,13.51,0.07,0.52,26W29,07/17,73.5,0.28,73.1,0.22,72.6,0.27
338,1905,華紙,14.35,-0.45,-3.04,26W29,07/17,70.5,0.13,69.9,0.26,69.3,0.27
339,1789,神隆,19.85,-0.8,-3.87,26W29,07/17,75.6,-0.06,75.1,0.02,74.8,0.27
340,9802,鈺齊-KY,73.7,-2.2,-2.9,26W29,07/17,60.1,0.38,58.1,-0.23,56.3,0.27
341,4198,欣大健康,38.05,-2.05,-5.11,26W29,07/17,81.4,0.27,81.4,0.27,77.3,0.27
342,2615,萬海,79.5,-1.2,-1.49,26W29,07/17,84.4,0.33,83.6,0.33,82.8,0.26
343,2887G,台新新光庚特一,42.6,-0.1,-0.23,26W29,07/17,40.2,0.3,39.3,0.24,34.1,0.26
344,4102,永日,20.45,0.0,0.0,26W29,07/17,39.8,-1.2,39.8,0.26,33.4,0.26
345,3504,揚明光,64.0,-5.6,-8.05,26W29,07/17,62.4,0.42,61.8,1.1,60.3,0.26
346,00943,兆豐電子高息等權,20.97,-0.98,-4.46,26W29,07/17,34.7,0.44,34.7,0.44,32.5,0.26
347,3105,穩懋,332.5,-36.5,-9.89,26W29,07/17,49.4,0.23,48.0,0.27,46.9,0.26
348,009806,台新標普500,13.46,-0.15,-1.1,26W29,07/17,56.5,0.26,52.3,0.26,52.3,0.26
349,00980B,台新特選IG債10+,9.5,0.05,0.53,26W29,07/17,38.9,0.25,38.9,0.25,37.0,0.25
350,6109,亞元,11.75,-0.45,-3.69,26W29,07/17,47.3,0.04,44.1,-0.77,38.7,0.25
351,00956,中信日經高股息,12.33,-0.15,-1.2,26W29,07/17,20.6,2.78,18.6,2.84,13.1,0.25
352,3048,益登,50.7,-5.1,-9.14,26W29,07/17,48.2,0.24,46.4,0.25,45.4,0.25
353,2618,長榮航,41.2,-0.7,-1.67,26W29,07/17,78.6,0.24,77.4,0.2,76.6,0.25
354,2467,志聖,558.0,-62.0,-10.0,26W29,07/17,66.1,1.55,61.8,0.26,60.2,0.25
355,6462,神盾,99.2,-2.3,-2.27,26W29,07/17,27.8,0.81,24.1,0.25,21.4,0.25
356,1229,聯華,40.85,-0.6,-1.45,26W29,07/17,64.2,0.23,63.4,0.23,62.7,0.24
357,3206,志豐,34.8,-2.0,-5.43,26W29,07/17,50.0,0.25,48.8,0.25,42.7,0.24
358,2472,立隆電,288.0,-32.0,-10.0,26W29,07/17,54.0,-1.41,51.4,-0.33,48.1,0.24
359,2365,昆盈,29.65,-2.05,-6.47,26W29,07/17,21.2,0.11,19.9,-0.14,18.7,0.24
360,9908,大台北,29.15,0.0,0.0,26W29,07/17,78.3,-0.07,76.9,0.05,74.5,0.24
361,00996A,主動兆豐台灣豐收,13.17,-1.25,-8.67,26W29,07/17,14.6,0.23,13.3,0.24,12.1,0.24
362,6456,GIS-KY,64.8,-4.9,-7.03,26W29,07/17,46.1,0.26,45.1,0.24,44.6,0.24
363,2014,中鴻,17.05,-0.55,-3.12,26W29,07/17,48.5,0.3,47.5,0.24,46.9,0.24
364,6418,詠昇,29.1,-2.75,-8.63,26W29,07/17,54.4,0.23,52.4,0.23,52.4,0.23
365,00706L,期元大S&P日圓正2,18.35,-0.1,-0.54,26W29,07/17,25.7,0.24,22.6,0.26,19.6,0.23
366,2514,龍邦,12.85,-0.1,-0.77,26W29,07/17,87.3,0.07,85.7,0.44,84.8,0.23
367,6244,茂迪,25.95,-0.55,-2.08,26W29,07/17,30.2,-0.02,28.9,-0.22,28.0,0.23
368,9934,成霖,10.6,-0.2,-1.85,26W29,07/17,62.4,0.1,61.2,0.24,58.8,0.23
369,5902,德記,33.9,-0.25,-0.73,26W29,07/17,83.3,0.23,82.6,0.23,81.6,0.23
370,6142,友勁,9.39,-0.66,-6.57,26W29,07/17,55.8,0.54,53.6,0.75,51.5,0.23
371,6150,撼訊,57.0,-3.4,-5.63,26W29,07/17,13.4,0.3,12.0,0.23,12.0,0.23
372,2395,研華,513.0,-6.0,-1.16,26W29,07/17,82.0,0.41,80.3,0.34,78.2,0.23
373,5009,榮剛,33.5,-1.45,-4.15,26W29,07/17,46.1,0.28,44.8,0.2,44.1,0.23
374,4904,遠傳,103.0,2.0,1.98,26W29,07/17,92.5,0.16,91.6,0.14,90.9,0.23
375,2392,正崴,35.55,-0.95,-2.6,26W29,07/17,46.4,0.34,45.0,0.07,44.2,0.22
376,2912,統一超,243.0,-2.5,-1.02,26W29,07/17,83.5,0.41,81.4,0.3,80.4,0.22
377,2241,艾姆勒,36.55,-2.4,-6.16,26W29,07/17,38.6,-0.58,35.2,-0.7,32.6,0.22
378,00981A,主動統一台股增長,26.43,-2.52,-8.7,26W29,07/17,17.0,0.14,15.8,0.11,14.9,0.22
379,1540,喬福,21.65,-0.8,-3.56,26W29,07/17,29.3,0.28,27.0,0.28,23.7,0.22
380,00786B,元大10年IG銀行債,33.03,0.1,0.3,26W29,07/17,25.0,-0.02,25.0,-0.02,20.7,0.22
381,006206,元大上證50,36.87,-1.25,-3.28,26W29,07/17,19.5,-0.15,17.2,0.34,11.1,0.22
382,6835,圓裕,32.05,-0.6,-1.84,26W29,07/17,73.6,0.21,68.7,0.21,68.7,0.21
383,5269,祥碩,1435.0,-80.0,-5.28,26W29,07/17,57.1,1.19,54.5,0.21,54.5,0.21
384,2328,廣宇,46.2,-3.15,-6.38,26W29,07/17,39.5,0.21,37.7,0.07,36.5,0.21
385,00780B,國泰A級金融債,37.74,0.11,0.29,26W29,07/17,97.5,-0.07,97.5,0.21,97.2,0.21
386,6741,91APP*-KY,56.7,-1.8,-3.08,26W29,07/17,66.3,-0.66,63.9,-0.61,58.8,0.21
387,00845B,富邦新興投等債,33.83,0.13,0.39,26W29,07/17,99.3,-0.21,99.3,-0.21,99.3,0.21
388,00932,兆豐永續高息等權,17.04,-0.6,-3.4,26W29,07/17,13.4,0.17,13.4,0.17,12.0,0.2
389,1722,台肥,47.1,-0.7,-1.46,26W29,07/17,63.6,0.07,62.0,-0.13,60.4,0.2
390,2504,國產,31.8,0.25,0.79,26W29,07/17,73.1,-0.02,71.6,-0.03,70.3,0.2
391,1459,聯發,11.7,0.0,0.0,26W29,07/17,83.4,0.0,81.5,0.2,79.7,0.2
392,1216,統一,80.0,1.0,1.27,26W29,07/17,88.2,0.14,87.0,0.16,86.0,0.2
393,2905,三商,15.2,-0.3,-1.94,26W29,07/17,82.7,0.09,81.5,0.1,80.6,0.2
394,2023,燁輝,13.6,-0.05,-0.37,26W29,07/17,78.2,0.11,77.8,0.19,77.5,0.19
395,6116,彩晶,15.0,-1.1,-6.83,26W29,07/17,41.3,0.06,40.5,0.16,40.0,0.19
396,4406,新昕纖,9.71,-0.12,-1.22,26W29,07/17,69.3,0.19,65.5,0.19,60.5,0.19
397,00941,中信上游半導體,26.62,-1.11,-4.0,26W29,07/17,8.23,0.24,7.32,0.38,6.26,0.19
398,2903,遠百,22.35,-0.05,-0.22,26W29,07/17,78.5,0.1,77.5,0.06,76.8,0.19
399,2534,宏盛,17.05,-0.35,-2.01,26W29,07/17,69.3,0.11,67.1,0.39,64.8,0.18
400,7827,漢康-KY創,159.0,-10.5,-6.19,26W29,07/17,74.8,0.18,72.4,0.18,70.3,0.18
401,5243,乙盛-KY,88.7,-7.3,-7.6,26W29,07/17,54.4,0.3,51.4,0.16,50.2,0.18
402,2376,技嘉,325.0,-12.0,-3.56,26W29,07/17,66.9,0.51,64.0,0.31,62.3,0.18
403,2726,雅茗-KY,9.01,-0.07,-0.77,26W29,07/17,58.6,0.11,52.3,-1.96,49.7,0.18
404,00791B,復華信用債1-5,57.95,0.2,0.35,26W29,07/17,99.7,-0.05,99.7,0.18,99.7,0.18
405,3260,威剛,366.5,-34.0,-8.49,26W29,07/17,28.2,0.68,26.3,-0.34,25.2,0.18
406,2845,遠東銀,13.4,-0.15,-1.11,26W29,07/17,72.7,0.18,71.3,0.19,70.0,0.18
407,3268,海德威,19.3,-0.65,-3.26,26W29,07/17,28.4,0.18,28.4,0.18,28.4,0.18
408,1808,潤隆,32.2,0.1,0.31,26W29,07/17,79.0,0.31,78.3,0.08,77.8,0.17
409,00965,元大航太防衛科技,24.35,-0.75,-2.99,26W29,07/17,40.3,0.0,39.1,0.17,38.9,0.17
410,00656R,國泰中國A50反1,6.12,0.26,4.44,26W29,07/17,63.3,0.17,56.7,0.17,47.8,0.17
411,9933,中鼎,39.15,-1.65,-4.04,26W29,07/17,59.1,0.05,57.3,0.19,55.8,0.17
412,2466,冠西電,122.0,1.0,0.83,26W29,07/17,88.4,-0.05,85.1,-0.87,84.0,0.17
413,5603,陸海,14.35,-0.05,-0.35,26W29,07/17,52.8,0.17,50.6,0.17,49.8,0.17
414,2540,愛山林,53.5,-0.8,-1.47,26W29,07/17,90.5,0.03,89.9,0.17,89.3,0.17
415,3709,鑫聯大投控,74.0,-4.0,-5.13,26W29,07/17,70.5,0.17,67.7,0.17,67.0,0.17
416,8016,矽創,286.0,-9.0,-3.05,26W29,07/17,35.7,-1.43,32.9,-0.7,28.4,0.17
417,5880,合庫金,25.35,-0.15,-0.59,26W29,07/17,71.9,0.14,70.7,0.15,69.9,0.16
418,2402,毅嘉,58.5,-4.8,-7.58,26W29,07/17,35.9,-0.31,34.9,-0.33,34.0,0.16
419,2884,玉山金,35.1,0.2,0.57,26W29,07/17,70.8,0.19,69.4,0.14,68.2,0.16
420,4558,寶緯,17.1,-0.45,-2.56,26W29,07/17,59.9,-1.06,54.2,0.16,50.2,0.16
421,009812,野村日本東證,12.11,-0.45,-3.58,26W29,07/17,33.7,0.19,31.5,0.17,29.8,0.16
422,6219,富旺,12.75,0.05,0.39,26W29,07/17,67.1,0.16,66.6,0.16,66.6,0.16
423,6239,力成,288.0,-28.5,-9.0,26W29,07/17,63.8,0.11,62.1,0.24,60.5,0.16
424,4114,健喬,29.6,-0.4,-1.33,26W29,07/17,39.8,-0.03,38.2,0.31,37.1,0.15
425,8083,瑞穎,153.5,-4.0,-2.54,26W29,07/17,47.7,0.24,43.8,0.15,43.8,0.15
426,1608,華榮,32.25,-1.0,-3.01,26W29,07/17,62.6,-0.1,61.7,-0.13,60.6,0.15
427,4147,中裕,59.9,-6.1,-9.24,26W29,07/17,49.6,-0.4,45.8,-0.48,44.1,0.15
428,6136,富爾特,24.15,-0.2,-0.82,26W29,07/17,40.8,0.13,36.4,0.14,34.1,0.15
429,1558,伸興,93.1,-1.5,-1.59,26W29,07/17,25.7,0.3,15.9,1.48,10.4,0.14
430,6257,矽格,214.5,-23.5,-9.87,26W29,07/17,47.9,-0.59,43.9,-0.76,42.3,0.14
431,00896,中信綠能及電動車,25.78,-1.63,-5.95,26W29,07/17,8.83,-0.05,7.84,0.13,7.2,0.14
432,4707,磐亞,40.5,-4.5,-10.0,26W29,07/17,70.1,0.53,68.5,0.18,66.2,0.14
433,2441,超豐,126.5,-12.5,-8.99,26W29,07/17,67.7,0.03,66.6,0.3,64.6,0.14
434,5533,皇鼎,13.95,0.15,1.09,26W29,07/17,77.2,0.12,73.2,0.14,71.3,0.14
435,5201,凱衛,26.25,-0.9,-3.31,26W29,07/17,51.4,0.14,45.9,0.14,33.9,0.14
436,5521,工信,10.05,-0.3,-2.9,26W29,07/17,55.7,0.01,53.7,0.14,52.1,0.14
437,5471,松翰,55.9,-4.2,-6.99,26W29,07/17,25.6,-0.21,22.8,0.14,22.2,0.14
438,009824,群益美國科技巨頭,9.94,-0.34,-3.31,26W29,07/17,14.5,0.56,13.9,0.69,11.6,0.14
439,3419,譁裕,12.55,0.0,0.0,26W29,07/17,28.6,0.14,25.7,0.14,23.6,0.14
440,3264,欣銓,214.0,-23.5,-9.89,26W29,07/17,68.6,-0.21,66.3,-0.06,65.2,0.14
441,2867,三商壽,8.98,0.07,0.79,26W29,07/17,84.2,0.21,83.3,0.21,82.4,0.14
442,4766,南寶,332.0,-7.0,-2.06,26W29,07/17,65.5,0.13,64.3,0.13,62.0,0.13
443,2646,星宇航空,21.2,-0.35,-1.62,26W29,07/17,64.3,0.14,64.2,0.17,63.5,0.13
444,6994,富威電力,39.45,-1.15,-2.83,26W29,07/17,45.3,0.65,40.6,-1.14,38.0,0.13
445,9907,統一實,15.1,-0.2,-1.31,26W29,07/17,73.0,0.0,71.8,0.13,70.7,0.13
446,00403A,主動統一升級50,9.52,-0.76,-7.39,26W29,07/17,13.1,0.13,11.9,0.15,10.5,0.13
447,8271,宇瞻,190.0,2.5,1.33,26W29,07/17,38.2,-0.35,36.5,0.13,36.5,0.13
448,5531,鄉林,7.73,-0.17,-2.15,26W29,07/17,84.5,0.02,84.0,0.02,83.5,0.13
449,8466,美吉吉-KY,16.95,-0.8,-4.51,26W29,07/17,68.4,0.13,68.4,0.13,67.3,0.13
450,2415,錩新,32.75,-2.0,-5.76,26W29,07/17,60.9,0.86,58.7,0.13,58.7,0.13
451,8415,大國鋼,35.8,-0.3,-0.83,26W29,07/17,91.4,0.15,90.1,0.21,89.5,0.12
452,2371,大同,26.05,-1.05,-3.87,26W29,07/17,44.7,0.01,43.3,0.0,42.2,0.12
453,3017,奇鋐,2200.0,-25.0,-1.12,26W29,07/17,59.3,-0.17,55.1,-0.36,52.3,0.12
454,1702,南僑,33.9,0.25,0.74,26W29,07/17,56.1,-0.13,54.8,0.14,53.9,0.12
455,00850,元大臺灣ESG永續,84.05,-5.75,-6.4,26W29,07/17,16.7,-0.12,16.5,-0.12,15.6,0.12
456,4747,強生,48.0,-0.45,-0.93,26W29,07/17,58.0,0.12,50.3,0.12,50.3,0.12
457,9105,泰金寶-DR,8.39,-0.41,-4.66,26W29,07/17,19.0,0.13,16.7,0.3,14.0,0.12
458,2204,中華,56.2,-1.7,-2.94,26W29,07/17,74.3,0.3,73.1,0.43,72.3,0.12
459,6272,驊陞,27.05,-1.65,-5.75,26W29,07/17,47.4,0.1,41.4,0.12,36.2,0.12
460,6492,生華科,43.25,-1.05,-2.37,26W29,07/17,27.4,0.12,27.4,0.12,26.4,0.12
461,2208,台船,19.9,-0.85,-4.1,26W29,07/17,53.6,0.07,51.6,0.05,50.7,0.12
462,4995,晶達,45.2,-0.8,-1.74,26W29,07/17,61.1,0.12,59.5,0.12,51.7,0.12
463,8942,森鉅,38.9,-0.95,-2.38,26W29,07/17,46.6,0.42,44.0,0.11,41.8,0.11
464,6526,達發,563.0,-56.0,-9.05,26W29,07/17,77.7,0.15,76.8,0.11,76.2,0.11
465,3224,三顧,34.85,-1.8,-4.91,26W29,07/17,68.1,0.12,64.5,0.12,63.5,0.11
466,00663L,國泰臺灣加權正2,92.25,-14.5,-13.6,26W29,07/17,20.3,-1.08,19.3,-0.57,18.2,0.11
467,3176,基亞,33.55,-2.2,-6.15,26W29,07/17,31.1,0.11,30.6,0.11,28.7,0.11
468,6127,九豪,60.1,-6.6,-9.9,26W29,07/17,19.6,0.68,18.5,0.78,17.0,0.11
469,0055,元大MSCI金融,41.82,-0.47,-1.11,26W29,07/17,42.3,0.81,38.6,0.11,38.6,0.11
470,0053,元大電子,221.75,-16.25,-6.83,26W29,07/17,19.0,0.11,19.0,0.11,19.0,0.11
471,00882,中信中國高股息,14.56,-0.28,-1.89,26W29,07/17,21.4,-0.07,19.2,0.07,17.0,0.11
472,3324,雙鴻,913.0,11.0,1.22,26W29,07/17,38.2,0.0,34.6,0.1,27.1,0.11
473,00950B,凱基A級公司債,14.15,0.05,0.35,26W29,07/17,89.9,0.11,89.6,0.13,89.3,0.1
474,3666,光耀,24.5,-0.75,-2.97,26W29,07/17,82.4,0.1,80.6,0.1,79.9,0.1
475,6488,環球晶,1240.0,-130.0,-9.49,26W29,07/17,78.8,0.58,76.5,0.03,72.8,0.1
476,00764B,群益25年美債,27.97,0.12,0.43,26W29,07/17,93.6,0.05,93.5,0.1,93.4,0.1
477,6170,統振,46.55,-0.65,-1.38,26W29,07/17,54.4,0.11,53.6,0.1,52.7,0.1
478,00985A,主動野村台灣50,20.28,-1.32,-6.11,26W29,07/17,13.0,0.11,12.7,0.07,11.8,0.1
479,5512,力麒,7.85,-0.16,-2.0,26W29,07/17,58.9,-0.05,56.5,0.19,54.6,0.1
480,2887,台新新光金,35.55,-0.6,-1.66,26W29,07/17,73.0,0.07,71.8,0.1,70.8,0.1
481,2633,台灣高鐵,25.95,-0.2,-0.76,26W29,07/17,85.6,0.08,85.1,0.1,84.6,0.1
482,8930,青鋼,31.7,-0.15,-0.47,26W29,07/17,62.0,0.9,57.9,0.1,56.9,0.1
483,2103,台橡,23.5,-1.05,-4.28,26W29,07/17,54.1,-0.22,53.4,0.09,51.9,0.1
484,2032,新鋼,15.8,-0.55,-3.36,26W29,07/17,53.9,0.05,50.0,-0.55,48.6,0.1
485,3706,神達,88.3,-1.6,-1.78,26W29,07/17,51.8,0.01,51.0,0.01,49.7,0.1
486,6821,聯寶,43.95,-4.15,-8.63,26W29,07/17,47.3,0.09,43.8,0.09,38.9,0.1
487,5487,通泰,28.65,0.25,0.88,26W29,07/17,69.5,0.01,55.2,-3.22,47.8,0.09
488,4155,訊映,16.05,-0.1,-0.62,26W29,07/17,41.5,0.65,36.1,0.09,34.9,0.09
489,6527,明達醫,70.4,-0.6,-0.85,26W29,07/17,34.6,0.27,31.9,0.27,28.1,0.09
490,1780,立弘,22.3,-0.4,-1.76,26W29,07/17,71.2,0.09,68.7,0.09,61.9,0.09
491,8916,光隆,42.85,0.2,0.47,26W29,07/17,64.3,-0.11,61.6,-0.52,61.0,0.09
492,5284,jpp-KY,278.0,-21.5,-7.18,26W29,07/17,52.8,-1.06,51.4,0.09,49.6,0.09
493,6918,愛派司,71.6,-1.2,-1.65,26W29,07/17,40.6,0.09,30.7,0.09,27.9,0.09
494,9110,越南控-DR,3.1,-0.04,-1.27,26W29,07/17,37.3,0.09,28.1,0.09,21.8,0.09
495,2887I,台新新光辛特,9.45,0.0,0.0,26W29,07/17,70.2,0.08,68.1,0.11,66.0,0.09
496,8936,國統,52.0,-2.8,-5.11,26W29,07/17,29.6,0.03,26.3,-0.29,23.5,0.09
497,5292,華懋,167.0,-7.5,-4.3,26W29,07/17,47.2,0.09,42.1,0.09,40.1,0.09
498,00836B,永豐10年A公司債,28.84,0.15,0.52,26W29,07/17,99.5,-0.02,99.4,0.08,99.2,0.08
499,2374,佳能,67.7,-4.3,-5.97,26W29,07/17,26.1,-0.55,24.2,0.08,23.1,0.08
500,2231,為升,109.5,-8.5,-7.2,26W29,07/17,63.3,0.08,62.7,0.08,62.7,0.08
501,3609,三一東林,27.45,-0.25,-0.9,26W29,07/17,41.9,0.37,38.2,2.33,31.7,0.08
502,1236,宏亞,23.55,0.4,1.73,26W29,07/17,82.4,0.08,82.4,0.08,78.0,0.08
503,8021,尖點,454.5,-50.5,-10.0,26W29,07/17,43.2,0.49,40.9,0.05,37.9,0.08
504,4207,環泰,19.6,-0.35,-1.75,26W29,07/17,68.0,0.1,66.3,0.08,63.7,0.08
505,5315,光聯,19.2,-0.65,-3.27,26W29,07/17,28.0,1.1,25.0,-0.01,22.6,0.08
506,3512,皇龍,19.4,-0.3,-1.52,26W29,07/17,67.5,-0.1,66.3,-0.78,63.9,0.08
507,1531,高林股,12.9,-0.2,-1.53,26W29,07/17,58.7,0.76,55.1,0.1,54.1,0.08
508,1710,東聯,16.4,-1.1,-6.29,26W29,07/17,60.4,-0.14,59.2,0.09,57.5,0.08
509,5607,遠雄港,49.05,-1.85,-3.63,26W29,07/17,72.3,-0.3,70.9,0.05,68.9,0.08
510,2611,志信,14.0,-0.25,-1.75,26W29,07/17,45.7,0.19,43.3,-0.44,43.3,0.08
511,1720,生達,63.5,-1.0,-1.55,26W29,07/17,62.9,0.05,62.2,0.08,59.6,0.08
512,1504,東元,66.8,-3.1,-4.43,26W29,07/17,68.4,-0.06,67.5,-0.1,66.8,0.08
513,4933,友輝,57.0,-2.7,-4.52,26W29,07/17,61.5,0.08,60.8,0.08,59.7,0.08
514,3285,微端,37.4,-1.6,-4.1,26W29,07/17,57.5,0.07,56.0,0.07,51.3,0.07
515,2643,捷迅,59.0,-0.5,-0.84,26W29,07/17,63.9,0.07,63.9,0.07,58.7,0.07
516,3702,大聯大,109.5,-4.0,-3.52,26W29,07/17,82.3,0.12,80.4,0.26,79.0,0.07
517,1259,安心,59.5,0.4,0.68,26W29,07/17,73.8,0.07,71.4,0.07,71.4,0.07
518,4542,科嶠,327.5,-36.0,-9.9,26W29,07/17,37.5,0.25,32.0,0.07,21.0,0.07
519,7792,安葆,208.5,-18.0,-7.95,26W29,07/17,67.3,0.03,64.3,0.07,62.2,0.07
520,8091,翔名,268.0,-20.0,-6.94,26W29,07/17,42.1,-0.05,37.0,0.02,32.3,0.07
521,3455,由田,200.0,-18.0,-8.26,26W29,07/17,22.5,-1.01,14.5,-1.29,13.0,0.07
522,2393,億光,66.5,-3.0,-4.32,26W29,07/17,65.1,-0.16,62.1,-0.31,60.7,0.07
523,1419,新紡,66.1,-0.6,-0.9,26W29,07/17,89.4,0.09,87.3,0.07,85.6,0.07
524,3191,雲嘉南,18.2,-0.15,-0.82,26W29,07/17,50.1,0.07,46.9,0.07,46.9,0.07
525,4402,郡都開發,16.3,-0.05,-0.31,26W29,07/17,62.0,0.07,62.0,0.07,60.7,0.07
526,2832,台產,56.4,-0.8,-1.4,26W29,07/17,65.9,0.06,64.3,0.37,63.0,0.07
527,8401,白紗科,22.75,-0.2,-0.87,26W29,07/17,60.3,0.08,58.4,0.07,54.4,0.07
528,2892,第一金,34.1,0.15,0.44,26W29,07/17,69.5,0.07,68.4,0.07,67.5,0.07
529,9906,欣巴巴,41.0,-0.6,-1.44,26W29,07/17,76.7,0.07,76.1,0.07,75.0,0.07
530,3711,日月光投控,614.0,-68.0,-9.97,26W29,07/17,84.9,0.0,83.4,0.06,81.8,0.07
531,7718,友鋮,47.0,-0.35,-0.74,26W29,07/17,74.5,0.03,71.6,0.07,67.9,0.07
532,2911,麗嬰房,7.13,-0.37,-4.93,26W29,07/17,42.3,0.07,41.7,0.07,41.0,0.07
533,2009,第一銅,37.0,-1.25,-3.27,26W29,07/17,55.8,-0.11,55.6,0.07,55.3,0.07
534,5324,士開,12.0,-0.2,-1.64,26W29,07/17,77.5,0.34,74.4,0.07,73.6,0.07
535,2908,特力,21.95,0.05,0.23,26W29,07/17,90.7,0.06,90.5,0.06,89.8,0.06
536,2430,燦坤,18.0,0.0,0.0,26W29,07/17,59.2,-0.74,58.1,-0.74,55.9,0.06
537,3052,夆典,10.8,-0.05,-0.46,26W29,07/17,52.5,0.23,50.1,-0.35,48.2,0.06
538,1783,和康生,40.15,-0.65,-1.59,26W29,07/17,60.0,0.06,57.7,0.06,55.7,0.06
539,009813,貝萊德標普卓越50,11.16,-0.19,-1.67,26W29,07/17,19.6,0.23,18.2,0.37,16.8,0.06
540,6224,聚鼎,58.5,-4.5,-7.14,26W29,07/17,34.5,0.04,31.1,0.04,25.8,0.06
541,00757,統一FANG+,130.35,-5.0,-3.69,26W29,07/17,29.6,0.11,28.6,0.38,28.3,0.06
542,3380,明泰,29.8,-2.4,-7.45,26W29,07/17,65.7,-0.23,65.4,0.17,64.6,0.06
543,8927,北基,19.9,-1.15,-5.46,26W29,07/17,79.3,-0.14,76.3,-0.16,74.2,0.06
544,3028,增你強,68.0,-5.1,-6.98,26W29,07/17,42.7,-0.72,41.8,-0.73,41.0,0.06
545,6534,正瀚-創,91.8,-1.9,-2.03,26W29,07/17,78.9,0.09,76.1,0.06,75.3,0.06
546,2114,鑫永銓,87.8,-1.5,-1.68,26W29,07/17,62.4,0.06,59.0,0.06,59.0,0.06
547,3444,利機,78.0,-4.7,-5.68,26W29,07/17,45.5,0.06,42.3,0.06,38.2,0.06
548,6185,幃翔,13.8,-0.4,-2.82,26W29,07/17,47.0,0.06,43.0,0.06,40.0,0.06
549,1325,恆大,25.1,-0.75,-2.9,26W29,07/17,46.7,0.06,46.0,0.06,44.9,0.06
550,2235,謚源,27.8,0.0,0.0,26W29,07/17,81.1,0.06,81.1,0.06,76.1,0.06
551,5403,中菲,94.0,-1.7,-1.78,26W29,07/17,38.9,0.0,34.5,0.06,31.1,0.06
552,7768,頌勝科技,303.0,-18.5,-5.75,26W29,07/17,62.2,0.06,59.3,0.06,55.2,0.06
553,6020,大展證,21.75,0.0,0.0,26W29,07/17,96.7,0.06,96.7,0.06,96.0,0.06
554,2801,彰銀,23.9,-0.05,-0.21,26W29,07/17,75.9,0.06,74.7,0.05,73.8,0.06
555,6207,雷科,130.5,-9.5,-6.79,26W29,07/17,15.2,-0.19,12.2,-1.8,12.2,0.06
556,9940,信義,19.95,-0.35,-1.72,26W29,07/17,79.4,0.17,78.5,0.06,78.0,0.06
557,2812,台中銀,20.55,0.3,1.48,26W29,07/17,56.6,0.01,55.1,0.03,54.1,0.06
558,6846,綠茵,62.9,-0.5,-0.79,26W29,07/17,66.8,0.06,64.2,0.06,64.2,0.06
559,7713,威力德生醫,70.6,-0.1,-0.14,26W29,07/17,81.4,0.07,78.2,0.05,78.2,0.05
560,6167,久正,10.75,-0.7,-6.11,26W29,07/17,41.1,-0.03,38.3,-0.03,35.8,0.05
561,4119,旭富,46.35,-0.65,-1.38,26W29,07/17,45.7,0.07,44.0,0.05,44.0,0.05
562,4953,緯軟,121.5,-4.0,-3.19,26W29,07/17,42.8,0.09,38.9,0.05,37.7,0.05
563,2739,寒舍,34.0,-1.2,-3.41,26W29,07/17,71.5,0.04,70.0,0.04,68.0,0.05
564,2916,滿心,39.55,-0.55,-1.37,26W29,07/17,57.5,0.05,56.5,0.05,51.0,0.05
565,6988,威力暘-創,12.8,-0.5,-3.76,26W29,07/17,77.3,0.05,70.4,0.05,66.6,0.05
566,00722B,群益投資級電信債,35.45,0.13,0.37,26W29,07/17,89.5,0.09,89.3,-0.01,89.3,0.05
567,5223,安力-KY,23.8,-0.75,-3.05,26W29,07/17,61.1,0.07,56.4,0.05,54.2,0.05
568,4956,光鋐,29.65,-2.9,-8.91,26W29,07/17,35.2,0.37,35.2,1.84,32.5,0.05
569,6695,芯鼎,52.3,-4.0,-7.1,26W29,07/17,48.7,-0.73,46.0,-0.72,45.2,0.05
570,4111,濟生,29.95,-0.1,-0.33,26W29,07/17,38.8,0.05,35.5,0.05,32.2,0.05
571,6190,萬泰科,68.4,-6.8,-9.04,26W29,07/17,33.7,-0.32,30.4,0.02,29.5,0.05
572,4552,力達-KY,19.1,-0.45,-2.3,26W29,07/17,48.1,0.05,44.5,0.05,44.5,0.05
573,1101,台泥,23.5,-0.45,-1.88,26W29,07/17,53.1,-0.07,51.9,-0.01,50.9,0.05
574,4770,上品,214.0,-12.5,-5.52,26W29,07/17,62.4,0.05,60.6,0.05,59.6,0.05
575,01009T,王道圓滿R1,5.68,-0.02,-0.35,26W29,07/17,89.1,0.25,88.0,0.05,86.0,0.05
576,1532,勤美,23.1,-0.45,-1.91,26W29,07/17,62.6,0.07,60.1,0.06,58.8,0.05
577,1233,天仁,28.45,-0.1,-0.35,26W29,07/17,71.2,0.05,69.0,0.05,67.9,0.05
578,3710,連展投控,5.64,0.01,0.18,26W29,07/17,26.3,0.05,23.5,0.05,21.9,0.05
579,1614,三洋電,31.4,0.05,0.16,26W29,07/17,79.4,-0.21,77.4,0.33,75.4,0.05
580,1474,弘裕,10.45,-0.15,-1.42,26W29,07/17,56.1,0.05,52.9,0.05,52.9,0.05
581,1582,信錦,71.7,-4.9,-6.4,26W29,07/17,28.9,-0.35,27.0,0.03,26.4,0.05
582,3713,新晶投控,14.15,-0.6,-4.07,26W29,07/17,47.4,0.07,45.8,0.05,43.8,0.05
583,2886,兆豐金,47.6,1.0,2.15,26W29,07/17,82.5,0.06,82.0,0.04,81.6,0.05
584,2880,華南金,40.15,0.75,1.9,26W29,07/17,80.4,0.05,79.7,0.04,79.1,0.05
585,00740B,富邦全球投等債,38.61,0.11,0.29,26W29,07/17,96.5,-0.05,96.5,-0.04,96.3,0.05
586,4161,聿新科,22.75,0.0,0.0,26W29,07/17,40.1,0.05,29.7,0.05,26.8,0.05
587,4556,旭然,108.0,-8.5,-7.3,26W29,07/17,75.0,0.04,75.0,0.04,72.9,0.04
588,9960,邁達康,33.2,-0.4,-1.19,26W29,07/17,73.0,0.04,63.0,0.04,60.2,0.04
589,2373,震旦行,54.3,0.2,0.37,26W29,07/17,87.1,0.04,86.2,0.04,86.2,0.04
590,3541,西柏,21.6,-0.3,-1.37,26W29,07/17,34.2,0.04,29.4,0.04,24.8,0.04
591,6890,來億-KY,173.0,0.5,0.29,26W29,07/17,92.6,0.04,92.3,0.04,91.9,0.04
592,4972,湯石照明,16.8,-0.05,-0.3,26W29,07/17,45.1,0.08,41.2,0.08,36.4,0.04
593,2511,太子,8.53,-0.11,-1.27,26W29,07/17,77.8,0.02,76.1,0.09,74.6,0.04
594,4737,華廣,54.8,-1.8,-3.18,26W29,07/17,54.9,0.83,52.4,0.04,48.9,0.04
595,3311,閎暉,33.8,-1.8,-5.06,26W29,07/17,53.3,0.02,52.0,0.04,50.3,0.04
596,3128,昇銳,21.05,-2.1,-9.07,26W29,07/17,30.1,0.03,25.8,0.04,23.8,0.04
597,9946,三發地產,17.95,-0.35,-1.91,26W29,07/17,79.6,-0.19,79.4,0.04,78.5,0.04
598,00654R,富邦印度反1,6.73,-0.03,-0.44,26W29,07/17,38.7,0.04,38.7,0.04,33.9,0.04
599,9912,偉聯,12.6,-0.1,-0.79,26W29,07/17,60.5,0.04,55.4,0.04,55.4,0.04
600,5523,豐謙,30.4,0.0,0.0,26W29,07/17,90.9,0.04,90.0,0.04,88.9,0.04
