排名,代號,名稱,市 場,股價 日期,K 線,成交,漲跌 價,漲跌 幅,成交 張數,成交額 (百萬),昨收,開盤,最高,最低,振幅 (%),PER,PBR,1個月 走勢圖,3個月 走勢圖,1年 走勢圖,3年 走勢圖,10年 走勢圖
1,5274,信驊,櫃,07/08,,13975.0,-440.0,-3.05,303,4293.0,14415.0,14870.0,15045.0,13600.0,10.0,119.0,88.63,,,,,
2,2059,川湖,市,07/08,,8095.0,-165.0,-2.0,608,4897.0,8260.0,8415.0,8440.0,7850.0,7.14,71.4,24.47,,,,,
3,6515,穎崴,市,07/08,,7705.0,-320.0,-3.99,495,3807.0,8025.0,8035.0,8035.0,7445.0,7.35,157.0,42.74,,,,,
4,6223,旺矽,櫃,07/08,,6460.0,150.0,2.38,766,4902.0,6310.0,6500.0,6540.0,6250.0,4.6,172.0,40.17,,,,,
5,7769,鴻勁,市,07/08,,6055.0,-125.0,-2.02,612,3724.0,6180.0,6340.0,6340.0,6010.0,5.34,75.6,17.37,,,,,
6,2383,台光電,市,07/08,,5315.0,95.0,1.82,2643,14218.0,5220.0,5350.0,5555.0,5250.0,5.84,115.0,39.72,,,,,
7,6669,緯穎,市,07/08,,5050.0,35.0,0.7,1002,5002.0,5015.0,5075.0,5085.0,4900.0,3.69,16.9,6.7,,,,,
8,3443,創意,市,07/08,,4400.0,-80.0,-1.79,1696,7526.0,4480.0,4500.0,4570.0,4330.0,5.36,132.0,40.43,,,,,
9,3661,世芯-KY,市,07/08,,4065.0,30.0,0.74,1622,6540.0,4035.0,4085.0,4085.0,3965.0,2.97,59.5,7.68,,,,,
10,2454,聯發科,市,07/08,,3995.0,-35.0,-0.87,6728,26843.0,4030.0,4000.0,4040.0,3955.0,2.11,63.5,16.34,,,,,
11,3008,大立光,市,07/08,,3950.0,60.0,1.54,1776,6988.0,3890.0,3950.0,4035.0,3870.0,4.24,24.8,2.8,,,,,
12,3653,健策,市,07/08,,3200.0,5.0,0.16,750,2408.0,3195.0,3305.0,3340.0,3120.0,6.89,88.5,22.17,,,,,
13,3131,弘塑,櫃,07/08,,3110.0,-75.0,-2.35,678,2101.0,3185.0,3140.0,3180.0,3045.0,4.24,58.2,22.66,,,,,
14,6510,精測,櫃,07/08,,2840.0,5.0,0.18,291,821.0,2835.0,2860.0,2880.0,2700.0,6.35,83.3,9.5,,,,,
15,7734,印能科技,櫃,07/08,,2795.0,25.0,0.9,76,209.0,2770.0,2775.0,2855.0,2650.0,7.4,70.6,11.32,,,,,
16,3529,力旺,櫃,07/08,,2680.0,-60.0,-2.19,592,1577.0,2740.0,2740.0,2760.0,2595.0,6.02,97.8,45.1,,,,,
17,7610,聯友金屬-創,市,07/08,,2485.0,85.0,3.54,1114,2741.0,2400.0,2400.0,2575.0,2330.0,10.2,153.0,56.88,,,,,
18,2330,台積電,市,07/08,,2465.0,25.0,1.02,25520,62401.0,2440.0,2445.0,2465.0,2420.0,1.84,33.1,10.85,,,,,
19,2345,智邦,市,07/08,,2415.0,-40.0,-1.63,3644,8865.0,2455.0,2440.0,2525.0,2370.0,6.31,45.7,20.66,,,,,
20,3017,奇鋐,市,07/08,,2325.0,-125.0,-5.1,4442,10430.0,2450.0,2425.0,2440.0,2290.0,6.12,38.2,20.21,,,,,
21,8299,群聯,櫃,07/08,,2140.0,-5.0,-0.23,3487,7436.0,2145.0,2175.0,2210.0,2080.0,6.06,20.7,6.38,,,,,
22,3081,聯亞,櫃,07/08,,2095.0,190.0,9.97,2243,4551.0,1905.0,1940.0,2095.0,1915.0,9.45,275.0,45.72,,,,,
23,7750,新代,市,07/08,,2080.0,15.0,0.73,76,157.0,2065.0,2075.0,2095.0,1995.0,4.84,50.5,13.07,,,,,
24,3533,嘉澤,市,07/08,,1990.0,25.0,1.27,525,1044.0,1965.0,1990.0,2040.0,1950.0,4.58,27.9,5.33,,,,,
25,7828,創新服務,櫃,07/08,,1925.0,90.0,4.9,484,932.0,1835.0,1855.0,2000.0,1850.0,8.17,284.0,66.7,,,,,
26,3665,貿聯-KY,市,07/08,,1900.0,-80.0,-4.04,3600,6815.0,1980.0,1995.0,1995.0,1830.0,8.33,38.3,7.95,,,,,
27,2308,台達電,市,07/08,,1885.0,-5.0,-0.26,13043,24583.0,1890.0,1925.0,1950.0,1840.0,5.82,69.6,16.35,,,,,
28,2360,致茂,市,07/08,,1855.0,-110.0,-5.6,5864,10753.0,1965.0,1845.0,1875.0,1790.0,4.33,58.5,28.33,,,,,
29,6683,雍智科技,櫃,07/08,,1665.0,5.0,0.3,278,468.0,1660.0,1760.0,1760.0,1630.0,7.83,93.1,15.83,,,,,
30,6274,台燿,櫃,07/08,,1645.0,70.0,4.44,5984,9666.0,1575.0,1630.0,1665.0,1550.0,7.3,119.0,26.3,,,,,
31,6446,藥華藥,市,07/08,,1530.0,35.0,2.34,4301,6583.0,1495.0,1560.0,1570.0,1490.0,5.35,95.7,16.52,,,,,
32,5269,祥碩,市,07/08,,1525.0,25.0,1.67,932,1385.0,1500.0,1525.0,1530.0,1440.0,6.0,18.8,3.06,,,,,
33,5289,宜鼎,櫃,07/08,,1515.0,-75.0,-4.72,3104,4747.0,1590.0,1615.0,1635.0,1490.0,9.12,20.1,10.07,,,,,
34,6442,光聖,市,07/08,,1485.0,-55.0,-3.57,3526,5305.0,1540.0,1590.0,1620.0,1440.0,11.7,55.8,16.41,,,,,
35,7751,竑騰,櫃,07/08,,1420.0,55.0,4.03,131,183.0,1365.0,1380.0,1420.0,1365.0,4.03,62.7,17.56,,,,,
36,6805,富世達,市,07/08,,1395.0,-95.0,-6.38,3453,4762.0,1490.0,1495.0,1495.0,1345.0,10.1,35.6,12.88,,,,,
37,1590,亞德客-KY,市,07/08,,1345.0,-35.0,-2.54,498,680.0,1380.0,1400.0,1410.0,1340.0,5.07,29.5,5.29,,,,,
38,8996,高力,市,07/08,,1320.0,-15.0,-1.12,2225,2984.0,1335.0,1335.0,1415.0,1295.0,8.99,93.9,26.43,,,,,
39,3491,昇達科,櫃,07/08,,1270.0,75.0,6.28,1206,1495.0,1195.0,1220.0,1295.0,1190.0,8.79,139.0,25.08,,,,,
40,5536,聖暉*,櫃,07/08,,1260.0,-135.0,-9.68,1691,2151.0,1395.0,1360.0,1365.0,1260.0,7.53,35.0,11.93,,,,,
41,6488,環球晶,櫃,07/08,,1230.0,25.0,2.07,9465,11378.0,1205.0,1205.0,1235.0,1160.0,6.22,75.8,6.3,,,,,
42,2404,漢唐,市,07/08,,1200.0,-60.0,-4.76,2329,2809.0,1260.0,1265.0,1275.0,1180.0,7.54,22.3,15.76,,,,,
43,8210,勤誠,市,07/08,,1195.0,20.0,1.7,1052,1261.0,1175.0,1230.0,1240.0,1175.0,5.53,35.2,11.87,,,,,
44,6781,AES-KY,市,07/08,,1165.0,-10.0,-0.85,2075,2475.0,1175.0,1200.0,1265.0,1155.0,9.36,29.8,5.5,,,,,
45,2368,金像電,市,07/08,,1150.0,15.0,1.32,3924,4487.0,1135.0,1150.0,1180.0,1110.0,6.17,51.4,16.86,,,,,
46,6409,旭隼,市,07/08,,1140.0,-45.0,-3.8,1391,1587.0,1185.0,1175.0,1175.0,1110.0,5.49,32.7,9.68,,,,,
47,6739,竹陞科技,櫃,07/08,,1110.0,-75.0,-6.33,451,504.0,1185.0,1180.0,1180.0,1075.0,8.86,58.1,30.27,,,,,
48,8046,南電,市,07/08,,1105.0,75.0,7.28,21269,23294.0,1030.0,1065.0,1130.0,1020.0,10.7,234.0,15.29,,,,,
49,7822,倍利科,市,07/08,,1005.0,-25.0,-2.43,196,197.0,1030.0,1040.0,1040.0,986.0,5.24,61.5,7.53,,,,,
50,6640,均華,櫃,07/08,,982.0,-33.0,-3.25,328,322.0,1015.0,1020.0,1020.0,964.0,5.52,60.6,8.57,,,,,
51,6949,沛爾生醫-創,市,07/08,,960.0,40.0,4.35,478,458.0,920.0,930.0,978.0,927.0,5.54,,23.65,,,,,
52,6187,萬潤,櫃,07/08,,955.0,-19.0,-1.95,2029,1919.0,974.0,990.0,992.0,923.0,7.08,62.7,13.53,,,,,
53,3026,禾伸堂,市,07/08,,953.0,86.0,9.92,20932,19162.0,867.0,878.0,953.0,827.0,14.5,123.0,16.32,,,,,
54,6944,兆聯實業,市,07/08,,941.0,-28.0,-2.89,784,750.0,969.0,972.0,979.0,940.0,4.02,26.5,8.15,,,,,
55,6531,愛普*,市,07/08,,926.0,31.0,3.46,2917,2688.0,895.0,908.0,948.0,894.0,6.03,94.2,12.76,,,,,
56,3324,雙鴻,櫃,07/08,,925.0,-45.0,-4.64,3639,3359.0,970.0,960.0,960.0,904.0,5.77,26.5,6.41,,,,,
57,2327,國巨*,市,07/08,,891.0,-14.0,-1.55,70899,63495.0,905.0,906.0,930.0,856.0,8.18,70.0,10.98,,,,,
58,4749,新應材,櫃,07/08,,877.0,-22.0,-2.45,838,740.0,899.0,899.0,906.0,876.0,3.34,69.2,9.1,,,,,
59,6139,亞翔,市,07/08,,866.0,-17.0,-1.93,3798,3304.0,883.0,891.0,905.0,853.0,5.89,24.0,9.32,,,,,
60,3037,欣興,市,07/08,,863.0,23.0,2.74,33631,29049.0,840.0,856.0,882.0,843.0,4.64,123.0,12.09,,,,,
61,6831,邁科,市,07/08,,819.0,44.0,5.68,1050,847.0,775.0,783.0,825.0,759.0,8.52,167.0,20.66,,,,,
62,2379,瑞昱,市,07/08,,817.0,41.0,5.28,6821,5576.0,776.0,817.0,845.0,798.0,6.06,29.3,9.32,,,,,
63,3167,大量,市,07/08,,810.0,-24.0,-2.88,3286,2731.0,834.0,841.0,888.0,788.0,12.0,78.9,20.03,,,,,
64,3583,辛耘,市,07/08,,785.0,-23.0,-2.85,1052,828.0,808.0,811.0,811.0,771.0,4.95,53.3,8.26,,,,,
65,3163,波若威,櫃,07/08,,777.0,35.0,4.72,5661,4378.0,742.0,759.0,815.0,740.0,10.1,89.8,19.6,,,,,
66,3189,景碩,市,07/08,,755.0,68.0,9.9,4336,3220.0,687.0,714.0,755.0,714.0,5.97,190.0,9.22,,,,,
67,3293,鈊象,櫃,07/08,,748.0,14.0,1.91,2094,1552.0,770.0,745.0,758.0,732.0,3.54,18.5,17.51,,,,,
68,1519,華城,市,07/08,,740.0,-8.0,-1.07,1202,890.0,748.0,748.0,753.0,737.0,2.14,50.8,28.37,,,,,
69,5904,寶雅,櫃,07/08,,717.0,-8.0,-1.1,540,387.0,725.0,726.0,727.0,704.0,3.17,22.8,11.95,,,,,
70,6691,洋基工程,市,07/08,,715.0,-13.0,-1.79,1396,983.0,728.0,728.0,736.0,685.0,7.01,26.5,14.48,,,,,
71,3563,牧德,市,07/08,,713.0,-13.0,-1.79,560,403.0,726.0,739.0,739.0,710.0,3.99,45.5,8.75,,,,,
72,1560,中砂,市,07/08,,698.0,-2.0,-0.29,1190,827.0,700.0,696.0,707.0,680.0,3.86,68.6,12.62,,,,,
73,2357,華碩,市,07/08,,687.0,24.0,3.62,4854,3298.0,663.0,675.0,687.0,670.0,2.56,12.3,1.78,,,,,
74,6584,南俊國際,櫃,07/08,,677.0,14.0,2.11,403,271.0,663.0,680.0,685.0,661.0,3.62,87.5,13.4,,,,,
75,4966,譜瑞-KY,櫃,07/08,,662.0,12.0,1.85,1754,1146.0,650.0,658.0,663.0,641.0,3.38,20.0,2.29,,,,,
76,6526,達發,市,07/08,,656.0,8.0,1.23,397,258.0,648.0,658.0,658.0,635.0,3.55,37.6,6.13,,,,,
77,3363,上詮,櫃,07/08,,640.0,53.0,9.03,8331,5281.0,587.0,634.0,645.0,614.0,5.28,,12.68,,,,,
78,7805,威聯通,櫃,07/08,,640.0,-10.0,-1.54,60,38.4,650.0,649.0,651.0,635.0,2.46,14.8,3.01,,,,,
79,7728,光焱科技,櫃,07/08,,636.0,1.0,0.16,22,13.7,635.0,635.0,636.0,614.0,3.46,118.0,12.49,,,,,
80,3711,日月光投控,市,07/08,,625.0,-26.0,-3.99,26610,16876.0,651.0,640.0,649.0,623.0,3.99,57.8,7.82,,,,,
81,3406,玉晶光,市,07/08,,612.0,3.0,0.49,2239,1366.0,609.0,610.0,620.0,598.0,3.61,18.6,2.64,,,,,
82,4583,台灣精銳,市,07/08,,610.0,-2.0,-0.33,36,22.2,612.0,618.0,618.0,605.0,2.12,53.5,5.06,,,,,
83,7795,長廣,市,07/08,,587.0,-13.0,-2.17,638,366.0,600.0,581.0,609.0,550.0,9.83,260.0,16.45,,,,,
84,4958,臻鼎-KY,市,07/08,,565.0,17.0,3.1,31313,17671.0,548.0,562.0,585.0,546.0,7.12,79.9,4.81,,,,,
85,2467,志聖,市,07/08,,552.0,-61.0,-9.95,3439,1959.0,613.0,625.0,625.0,552.0,11.9,73.3,10.35,,,,,
86,6415,矽力*-KY,市,07/08,,551.0,-9.0,-1.61,5990,3286.0,560.0,555.0,573.0,526.0,8.39,74.1,5.61,,,,,
87,2395,研華,市,07/08,,546.0,49.5,9.97,8005,4368.0,496.5,546.0,546.0,533.0,2.62,42.3,9.56,,,,,
88,6196,帆宣,市,07/08,,546.0,-16.0,-2.85,1894,1032.0,562.0,564.0,565.0,532.0,5.87,34.6,6.89,,,,,
89,3034,聯詠,市,07/08,,544.0,13.0,2.45,6124,3300.0,531.0,532.0,547.0,528.0,3.58,22.3,4.6,,,,,
90,6727,亞泰金屬,櫃,07/08,,544.0,49.0,9.9,4425,2293.0,495.0,506.0,544.0,481.5,12.6,64.0,9.82,,,,,
91,6451,訊芯-KY,市,07/08,,525.0,28.5,5.74,5618,2869.0,496.5,506.0,540.0,481.0,11.9,,7.95,,,,,
92,8358,金居,櫃,07/08,,523.0,0.0,0.0,6829,3569.0,523.0,523.0,534.0,509.0,4.78,100.0,16.21,,,,,
93,3693,營邦,櫃,07/08,,520.0,-22.0,-4.06,2719,1448.0,542.0,550.0,550.0,508.0,7.75,60.5,4.22,,,,,
94,8021,尖點,市,07/08,,518.0,20.0,4.02,1288,655.0,498.0,506.0,520.0,500.0,4.02,148.0,13.96,,,,,
95,6789,采鈺,市,07/08,,513.0,13.0,2.6,1337,677.0,500.0,508.0,517.0,495.0,4.4,110.0,8.63,,,,,
96,3450,聯鈞,市,07/08,,510.0,15.0,3.03,2042,1030.0,495.0,515.0,515.0,495.0,4.04,151.0,14.25,,,,,
97,5434,崇越,市,07/08,,509.0,-7.0,-1.36,1179,601.0,516.0,519.0,530.0,501.0,5.62,21.5,5.13,,,,,
98,3680,家登,櫃,07/08,,502.0,-5.0,-0.99,887,445.0,507.0,509.0,512.0,492.0,3.94,51.4,4.29,,,,,
99,4991,環宇-KY,櫃,07/08,,482.0,13.0,2.77,8117,3922.0,469.0,485.0,504.0,467.5,7.78,194.0,13.67,,,,,
100,2207,和泰車,市,07/08,,480.5,9.5,2.02,364,175.0,471.0,479.5,482.0,476.0,1.27,14.1,3.38,,,,,
101,2492,華新科,市,07/08,,474.0,-28.0,-5.58,23886,11404.0,502.0,510.0,511.0,452.5,11.7,90.8,4.3,,,,,
102,3044,健鼎,市,07/08,,472.0,-3.5,-0.74,3426,1623.0,475.5,476.0,480.5,465.0,3.26,22.9,4.26,,,,,
103,7744,崴寶,櫃,07/08,,462.5,-8.5,-1.8,58,27.0,471.0,473.5,473.5,457.5,3.4,27.5,5.6,,,,,
104,6643,M31,櫃,07/08,,461.0,-4.0,-0.86,419,194.0,465.0,466.0,475.5,455.0,4.41,11525.0,10.69,,,,,
105,6291,沛亨,櫃,07/08,,452.5,-23.0,-4.84,1045,484.0,475.5,476.0,483.5,446.0,7.89,52.9,14.87,,,,,
106,6121,新普,櫃,07/08,,444.5,-2.5,-0.56,1749,796.0,447.0,443.0,468.0,443.0,5.59,15.0,2.17,,,,,
107,7799,禾榮科,市,07/08,,442.0,-24.0,-5.15,2027,916.0,466.0,473.0,473.0,438.5,7.4,,6.14,,,,,
108,3675,德微,櫃,07/08,,440.0,35.0,8.64,395,165.0,405.0,418.5,440.0,384.5,13.7,156.0,9.12,,,,,
109,4971,IET-KY,櫃,07/08,,437.5,-6.0,-1.35,1116,490.0,443.5,439.5,459.0,425.5,7.55,85.8,8.36,,,,,
110,6715,嘉基,市,07/08,,435.0,-17.0,-3.76,179,77.7,452.0,439.0,453.0,424.0,6.42,204.0,7.99,,,,,
111,4979,華星光,櫃,07/08,,434.5,6.5,1.52,7132,3113.0,428.0,432.0,451.5,424.5,6.31,78.9,14.97,,,,,
112,3211,順達,櫃,07/08,,427.5,38.5,9.9,4554,1945.0,389.0,425.5,427.5,425.5,0.51,42.6,7.58,,,,,
113,7717,萊德光電-KY,櫃,07/08,,427.5,-9.0,-2.06,137,58.5,436.5,444.0,444.0,420.0,5.5,,10.02,,,,,
114,6472,保瑞,市,07/08,,422.0,-3.5,-0.82,1945,843.0,425.5,441.0,448.0,422.0,6.11,32.3,3.69,,,,,
115,3105,穩懋,櫃,07/08,,413.5,4.0,0.98,16652,6842.0,409.5,411.0,421.5,400.0,5.25,79.2,4.28,,,,,
116,5386,青雲,櫃,07/08,,412.5,-18.0,-4.18,1413,586.0,430.5,434.0,435.5,403.5,7.43,8.16,6.13,,,,,
117,6830,汎銓,市,07/08,,410.5,-13.5,-3.18,1347,555.0,424.0,424.5,430.5,405.0,6.01,,6.79,,,,,
118,7749,意騰-KY,市,07/08,,410.0,3.0,0.74,170,69.1,407.0,410.0,413.5,400.5,3.19,32.9,4.84,,,,,
119,3532,台勝科,市,07/08,,409.5,26.5,6.92,6900,2765.0,383.0,387.0,420.0,375.5,11.6,506.0,6.55,,,,,
120,6788,華景電,櫃,07/08,,408.0,-11.0,-2.63,703,289.0,419.0,419.0,423.0,405.0,4.3,22.1,6.53,,,,,
121,3260,威剛,櫃,07/08,,404.0,0.0,0.0,5955,2406.0,404.0,408.0,413.0,397.0,3.96,7.86,4.65,,,,,
122,6414,樺漢,市,07/08,,404.0,4.0,1.0,2230,896.0,400.0,404.0,410.0,393.0,4.25,18.8,2.24,,,,,
123,2408,南亞科,市,07/08,,396.0,-7.0,-1.74,62960,25346.0,403.0,414.0,422.0,391.0,7.69,35.5,6.36,,,,,
124,6213,聯茂,市,07/08,,393.5,14.5,3.83,35982,13968.0,379.0,390.0,405.5,370.0,9.37,95.5,6.78,,,,,
125,4542,科嶠,櫃,07/08,,391.5,-12.0,-2.97,1346,534.0,403.5,408.0,422.0,382.5,9.79,321.0,15.7,,,,,
126,6435,大中,櫃,07/08,,388.0,-11.0,-2.76,2711,1029.0,399.0,395.0,395.0,364.5,7.64,36.0,7.63,,,,,
127,4728,雙美,櫃,07/08,,386.5,0.0,0.0,0,0.0,386.5,386.5,386.5,386.5,0.0,29.1,17.75,,,,,
128,5234,達興材料,市,07/08,,380.0,0.5,0.13,450,173.0,379.5,382.5,396.0,376.0,5.27,49.4,12.65,,,,,
129,2382,廣達,市,07/08,,377.0,4.0,1.07,15637,5867.0,373.0,376.0,380.5,367.0,3.62,18.9,7.0,,,,,
130,6138,茂達,櫃,07/08,,375.0,-21.0,-5.3,2536,959.0,396.0,396.0,396.0,370.0,6.57,26.6,8.16,,,,,
131,6491,晶碩,市,07/08,,375.0,-3.0,-0.79,710,267.0,378.0,386.5,386.5,371.0,4.1,18.1,2.59,,,,,
132,6197,佳必琪,市,07/08,,369.0,9.0,2.5,3735,1341.0,360.0,368.0,369.5,348.0,5.97,36.0,9.87,,,,,
133,6903,巨漢,櫃,07/08,,367.0,-7.5,-2.0,724,266.0,374.5,375.5,381.0,362.0,5.07,22.4,6.51,,,,,
134,6664,群翊,櫃,07/08,,362.0,-8.0,-2.16,435,158.0,370.0,377.5,377.5,358.0,5.27,24.9,5.69,,,,,
135,8464,億豐,市,07/08,,359.0,-11.0,-2.97,256,92.8,370.0,370.5,375.0,359.0,4.32,16.3,3.86,,,,,
136,6894,衛司特,櫃,07/08,,352.5,-4.5,-1.26,52,18.2,357.0,365.0,365.0,348.5,4.62,27.4,5.52,,,,,
137,8155,博智,櫃,07/08,,352.5,7.5,2.17,511,179.0,350.0,346.0,356.5,345.0,3.33,41.5,5.67,,,,,
138,8016,矽創,市,07/08,,352.0,0.0,0.0,3380,1172.0,352.0,346.0,354.5,334.0,5.82,22.1,3.62,,,,,
139,2472,立隆電,市,07/08,,351.0,-18.0,-4.88,7114,2541.0,369.0,373.0,373.5,346.5,7.32,40.5,6.01,,,,,
140,6983,華洋精機,櫃,07/08,,349.0,2.0,0.58,39,13.9,347.0,367.5,367.5,344.5,6.63,89.7,13.79,,,,,
141,8261,富鼎,市,07/08,,348.0,6.0,1.75,15757,5338.0,342.0,355.0,355.5,318.5,10.8,59.5,6.76,,,,,
142,4766,南寶,市,07/08,,345.5,-13.5,-3.76,671,234.0,359.0,358.0,359.0,343.5,4.32,16.7,3.19,,,,,
143,7768,頌勝科技,市,07/08,,344.0,4.0,1.18,66,22.6,340.0,340.0,347.0,339.5,2.21,94.5,11.0,,,,,
144,5284,jpp-KY,市,07/08,,343.0,-4.5,-1.29,534,184.0,347.5,351.0,352.5,338.0,4.17,25.6,4.74,,,,,
145,2049,上銀,市,07/08,,340.0,-2.5,-0.73,2469,848.0,344.5,348.0,354.0,336.5,5.11,74.1,3.2,,,,,
146,3413,京鼎,市,07/08,,339.0,-5.0,-1.45,3945,1349.0,344.0,348.5,351.5,333.0,5.38,18.0,2.36,,,,,
147,5439,高技,櫃,07/08,,338.0,7.0,2.11,1875,628.0,331.0,333.0,338.5,328.5,3.02,22.1,7.35,,,,,
148,1476,儒鴻,市,07/08,,336.0,-4.5,-1.32,1872,634.0,340.5,340.0,350.0,332.0,5.29,16.2,3.35,,,,,
149,2376,技嘉,市,07/08,,335.0,8.0,2.45,4776,1589.0,327.0,328.5,337.0,328.0,2.75,15.7,3.48,,,,,
150,2455,全新,市,07/08,,335.0,16.5,5.18,7502,2478.0,318.5,319.0,342.0,313.5,8.95,105.0,16.89,,,,,
151,4768,晶呈科技,櫃,07/08,,334.0,-1.0,-0.3,400,133.0,335.0,340.0,340.5,326.5,4.18,,10.72,,,,,
152,7722,LINEPAY,市,07/08,,332.0,12.5,3.91,294,96.4,319.5,320.5,333.0,318.5,4.54,47.2,2.08,,,,,
153,4760,勤凱,櫃,07/08,,331.5,17.5,5.57,1029,337.0,314.0,325.0,335.5,320.5,4.78,43.2,10.68,,,,,
154,6561,是方,櫃,07/08,,331.5,2.0,0.61,72,23.8,337.0,326.5,331.5,326.5,1.52,20.8,8.57,,,,,
155,3374,精材,櫃,07/08,,324.5,29.5,10.0,17058,5513.0,295.0,313.0,324.5,312.0,4.24,62.9,8.68,,,,,
156,00675L,富邦臺灣加權正2,市,07/08,,322.5,-1.05,-0.32,2218,714.0,323.55,326.3,326.8,317.05,3.01,,1.0035,,,,,
157,6449,鈺邦,市,07/08,,320.0,11.5,3.73,1883,583.0,308.5,311.5,325.5,295.5,9.72,40.4,5.12,,,,,
158,3023,信邦,市,07/08,,319.5,-5.5,-1.69,1404,452.0,325.0,324.5,327.5,319.0,2.62,25.0,4.38,,,,,
159,4585,達明,市,07/08,,318.0,-2.0,-0.62,212,67.6,320.0,320.5,325.0,316.5,2.66,239.0,4.84,,,,,
160,6239,力成,市,07/08,,318.0,-5.5,-1.7,17355,5469.0,323.5,321.0,323.0,309.0,4.33,37.8,4.03,,,,,
161,4764,雙鍵,市,07/08,,316.0,19.0,6.4,5716,1672.0,297.0,293.0,326.5,267.5,19.9,168.0,11.16,,,,,
162,6613,朋億*,櫃,07/08,,315.0,-13.5,-4.11,464,146.0,328.5,326.0,332.5,310.0,6.85,22.1,4.8,,,,,
163,0057,富邦摩台,市,07/08,,314.15,-1.9,-0.6,12,3.87,316.05,312.0,314.4,312.0,0.76,,0.9913,,,,,
164,3526,凡甲,櫃,07/08,,310.0,-2.0,-0.64,492,152.0,312.0,312.5,315.5,304.0,3.69,17.7,5.69,,,,,
165,7711,永擎,市,07/08,,307.0,-3.0,-0.97,194,59.3,310.0,310.0,311.5,303.0,2.74,18.8,4.64,,,,,
166,6725,矽科宏晟,櫃,07/08,,306.5,-6.5,-2.08,61,18.7,313.0,313.5,313.5,304.5,2.88,25.8,4.48,,,,,
167,8499,鼎炫-KY,市,07/08,,306.5,7.5,2.51,52,15.3,299.0,297.0,306.5,293.0,4.52,30.7,1.47,,,,,
168,6672,騰輝電子-KY,市,07/08,,306.0,6.0,2.0,4769,1431.0,300.0,304.0,306.0,290.0,5.33,55.3,5.89,,,,,
169,2449,京元電子,市,07/08,,305.5,-11.5,-3.63,26525,8130.0,317.0,317.0,318.0,301.0,5.36,41.5,6.86,,,,,
170,8028,昇陽半導體,市,07/08,,305.5,-4.0,-1.29,5493,1675.0,309.5,309.5,312.0,298.5,4.36,66.8,10.09,,,,,
171,3030,德律,市,07/08,,304.5,8.5,2.87,2131,648.0,296.0,304.5,311.0,298.0,4.39,26.4,6.88,,,,,
172,3090,日電貿,市,07/08,,303.5,-2.5,-0.82,1811,522.0,306.0,303.0,303.5,275.5,9.15,61.9,4.95,,,,,
173,6290,良維,櫃,07/08,,302.0,1.0,0.33,2811,850.0,301.0,302.5,308.0,298.5,3.16,35.2,6.78,,,,,
174,2428,興勤,市,07/08,,301.0,-8.5,-2.75,1764,531.0,309.5,309.0,309.0,293.0,5.17,27.4,3.28,,,,,
175,6861,睿生光電,市,07/08,,297.5,-10.0,-3.25,750,224.0,307.5,303.0,310.0,292.0,5.85,60.3,7.99,,,,,
176,8081,致新,市,07/08,,295.5,-8.0,-2.64,1372,404.0,303.5,308.5,308.5,289.5,6.26,16.8,3.49,,,,,
177,6870,騰雲,櫃,07/08,,293.0,9.0,3.17,62,18.4,284.0,309.0,309.0,288.0,7.39,38.8,5.71,,,,,
178,3485,敘豐,櫃,07/08,,288.0,4.0,1.41,331,95.4,284.0,284.0,297.5,280.0,6.16,55.8,7.12,,,,,
179,3587,閎康,櫃,07/08,,287.0,-3.0,-1.03,510,146.0,290.0,293.0,293.0,281.5,3.97,37.9,3.79,,,,,
180,7556,意德士,櫃,07/08,,282.0,0.0,0.0,59,16.6,282.0,282.5,283.0,275.0,2.84,37.2,5.5,,,,,
181,4169,泰宗,市,07/08,,279.0,11.0,4.1,1408,388.0,268.0,282.0,288.0,260.0,10.4,,15.02,,,,,
182,8091,翔名,櫃,07/08,,278.5,10.5,3.92,1533,420.0,268.0,276.0,279.5,267.0,4.66,38.4,4.02,,,,,
183,6719,力智,市,07/08,,277.0,-7.5,-2.64,3712,1025.0,284.5,282.0,283.5,269.5,4.92,38.5,2.04,,,,,
184,4772,台特化,櫃,07/08,,274.5,4.5,1.67,389,106.0,270.0,271.0,275.0,268.0,2.59,56.7,11.66,,,,,
185,3592,瑞鼎,市,07/08,,274.0,3.0,1.11,436,118.0,271.0,271.0,274.0,266.0,2.95,17.1,1.93,,,,,
186,6803,崑鼎,櫃,07/08,,273.5,-2.5,-0.91,151,41.3,276.0,274.5,274.5,272.5,0.72,14.8,3.16,,,,,
187,6173,信昌電,櫃,07/08,,273.0,-11.0,-3.87,11610,3223.0,284.0,291.5,291.5,264.0,9.68,73.2,5.24,,,,,
188,3152,璟德,櫃,07/08,,272.5,-0.5,-0.18,205,56.2,273.0,277.0,278.0,271.0,2.56,29.1,4.56,,,,,
189,3357,臺慶科,櫃,07/08,,272.0,9.5,3.62,3310,881.0,262.5,265.5,273.0,258.0,5.71,27.8,3.15,,,,,
190,4931,新盛力,櫃,07/08,,272.0,24.5,9.9,16873,4538.0,247.5,260.0,272.0,259.0,5.25,85.0,13.42,,,,,
191,8454,富邦媒,市,07/08,,271.0,-0.5,-0.18,566,154.0,271.5,273.0,278.5,270.0,3.13,25.9,6.94,,,,,
192,1264,德麥,櫃,07/08,,270.5,-1.0,-0.37,54,14.5,271.5,271.0,271.0,269.5,0.55,13.0,2.99,,,,,
193,2493,揚博,市,07/08,,270.0,-10.5,-3.74,4488,1257.0,280.5,290.0,294.5,267.0,9.8,63.8,11.79,,,,,
194,6231,系微,櫃,07/08,,270.0,2.5,0.93,291,77.6,267.5,271.0,273.0,262.5,3.93,40.6,12.4,,,,,
195,4722,國精化,市,07/08,,259.5,7.5,2.98,1452,376.0,252.0,259.0,268.5,249.5,7.54,151.0,8.5,,,,,
196,6937,天虹,市,07/08,,259.5,-3.0,-1.14,487,129.0,264.0,271.5,278.5,258.5,7.62,80.1,5.1,,,,,
197,6670,復盛應用,市,07/08,,258.5,0.0,0.0,336,86.5,258.5,259.0,260.5,254.0,2.51,12.5,2.14,,,,,
198,2233,宇隆,市,07/08,,256.0,4.0,1.59,388,98.2,252.0,254.0,259.0,247.0,4.76,40.8,3.86,,,,,
199,6271,同欣電,市,07/08,,255.0,8.0,3.24,12795,3177.0,247.0,250.0,257.5,237.5,8.1,37.7,2.02,,,,,
200,6667,信紘科,櫃,07/08,,255.0,-4.0,-1.54,342,87.2,259.0,260.0,260.5,252.0,3.28,18.5,5.49,,,,,
201,6217,中探針,櫃,07/08,,254.0,10.0,4.1,849,210.0,244.0,244.5,254.0,239.5,5.94,,9.8,,,,,
202,6285,啟碁,市,07/08,,251.5,8.0,3.29,4490,1102.0,243.5,246.0,254.5,237.5,6.98,36.8,3.48,,,,,
203,2451,創見,市,07/08,,250.0,-6.0,-2.34,3919,979.0,256.0,254.0,257.0,247.0,3.91,8.05,4.11,,,,,
204,6679,鈺太,櫃,07/08,,248.5,-0.5,-0.2,295,73.0,249.0,248.0,250.5,244.5,2.41,29.4,2.3,,,,,
205,006208,富邦台50,市,07/08,,246.15,-0.35,-0.14,3473,853.0,246.5,247.05,247.75,243.85,1.58,,0.9952,,,,,
206,4551,智伸科,市,07/08,,246.0,-8.0,-3.15,3092,750.0,254.0,245.0,251.5,232.0,7.68,36.8,3.16,,,,,
207,6257,矽格,市,07/08,,244.5,2.5,1.03,7358,1776.0,242.0,243.0,245.0,236.0,3.72,36.5,5.41,,,,,
208,6693,廣閎科,櫃,07/08,,244.0,-4.5,-1.81,1235,300.0,249.0,248.0,256.5,236.0,8.25,179.0,9.67,,,,,
209,7788,松川精密,市,07/08,,242.5,10.0,4.3,874,208.0,232.5,238.0,244.5,231.0,5.81,64.2,3.24,,,,,
210,2486,一詮,市,07/08,,241.5,-0.5,-0.21,3981,952.0,242.0,242.0,245.0,233.0,4.96,464.0,10.71,,,,,
211,2727,王品,市,07/08,,241.5,-3.5,-1.43,489,118.0,245.0,245.5,246.0,241.0,2.04,14.5,5.22,,,,,
212,2912,統一超,市,07/08,,241.0,1.0,0.42,2373,572.0,240.0,240.0,242.0,239.5,1.04,22.0,5.39,,,,,
213,0053,元大電子,市,07/08,,238.8,1.15,0.48,36,8.47,237.65,238.3,239.6,236.65,1.24,,0.9933,,,,,
214,3617,碩天,市,07/08,,238.0,21.5,9.93,1949,462.0,216.5,230.0,238.0,230.0,3.7,16.8,2.46,,,,,
215,7792,安葆,櫃,07/08,,238.0,-9.0,-3.64,168,40.5,247.0,250.5,250.5,237.0,5.47,29.6,3.61,,,,,
216,2317,鴻海,市,07/08,,237.5,0.5,0.21,37939,8963.0,237.0,240.0,240.5,234.0,2.74,16.9,1.87,,,,,
217,3455,由田,櫃,07/08,,236.0,-2.5,-1.05,1140,271.0,238.5,240.0,245.0,232.5,5.24,133.0,6.11,,,,,
218,2645,長榮航太,市,07/08,,235.5,21.0,9.79,7446,1713.0,214.5,225.5,235.5,221.5,6.53,36.0,6.97,,,,,
219,2247,汎德永業,市,07/08,,234.0,0.0,0.0,24,5.68,234.0,234.0,235.0,233.0,0.85,14.7,1.52,,,,,
220,4967,十銓,市,07/08,,233.0,-16.5,-6.61,6795,1610.0,249.5,246.0,249.5,230.0,7.82,5.96,2.79,,,,,
221,3264,欣銓,櫃,07/08,,232.0,0.5,0.22,5217,1197.0,231.5,235.5,235.5,222.5,5.62,34.8,5.43,,,,,
222,1623,大東電,市,07/08,,231.0,0.5,0.22,483,111.0,230.5,230.5,233.0,226.0,3.04,16.4,3.81,,,,,
223,3227,原相,櫃,07/08,,228.0,-4.0,-1.72,3167,725.0,232.0,233.5,236.0,226.0,4.31,20.2,3.02,,,,,
224,006204,永豐臺灣加權,市,07/08,,227.95,-1.45,-0.63,2,0.44,229.4,227.95,227.95,227.95,0.0,,0.9943,,,,,
225,8033,雷虎,市,07/08,,227.5,20.5,9.9,7655,1706.0,207.0,223.0,227.5,213.0,7.0,335.0,18.0,,,,,
226,6953,家碩,櫃,07/08,,227.0,-2.0,-0.87,48,11.0,229.0,228.0,229.5,224.5,2.18,29.4,4.48,,,,,
227,3147,大綜,櫃,07/08,,226.0,1.0,0.44,166,37.5,225.0,230.0,230.0,225.0,2.22,25.3,6.16,,,,,
228,1503,士電,市,07/08,,225.5,-4.5,-1.96,2411,544.0,230.0,230.0,231.0,222.5,3.7,33.6,3.09,,,,,
229,1477,聚陽,市,07/08,,224.0,-7.5,-3.24,3823,861.0,231.5,233.0,234.0,221.0,5.62,16.2,4.25,,,,,
230,2313,華通,市,07/08,,224.0,6.0,2.75,20245,4475.0,218.0,220.0,227.0,215.0,5.5,39.6,5.7,,,,,
231,5292,華懋,市,07/08,,223.5,-0.5,-0.22,224,50.4,224.0,228.0,229.0,222.0,3.12,22.1,5.21,,,,,
232,6881,潤德,櫃,07/08,,223.5,-2.0,-0.89,15,3.41,225.5,225.5,225.5,223.5,0.89,10.8,3.46,,,,,
233,6811,宏碁資訊,櫃,07/08,,223.0,3.0,1.36,210,46.5,220.0,221.5,223.0,218.5,2.05,14.7,4.34,,,,,
234,7765,中華資安,市,07/08,,222.0,-1.5,-0.67,29,6.4,223.5,223.5,223.5,220.5,1.34,20.0,4.11,,,,,
235,3130,一零四,市,07/08,,220.5,0.0,0.0,65,14.3,220.5,220.5,221.0,220.0,0.45,14.6,4.01,,,,,
236,4576,大銀微系統,市,07/08,,220.5,-1.5,-0.68,1621,360.0,223.0,223.0,229.0,216.0,5.86,87.5,6.38,,,,,
237,8027,鈦昇,櫃,07/08,,220.0,4.0,1.85,4868,1036.0,216.0,216.5,221.0,205.0,7.41,,8.44,,,,,
238,2316,楠梓電,市,07/08,,218.0,12.5,6.08,1128,238.0,205.5,207.5,219.0,202.0,8.27,14.1,2.88,,,,,
239,3035,智原,市,07/08,,216.0,17.0,8.54,11637,2502.0,199.0,211.0,218.5,210.0,4.27,115.0,4.12,,,,,
240,6829,千附精密,櫃,07/08,,216.0,11.0,5.37,714,150.0,208.5,206.0,218.5,202.5,7.8,51.8,6.27,,,,,
241,3006,晶豪科,市,07/08,,215.5,-3.5,-1.6,11497,2468.0,219.0,219.0,225.0,208.5,7.53,25.8,4.7,,,,,
242,4770,上品,市,07/08,,214.5,-2.0,-0.92,133,28.6,216.5,217.5,217.5,212.5,2.31,21.2,2.12,,,,,
243,2301,光寶科,市,07/08,,214.0,1.0,0.47,12844,2736.0,213.0,214.0,217.0,209.0,3.76,31.5,5.51,,,,,
244,5475,德宏,櫃,07/08,,213.5,6.5,3.14,3474,759.0,207.0,207.0,227.0,206.5,9.9,970.0,28.5,,,,,
245,6146,耕興,櫃,07/08,,213.0,15.5,7.85,1722,364.0,197.5,204.0,216.0,203.0,6.58,19.6,3.53,,,,,
246,4771,望隼,市,07/08,,212.0,-1.5,-0.7,409,88.2,213.5,215.5,221.5,210.0,5.39,16.3,2.93,,,,,
247,2481,強茂,市,07/08,,211.5,-4.5,-2.08,8139,1734.0,216.0,228.0,228.0,203.5,11.3,67.6,5.57,,,,,
248,3036,文曄,市,07/08,,210.5,-3.5,-1.64,6388,1349.0,214.0,216.0,216.0,208.5,3.5,15.4,2.36,,,,,
249,8114,振樺電,市,07/08,,210.5,-6.0,-2.77,757,161.0,216.5,220.0,220.5,209.0,5.31,14.0,2.12,,,,,
250,3515,華擎,市,07/08,,210.0,-2.5,-1.18,394,83.1,212.5,212.0,214.0,208.5,2.59,13.3,2.3,,,,,
251,1795,美時,市,07/08,,209.5,2.5,1.21,5407,1146.0,207.0,212.0,217.0,207.5,4.59,14.2,2.29,,,,,
252,6957,裕慶-KY,市,07/08,,209.0,2.0,0.97,139,28.8,207.0,209.0,209.0,205.0,1.93,19.7,5.03,,,,,
253,5483,中美晶,櫃,07/08,,208.0,9.5,4.79,29764,6067.0,198.5,202.0,210.0,196.0,7.05,28.4,2.59,,,,,
254,6782,視陽,市,07/08,,207.0,-4.0,-1.9,382,80.7,211.0,213.5,217.0,207.0,4.74,14.0,3.1,,,,,
255,3042,晶技,市,07/08,,206.0,-4.0,-1.9,40637,8576.0,210.0,215.0,220.5,205.0,7.38,39.4,4.63,,,,,
256,7810,捷創科技,櫃,07/08,,205.0,2.5,1.23,24,4.87,202.5,206.0,206.0,201.0,2.47,33.3,4.22,,,,,
257,2351,順德,市,07/08,,203.5,-10.0,-4.68,6610,1363.0,213.5,216.5,216.5,199.5,7.96,89.6,5.12,,,,,
258,3551,世禾,櫃,07/08,,202.0,-0.5,-0.25,420,84.3,202.5,204.5,204.5,196.0,4.2,24.3,2.45,,,,,
259,3611,鼎翰,櫃,07/08,,201.0,1.0,0.5,38,7.62,200.0,200.0,201.0,198.5,1.25,9.9,1.72,,,,,
260,6890,來億-KY,市,07/08,,201.0,-13.5,-6.29,434,89.6,214.5,217.5,217.5,201.0,7.69,20.0,2.03,,,,,
261,00670L,富邦NASDAQ正2,市,07/08,,200.15,-2.3,-1.14,786,158.0,202.45,202.25,202.25,200.0,1.11,,1.0289,,,,,
262,6278,台表科,市,07/08,,200.0,5.0,2.56,4530,904.0,195.0,197.5,203.0,195.0,4.1,22.8,2.6,,,,,
263,6996,力領科技,櫃,07/08,,200.0,-2.5,-1.23,138,27.4,202.5,202.0,202.0,196.5,2.72,15.4,3.4,,,,,
264,1256,鮮活果汁-KY,市,07/08,,199.5,-0.5,-0.25,163,32.3,200.0,205.0,205.0,193.5,5.75,15.0,1.71,,,,,
265,6147,頎邦,櫃,07/08,,199.5,-0.5,-0.25,16424,3261.0,200.0,201.0,203.0,194.5,4.25,58.2,3.17,,,,,
266,6525,捷敏-KY,市,07/08,,199.0,-22.0,-9.95,12890,2631.0,221.0,214.0,221.0,199.0,9.95,32.7,5.86,,,,,
267,6654,天正國際,櫃,07/08,,199.0,-0.5,-0.25,65,12.8,199.5,199.5,205.5,194.5,5.51,538.0,7.08,,,,,
268,8069,元太,櫃,07/08,,199.0,0.5,0.25,4498,894.0,198.5,199.5,202.5,195.5,3.53,20.7,3.57,,,,,
269,6732,昇佳電子,櫃,07/08,,198.5,-6.0,-2.93,815,164.0,204.5,207.0,211.5,195.5,7.82,31.3,2.38,,,,,
270,3376,新日興,市,07/08,,197.0,2.5,1.29,2373,465.0,194.5,194.5,198.5,193.5,2.57,294.0,2.22,,,,,
271,2603,長榮,市,07/08,,196.0,8.0,4.26,16209,3145.0,188.0,190.0,196.0,189.5,3.46,8.56,0.73,,,,,
272,8227,巨有科技,櫃,07/08,,196.0,5.0,2.62,1035,201.0,191.0,200.0,200.0,189.5,5.5,77.8,6.66,,,,,
273,3596,智易,市,07/08,,195.5,2.0,1.03,1097,214.0,193.5,196.0,198.0,193.0,2.58,15.5,2.74,,,,,
274,2474,可成,市,07/08,,195.0,-1.0,-0.51,4779,926.0,196.0,195.0,197.0,192.0,2.55,19.2,0.77,,,,,
275,006203,元大MSCI台灣,市,07/08,,193.1,-0.3,-0.16,23,4.4,193.4,193.25,193.25,191.4,0.96,,0.9931,,,,,
276,6533,晶心科,市,07/08,,192.5,0.5,0.26,216,41.4,192.0,192.5,194.5,189.5,2.6,,2.24,,,,,
277,2375,凱美,市,07/08,,192.0,-5.0,-2.54,12711,2453.0,197.0,197.0,199.5,185.0,7.36,58.7,2.08,,,,,
278,6658,聯策,市,07/08,,192.0,-2.5,-1.29,767,146.0,194.5,194.0,196.0,188.0,4.11,73.3,5.07,,,,,
279,6761,穩得,櫃,07/08,,190.0,4.0,2.15,332,62.1,186.0,190.0,191.5,182.5,4.84,27.5,4.04,,,,,
280,7712,博盛半導體,櫃,07/08,,190.0,-2.5,-1.3,392,73.2,192.5,193.5,193.5,180.0,7.01,34.4,3.18,,,,,
281,4441,振大環球,市,07/08,,189.5,-0.5,-0.26,66,12.5,190.0,187.0,190.5,186.5,2.11,13.3,1.96,,,,,
282,7703,銳澤,櫃,07/08,,189.5,-4.0,-2.07,112,21.3,193.5,193.5,193.5,188.0,2.84,24.2,3.4,,,,,
283,5903,全家,櫃,07/08,,189.0,1.5,0.8,35,6.65,187.5,188.0,189.0,187.5,0.8,27.2,5.13,,,,,
284,6426,統新,市,07/08,,189.0,6.0,3.28,450,84.3,183.0,184.5,194.0,183.0,6.01,363.0,7.8,,,,,
285,6907,雅特力-KY,櫃,07/08,,189.0,17.0,9.88,792,149.0,172.0,186.5,189.0,186.0,1.74,69.2,7.92,,,,,
286,3416,融程電,市,07/08,,187.0,5.0,2.75,806,152.0,182.0,188.5,192.5,186.0,3.57,25.6,4.64,,,,,
287,2458,義隆,市,07/08,,186.0,-2.0,-1.06,8152,1506.0,188.0,187.0,189.5,181.5,4.26,20.5,5.51,,,,,
288,5288,豐祥-KY,市,07/08,,186.0,-1.0,-0.53,111,20.5,187.0,191.0,192.5,183.0,5.08,15.4,2.12,,,,,
289,7730,暉盛-創,市,07/08,,186.0,6.0,3.33,98,18.0,180.0,180.0,186.5,177.0,5.28,96.9,7.06,,,,,
290,3555,博士旺,櫃,07/08,,184.0,2.5,1.38,40,7.28,181.5,181.5,186.5,177.5,4.96,26.5,9.54,,,,,
291,6712,長聖,櫃,07/08,,183.0,5.5,3.1,4130,743.0,177.5,183.0,184.0,173.5,5.92,36.7,6.25,,,,,
292,1303,南亞,市,07/08,,182.0,16.5,9.97,108341,19408.0,166.5,167.5,182.0,164.5,10.6,78.8,3.76,,,,,
293,8255,朋程,櫃,07/08,,181.5,-1.0,-0.55,1105,199.0,182.5,183.5,183.5,176.5,3.84,31.8,2.37,,,,,
294,2478,大毅,市,07/08,,181.0,-12.5,-6.46,8102,1502.0,193.5,191.0,194.5,177.5,8.79,48.9,3.56,,,,,
295,8271,宇瞻,市,07/08,,181.0,-4.5,-2.43,2051,371.0,185.5,186.5,187.5,178.0,5.12,8.82,3.67,,,,,
296,2707,晶華,市,07/08,,179.5,0.0,0.0,85,15.2,179.5,181.0,181.0,179.0,1.11,12.8,6.46,,,,,
297,3228,金麗科,櫃,07/08,,179.5,1.5,0.84,250,44.6,178.0,177.0,181.0,175.5,3.09,,20.15,,,,,
298,6862,三集瑞-KY,市,07/08,,179.5,-4.5,-2.45,465,84.5,184.0,184.5,189.5,178.5,5.98,29.5,2.87,,,,,
299,2753,八方雲集,市,07/08,,179.0,0.5,0.28,219,39.0,178.5,178.5,180.0,177.5,1.4,13.3,3.36,,,,,
300,6922,宸曜,櫃,07/08,,179.0,-0.5,-0.28,183,33.0,179.5,182.0,185.5,178.0,4.18,25.3,4.88,,,,,
