排名,代號,名稱,成交,漲跌 價,漲跌 幅,法人 買賣 日期,當日 買賣超 佔 發行 張數,2日 買賣超 佔 發行 張數,3日 買賣超 佔 發行 張數,5日 買賣超 佔 發行 張數,10日 買賣超 佔 發行 張數,1個月 買賣超 佔 發行 張數,3個月 買賣超 佔 發行 張數,半年 買賣超 佔 發行 張數,1年 買賣超 佔 發行 張數,3年 買賣超 佔 發行 張數,10年 買賣超 佔 發行 張數,今年 買賣超 佔 發行 張數
1,3211,順達,427.0,-13.0,-2.95,07/15,0.0,-0.01,0.84,2.8,3.44,3.75,-9.01,-7.75,-15.2,12.0,12.0,-10.8
2,3026,禾伸堂,838.0,23.0,2.82,07/15,0.36,-0.52,-0.21,2.3,5.48,7.12,14.9,14.7,15.1,15.3,14.4,14.7
3,5483,中美晶,278.0,25.0,9.88,07/15,0.65,1.87,1.95,2.23,2.45,4.11,4.34,3.24,6.0,10.9,11.5,4.02
4,4764,雙鍵,364.5,33.0,9.95,07/15,0.0,1.0,1.0,2.15,2.15,2.27,4.39,4.5,4.5,4.5,,4.5
5,8046,南電,1415.0,125.0,9.69,07/15,0.28,0.5,1.24,1.85,2.28,3.29,3.13,6.6,5.71,3.65,4.12,6.99
6,3532,台勝科,523.0,13.0,2.55,07/15,0.12,1.17,1.17,1.59,2.02,2.34,2.38,3.36,4.02,2.34,0.81,3.64
7,2313,華通,248.0,22.5,9.98,07/15,0.2,0.76,1.04,1.08,1.04,0.82,-1.27,0.69,1.52,0.16,2.95,1.89
8,4722,國精化,274.5,14.0,5.37,07/15,0.0,1.02,1.02,1.02,1.02,6.07,5.93,5.22,5.82,6.32,1.72,5.23
9,5434,崇越,556.0,6.0,1.09,07/15,0.07,0.52,0.92,0.94,2.88,3.48,3.19,2.54,0.13,4.78,6.16,2.45
10,6182,合晶,179.5,-7.0,-3.75,07/15,-0.11,-0.43,-0.1,0.81,1.77,5.11,6.12,6.12,6.09,3.22,5.01,6.12
11,3167,大量,892.0,22.0,2.53,07/15,0.61,0.63,0.78,0.79,1.43,0.43,-2.31,1.71,8.99,9.6,9.56,-0.16
12,2458,義隆,178.5,-1.0,-0.56,07/15,-0.03,0.1,0.53,0.66,3.29,3.8,1.37,0.43,1.5,17.4,13.7,-0.78
13,1303,南亞,227.5,17.5,8.33,07/15,0.23,0.39,0.5,0.64,0.86,1.97,1.73,2.29,2.53,-0.72,1.47,2.1
14,4958,臻鼎-KY,618.0,-11.0,-1.75,07/15,0.04,0.26,0.64,0.62,0.29,1.81,4.01,4.46,3.37,1.31,5.18,3.83
15,2472,立隆電,341.0,20.0,6.23,07/15,0.03,-0.32,-0.39,0.52,1.25,5.29,7.55,5.88,6.91,8.55,8.59,5.66
16,3037,欣興,936.0,62.0,7.09,07/15,0.15,0.21,0.3,0.51,0.56,1.27,1.18,6.92,9.19,5.84,10.4,6.94
17,8150,南茂,114.0,10.0,9.62,07/15,0.0,0.0,0.49,0.51,2.32,1.35,4.47,4.57,4.53,4.46,4.53,4.62
18,6669,緯穎,5095.0,190.0,3.87,07/15,0.03,0.05,0.07,0.49,1.66,1.45,5.01,2.94,3.25,1.91,,2.56
19,2351,順德,200.5,6.0,3.08,07/15,0.0,0.0,0.44,0.44,0.51,1.57,3.18,3.18,3.01,0.39,1.95,3.18
20,4967,十銓,230.5,6.0,2.67,07/15,0.0,0.0,0.14,0.44,0.99,0.99,0.69,0.48,0.99,0.91,,0.41
21,3592,瑞鼎,249.5,-3.0,-1.19,07/15,-0.01,0.18,0.33,0.42,0.71,0.68,2.99,3.1,-10.9,1.99,,2.13
22,2356,英業達,61.1,-0.6,-0.97,07/15,-0.01,0.11,0.19,0.41,1.1,1.32,3.45,2.95,2.04,-0.88,2.24,3.17
23,8039,台虹,181.5,-4.0,-2.16,07/15,0.4,0.4,0.4,0.4,0.3,0.31,-0.02,-0.24,-0.05,0.04,0.04,-0.27
24,6187,萬潤,1080.0,95.0,9.64,07/15,0.09,0.09,0.14,0.4,-0.56,-1.2,0.35,7.47,3.45,7.38,-0.94,7.58
25,2408,南亞科,481.0,33.0,7.37,07/15,0.17,0.24,0.29,0.4,-0.14,2.38,3.22,1.29,4.79,1.92,4.95,1.59
26,006201,元大富櫃50,45.98,1.47,3.3,07/15,0.12,0.22,0.29,0.39,1.35,0.73,3.3,2.23,-5.76,-5.3,-77.1,0.54
27,6488,環球晶,1480.0,-35.0,-2.31,07/15,0.03,0.3,0.17,0.36,0.43,0.84,3.13,4.36,8.1,7.85,8.01,6.86
28,1477,聚陽,217.0,-3.0,-1.36,07/15,0.01,0.09,0.12,0.35,1.43,-2.15,-3.45,-3.61,-5.73,-4.46,3.78,-4.02
29,5269,祥碩,1515.0,-10.0,-0.66,07/15,0.0,0.06,0.31,0.33,2.14,3.12,4.53,4.15,-2.03,2.89,4.91,4.78
30,6223,旺矽,6330.0,-10.0,-0.16,07/15,0.01,0.04,0.11,0.33,0.62,0.99,2.26,2.45,3.58,17.5,14.9,1.54
31,3034,聯詠,472.0,4.0,0.85,07/15,-0.02,0.04,0.07,0.33,0.44,0.09,1.2,-2.43,-8.32,11.4,13.7,-3.33
32,4961,天鈺,167.5,0.0,0.0,07/15,0.0,0.15,0.27,0.32,0.67,0.79,1.22,1.41,-5.87,2.35,,0.46
33,3008,大立光,4040.0,-225.0,-5.28,07/15,0.0,0.29,0.29,0.3,-0.29,0.15,0.75,0.02,2.43,2.22,1.77,0.96
34,1402,遠東新,27.55,1.2,4.55,07/15,0.04,0.05,0.15,0.3,0.5,2.57,2.09,1.13,0.0,-1.67,4.55,1.01
35,3014,聯陽,134.0,-1.5,-1.11,07/15,-0.13,0.09,0.23,0.3,1.77,2.11,2.77,2.33,0.28,3.39,4.95,1.96
36,3260,威剛,408.0,5.0,1.24,07/15,-0.02,0.03,0.1,0.28,0.25,-0.27,-7.68,-10.1,-2.53,-0.98,4.25,-9.94
37,3624,光頡,114.0,-3.5,-2.98,07/15,0.0,0.0,0.28,0.28,0.01,0.28,1.88,1.88,1.88,-2.01,1.88,1.88
38,8016,矽創,302.0,-7.5,-2.42,07/15,-0.01,0.06,0.16,0.28,0.24,-0.25,0.68,0.09,0.57,1.45,-1.12,-1.11
39,2382,廣達,381.0,1.0,0.26,07/15,0.07,0.16,0.21,0.27,0.57,1.08,8.32,8.28,6.77,5.7,9.88,8.29
40,2449,京元電子,307.0,15.5,5.32,07/15,0.21,0.22,0.22,0.25,0.39,-1.26,-9.16,-7.61,-2.81,-4.36,-9.6,-7.95
41,2059,川湖,8500.0,505.0,6.32,07/15,0.09,0.09,0.06,0.25,0.37,0.16,2.27,1.27,-0.42,4.93,6.42,-0.47
42,8096,擎亞,146.0,-11.5,-7.3,07/15,0.0,0.01,0.01,0.24,0.24,0.24,0.24,0.24,0.24,0.24,0.24,0.24
43,3081,聯亞,1755.0,10.0,0.57,07/15,0.04,0.03,0.09,0.24,-0.78,-2.2,-5.13,0.33,2.82,11.0,10.0,0.61
44,2637,慧洋-KY,83.9,0.1,0.12,07/15,0.01,0.03,0.13,0.24,0.09,0.09,-2.07,-3.0,-4.77,-0.89,6.1,-3.68
45,3665,貿聯-KY,1910.0,150.0,8.52,07/15,0.17,0.13,0.09,0.22,0.42,0.77,-2.69,-5.51,-6.19,7.72,9.5,-7.18
46,2887,台新新光金,36.15,0.7,1.97,07/15,0.03,0.08,0.12,0.21,0.26,0.31,0.17,1.8,7.74,11.5,11.6,1.94
47,3526,凡甲,309.0,5.0,1.64,07/15,0.0,0.17,0.17,0.21,0.23,-0.56,0.47,0.01,-0.2,2.47,-2.19,0.07
48,8271,宇瞻,181.5,8.0,4.61,07/15,0.0,0.0,0.06,0.21,0.53,0.52,0.41,0.47,0.39,0.4,0.16,0.45
49,8114,振樺電,195.5,-2.5,-1.26,07/15,0.0,0.21,0.21,0.21,0.2,0.39,1.96,2.43,1.82,1.73,1.83,2.92
50,5469,瀚宇博,76.7,1.9,2.54,07/15,0.0,0.0,0.0,0.21,2.28,3.42,2.98,2.35,4.49,1.94,4.77,2.26
51,3042,晶技,189.5,4.5,2.43,07/15,0.0,0.0,0.0,0.2,0.9,-2.04,0.37,-0.75,-3.92,-0.51,0.79,-1.84
52,2379,瑞昱,753.0,-1.0,-0.13,07/15,-0.02,0.03,0.15,0.2,1.41,2.03,6.12,3.24,1.86,7.64,13.5,2.8
53,6213,聯茂,335.0,-13.5,-3.87,07/15,0.01,0.03,0.04,0.19,1.35,2.21,1.41,2.44,1.82,2.43,2.1,2.1
54,6139,亞翔,895.0,61.0,7.31,07/15,0.0,0.02,0.02,0.19,1.33,2.19,3.07,3.3,1.77,6.1,6.39,3.44
55,00646,元大S&P500,76.55,0.35,0.46,07/15,0.15,0.18,0.18,0.19,0.21,0.25,0.47,0.94,0.64,0.64,0.64,0.97
56,6548,長科*,80.4,-0.4,-0.5,07/15,0.0,0.09,0.16,0.19,0.7,0.26,1.04,0.92,3.25,3.24,,2.2
57,6691,洋基工程,753.0,48.0,6.81,07/15,0.0,0.03,0.03,0.19,2.11,3.12,2.37,2.21,2.85,1.61,,1.95
58,00935,野村臺灣新科技50,58.45,1.8,3.18,07/15,0.02,0.07,0.12,0.18,0.07,0.16,0.78,2.84,2.84,,,2.84
59,2441,超豐,136.5,7.5,5.81,07/15,-0.01,0.06,0.12,0.18,0.43,-2.39,-3.26,-5.96,-1.83,1.07,-4.57,-5.33
60,2451,創見,253.0,14.0,5.86,07/15,-0.01,0.05,0.1,0.18,0.39,0.54,-4.54,-4.52,-10.3,0.27,-2.24,-6.14
61,2006,東和鋼鐵,71.8,1.6,2.28,07/15,0.05,0.06,0.11,0.17,0.26,-3.95,-4.12,-5.2,-6.76,-4.89,-0.99,-5.42
62,6282,康舒,56.2,1.4,2.55,07/15,0.0,0.01,0.06,0.16,0.41,0.4,0.17,0.3,0.44,0.27,0.5,0.43
63,3264,欣銓,224.5,7.0,3.22,07/15,0.0,0.15,0.19,0.16,-0.35,-1.53,-5.6,0.82,-1.57,11.2,13.1,1.13
64,3711,日月光投控,683.0,42.0,6.55,07/15,0.02,0.03,0.04,0.15,0.29,-0.69,-0.62,-0.55,-2.52,-1.33,,-0.46
65,7769,鴻勁,6720.0,325.0,5.08,07/15,0.03,0.06,0.14,0.15,0.32,-0.25,0.68,0.73,,,,0.99
66,4770,上品,221.0,8.5,4.0,07/15,0.15,0.15,0.15,0.15,0.15,0.15,0.15,0.18,-3.06,-0.96,,0.18
67,2455,全新,315.5,1.0,0.32,07/15,-0.02,-0.07,-0.08,0.15,0.2,1.22,4.58,4.73,0.83,-3.51,-0.83,6.47
68,6257,矽格,237.5,12.5,5.56,07/15,0.0,0.06,0.1,0.15,0.16,0.19,-5.32,-5.11,-12.1,3.1,3.78,-5.4
69,4904,遠傳,96.3,1.2,1.26,07/15,-0.04,-0.01,0.15,0.14,0.79,4.07,4.59,3.97,2.72,8.54,11.9,3.97
70,2337,旺宏,148.5,9.0,6.45,07/15,0.14,0.14,0.14,0.14,-0.16,-0.54,-2.75,-2.52,1.52,0.88,5.2,-0.91
71,2206,三陽工業,63.9,0.3,0.47,07/15,0.03,0.04,0.06,0.14,0.16,0.14,0.02,-0.58,-1.8,2.23,2.32,-0.78
72,6664,群翊,394.5,11.0,2.87,07/15,0.0,0.13,0.13,0.13,0.13,0.08,0.12,-0.03,0.07,0.23,,-0.03
73,4536,拓凱,171.0,2.5,1.48,07/15,0.13,0.13,0.13,0.13,0.13,0.13,-0.34,-0.74,-0.81,0.96,0.79,-0.74
74,2542,興富發,43.45,0.05,0.12,07/15,0.02,0.08,0.09,0.13,0.42,0.86,3.94,3.54,4.54,1.0,0.62,3.46
75,5536,聖暉*,1250.0,95.0,8.23,07/15,0.01,0.04,0.06,0.13,-0.41,-0.67,0.63,-2.34,5.12,9.3,9.42,-0.98
76,5388,中磊,89.4,3.7,4.32,07/15,0.0,0.12,0.12,0.12,-0.27,-0.63,-1.72,-1.45,-4.84,-1.94,-1.57,-2.36
77,6526,達發,643.0,-3.0,-0.46,07/15,0.02,0.07,0.1,0.12,0.25,0.4,1.01,1.31,0.75,,,1.21
78,6613,朋億*,368.5,10.5,2.93,07/15,0.0,0.12,0.12,0.12,0.05,0.05,-0.49,-0.58,-0.83,0.07,,-0.62
79,2383,台光電,5080.0,110.0,2.21,07/15,0.03,0.04,0.04,0.11,0.19,0.08,0.44,1.62,1.45,-5.39,1.15,0.82
80,3708,上緯投控,102.5,1.5,1.49,07/15,0.0,0.0,0.05,0.11,-0.02,-0.04,0.22,0.74,0.95,-0.83,,0.7
81,2027,大成鋼,41.3,2.2,5.63,07/15,0.05,0.05,0.1,0.11,1.29,1.35,-1.66,-0.91,2.35,-0.58,0.36,-0.56
82,1476,儒鴻,331.0,-12.5,-3.64,07/15,-0.01,0.0,-0.01,0.1,0.11,1.03,1.62,1.58,1.62,2.52,2.12,1.42
83,0050,元大台灣50,106.3,1.9,1.82,07/15,0.02,0.05,0.05,0.1,0.16,0.33,0.67,1.05,1.2,1.58,1.93,1.18
84,6409,旭隼,1080.0,0.0,0.0,07/15,-0.01,-0.01,-0.02,0.1,2.17,3.3,4.53,4.34,5.37,5.07,4.96,4.86
85,5876,上海商銀,44.6,-0.1,-0.22,07/15,0.05,0.09,0.08,0.1,0.22,1.51,2.44,1.84,-1.1,6.22,,1.78
86,2886,兆豐金,46.0,-1.0,-2.13,07/15,0.0,0.01,0.07,0.1,0.96,2.6,3.15,3.08,2.87,4.55,5.76,3.04
87,8081,致新,260.0,-4.0,-1.52,07/15,-0.01,0.19,0.33,0.1,0.55,1.45,1.91,2.04,1.91,2.83,2.06,2.56
88,2855,統一證,46.9,0.25,0.54,07/15,0.0,0.03,0.05,0.1,0.25,0.29,4.98,4.98,5.2,5.28,5.21,4.96
89,1210,大成,58.0,0.9,1.58,07/15,0.03,0.03,0.05,0.1,0.24,0.48,4.52,3.59,2.54,6.77,5.44,3.47
90,8069,元太,188.5,-5.0,-2.58,07/15,-0.05,0.06,0.07,0.09,0.74,0.82,1.88,1.78,1.7,1.48,1.76,2.25
91,3189,景碩,845.0,40.0,4.97,07/15,0.01,0.01,0.09,0.09,0.11,2.95,2.82,6.09,7.16,2.79,6.6,7.19
92,6026,福邦證,15.0,0.35,2.39,07/15,0.0,0.0,0.03,0.09,0.81,0.81,0.81,0.81,0.81,0.81,0.81,0.81
93,6831,邁科,710.0,22.0,3.2,07/15,-0.01,-0.42,-0.24,0.09,0.59,1.6,4.41,3.44,,,,3.63
94,3406,玉晶光,554.0,-33.0,-5.62,07/15,-0.18,-0.18,-0.18,0.09,0.11,-1.48,-5.32,-3.99,-1.1,0.76,3.21,-4.29
95,7734,印能科技,3045.0,275.0,9.93,07/15,0.1,0.1,0.09,0.09,0.05,0.09,3.68,5.05,4.98,,,5.05
96,6023,元大期,106.0,2.5,2.42,07/15,0.0,0.08,0.08,0.09,0.16,0.16,0.07,0.14,0.16,0.16,0.16,0.13
97,5347,世界,186.5,12.5,7.18,07/15,0.12,0.08,0.07,0.09,-0.45,2.02,-0.68,-3.47,-9.16,8.54,9.49,-5.36
98,6239,力成,314.0,10.0,3.29,07/15,0.01,0.03,0.06,0.09,-1.42,-2.35,-9.89,-11.8,-19.2,-0.1,5.32,-10.3
99,5522,遠雄,68.3,0.8,1.19,07/15,0.0,0.06,0.07,0.08,0.19,-0.23,-0.23,-0.39,-0.5,1.79,2.41,-0.65
100,5871,中租-KY,119.0,1.0,0.85,07/15,0.04,0.05,0.06,0.08,-0.21,-0.11,3.93,3.12,-2.58,6.46,6.89,1.95
101,2421,建準,139.0,5.5,4.12,07/15,0.0,0.0,0.0,0.08,0.12,0.2,2.31,1.21,1.38,-0.32,1.85,1.11
102,6214,精誠,141.0,0.5,0.36,07/15,0.0,0.08,0.08,0.08,0.18,0.18,0.28,0.24,0.05,-1.01,0.31,0.24
103,9917,中保科,107.0,0.5,0.47,07/15,0.03,0.03,0.03,0.08,0.11,0.21,0.37,0.22,0.31,0.31,0.39,0.18
104,5904,寶雅,677.0,21.0,3.2,07/15,0.0,0.06,0.06,0.08,0.0,0.11,0.41,0.59,0.13,0.59,0.09,0.84
105,6414,樺漢,394.5,17.0,4.5,07/15,0.07,0.07,0.07,0.07,-0.04,-2.45,-3.87,-4.97,-1.91,1.47,-2.6,-5.05
106,5475,德宏,178.0,-0.5,-0.28,07/15,0.0,0.0,0.0,0.07,0.07,0.07,-0.5,2.7,2.7,2.7,2.7,2.7
107,2891,中信金,63.5,-1.5,-2.31,07/15,-0.01,0.0,0.0,0.07,0.14,0.09,-1.2,-0.95,-3.29,9.6,12.1,-1.16
108,2633,台灣高鐵,25.95,0.45,1.76,07/15,0.01,0.04,0.05,0.07,0.2,1.63,1.71,1.7,1.7,1.72,,1.7
109,4162,智擎,67.4,2.8,4.33,07/15,0.0,0.0,0.0,0.07,0.07,0.07,0.07,0.07,0.07,0.01,-1.87,0.07
110,7722,LINEPAY,306.5,4.5,1.49,07/15,0.0,0.0,0.0,0.07,0.17,0.17,0.14,0.11,0.44,,,0.11
111,2851,中再保,38.5,0.85,2.26,07/15,0.0,0.01,0.03,0.07,0.16,0.16,0.09,0.13,0.19,0.17,0.12,0.14
112,6121,新普,384.5,0.0,0.0,07/15,0.01,0.04,0.05,0.06,0.0,0.22,-3.07,-5.87,-9.22,8.55,10.5,-7.08
113,2347,聯強,87.2,4.1,4.93,07/15,0.01,0.04,0.04,0.06,1.33,1.06,5.02,4.49,-2.83,0.06,6.21,3.4
114,2474,可成,191.0,1.5,0.79,07/15,0.01,0.02,0.02,0.06,1.19,1.25,-7.13,-9.12,-15.2,0.6,10.2,-12.0
115,3491,昇達科,1195.0,0.0,0.0,07/15,0.0,0.03,0.07,0.06,0.05,-0.69,-1.28,-2.05,-2.47,4.14,1.71,-1.74
116,2031,新光鋼,40.25,0.85,2.16,07/15,0.0,0.0,0.02,0.05,0.14,0.13,0.42,0.46,0.46,-0.67,0.43,0.46
117,2889,國票金,15.8,0.1,0.64,07/15,0.0,0.05,0.05,0.05,0.05,0.05,0.05,-0.01,-0.05,-0.08,-0.1,-0.02
118,6890,來億-KY,176.0,-2.0,-1.12,07/15,0.01,0.01,0.05,0.05,0.05,0.13,5.41,5.27,4.5,,,5.06
119,6739,竹陞科技,1105.0,20.0,1.84,07/15,0.01,0.01,0.05,0.05,0.05,0.05,-1.88,-0.22,0.52,,,-0.34
120,2845,遠東銀,13.45,0.15,1.13,07/15,0.0,0.0,0.0,0.04,0.16,1.95,1.94,1.94,1.9,0.52,1.81,1.94
121,3045,台灣大,109.0,0.0,0.0,07/15,-0.02,0.0,0.01,0.04,0.64,1.05,2.19,1.74,5.29,9.65,12.1,1.59
122,9946,三發地產,18.15,-0.3,-1.63,07/15,0.0,0.0,0.02,0.04,0.1,0.1,0.1,0.1,0.1,0.1,0.1,0.1
123,2345,智邦,2340.0,60.0,2.63,07/15,0.02,0.02,0.01,0.04,0.14,0.01,0.66,1.26,0.93,4.28,-2.47,0.94
124,2880,華南金,38.85,-0.4,-1.02,07/15,0.01,0.02,0.04,0.04,0.01,0.82,2.5,2.71,4.68,7.51,7.81,2.72
125,1608,華榮,33.55,0.85,2.6,07/15,0.0,0.0,0.01,0.04,0.16,0.14,0.28,0.2,0.48,0.46,0.49,0.18
126,6177,達麗,46.9,0.9,1.96,07/15,0.0,0.04,0.04,0.04,0.44,0.44,-0.44,-0.28,-1.41,0.54,0.54,-0.77
127,3163,波若威,754.0,35.0,4.87,07/15,0.0,0.0,0.0,0.04,-0.44,-1.82,-8.25,1.75,1.34,4.7,1.81,1.34
128,3702,大聯大,116.5,-3.0,-2.51,07/15,0.0,0.08,0.08,0.03,2.43,2.97,-3.29,-3.91,-8.1,-7.91,-2.24,-4.07
129,1102,亞泥,34.8,0.6,1.75,07/15,0.0,0.02,0.02,0.03,-1.41,-3.07,-4.04,-5.1,-2.4,-2.53,-3.28,-4.41
130,00713,元大台灣高息低波,60.6,0.55,0.92,07/15,0.0,0.0,0.0,0.03,0.03,0.04,0.27,0.21,-0.77,0.36,,0.16
131,8464,億豐,352.0,-12.0,-3.3,07/15,0.0,0.0,0.02,0.03,0.38,1.51,1.56,1.75,1.6,1.54,1.43,1.74
132,3004,豐達科,155.5,2.0,1.3,07/15,0.0,0.0,0.0,0.03,0.09,0.09,0.74,0.84,0.63,1.37,-0.01,0.88
133,6505,台塑化,72.8,6.6,9.97,07/15,0.02,0.02,0.03,0.03,0.02,0.01,-0.04,-0.02,-0.16,-0.06,-0.04,-0.02
134,3005,神基,115.5,1.0,0.87,07/15,0.0,0.01,0.02,0.03,-0.81,-1.6,-4.6,-6.43,-9.81,2.67,-1.71,-7.15
135,1590,亞德客-KY,1365.0,75.0,5.81,07/15,0.0,0.02,0.02,0.03,0.03,0.16,0.58,0.64,0.61,-0.22,-1.36,0.64
136,3105,穩懋,386.0,7.5,1.98,07/15,0.0,0.0,0.02,0.03,-0.26,-1.98,-2.41,3.61,3.99,3.07,-4.76,4.15
137,8261,富鼎,304.0,-3.0,-0.98,07/15,0.0,0.0,0.0,0.03,0.15,0.17,0.2,0.04,0.18,0.19,0.19,0.02
138,8064,東捷,131.0,3.5,2.75,07/15,0.0,0.01,0.02,0.03,0.05,0.06,0.21,0.21,0.21,0.21,0.21,0.21
139,0056,元大高股息,53.0,1.25,2.42,07/15,0.0,0.0,0.0,0.02,-0.02,-0.02,0.04,0.06,0.1,-0.01,0.78,0.06
140,2412,中華電,133.0,0.0,0.0,07/15,-0.01,0.0,0.01,0.02,0.25,0.42,0.89,0.92,0.82,1.94,2.1,0.91
141,3217,優群,158.0,0.5,0.32,07/15,0.0,0.02,0.02,0.02,0.27,0.19,-2.32,-2.06,-4.28,-11.7,-0.51,-1.76
142,8926,台汽電,67.7,0.4,0.59,07/15,0.02,0.02,0.02,0.02,0.08,1.5,1.72,1.72,1.73,1.67,1.72,1.72
143,9910,豐泰,66.8,-0.1,-0.15,07/15,0.0,0.02,0.01,0.02,-0.38,-0.43,3.65,3.48,3.63,4.12,3.64,3.55
144,2478,大毅,173.0,15.5,9.84,07/15,0.0,0.01,0.01,0.02,0.17,0.17,0.14,0.17,0.17,0.17,0.18,0.17
145,1216,統一,78.6,0.1,0.13,07/15,0.0,0.02,0.02,0.02,0.06,0.98,1.34,0.63,3.74,9.86,10.8,0.34
146,2308,台達電,1890.0,35.0,1.89,07/15,0.0,0.02,0.02,0.02,0.01,-0.43,-0.37,-0.07,0.02,0.07,1.44,-0.01
147,2912,統一超,244.5,2.5,1.03,07/15,0.0,0.02,0.02,0.02,0.07,0.65,5.49,3.43,3.25,7.54,7.38,3.19
148,3374,精材,402.0,36.5,9.99,07/15,0.0,0.0,0.02,0.02,-0.4,-0.62,-0.59,-1.69,-0.09,-3.15,-1.77,0.03
149,3706,神達,90.9,1.2,1.34,07/15,0.0,0.02,0.02,0.02,2.17,3.13,4.33,4.27,3.66,4.34,3.05,4.19
150,3023,信邦,321.5,7.0,2.23,07/15,0.0,0.0,0.0,0.02,2.2,3.39,1.85,0.89,4.64,8.38,6.0,0.58
151,00927,群益半導體收益,41.29,1.29,3.22,07/15,0.0,0.0,0.0,0.02,0.02,0.04,0.04,0.04,0.04,0.04,,0.04
152,2207,和泰車,480.0,0.0,0.0,07/15,0.0,0.0,0.0,0.02,0.04,-1.17,-1.24,-1.29,-0.95,-0.85,-0.66,-1.3
153,2884,玉山金,34.45,-0.05,-0.14,07/15,0.0,0.01,0.01,0.02,0.03,0.71,-0.53,-0.82,2.88,4.67,4.93,-0.41
154,2501,國建,22.45,0.85,3.94,07/15,0.01,0.01,0.01,0.02,0.1,0.1,0.04,-0.12,0.08,0.08,0.09,-0.13
155,4919,新唐,168.5,9.0,5.64,07/15,-0.01,0.0,0.0,0.02,-0.66,-1.05,0.5,0.53,0.5,-2.67,-1.91,0.53
156,3265,台星科,170.0,6.5,3.98,07/15,0.0,0.02,0.02,0.02,-0.08,-0.11,-0.16,-0.49,-0.07,0.2,-0.58,0.03
157,1409,新纖,25.9,-0.5,-1.89,07/15,0.0,0.01,0.01,0.02,0.13,0.14,0.13,0.17,0.17,0.19,0.19,0.17
158,8021,尖點,532.0,46.5,9.58,07/15,0.01,0.02,0.02,0.02,0.08,-0.11,-1.73,-1.19,-2.21,-2.48,-2.48,0.76
159,2395,研華,533.0,4.0,0.76,07/15,0.0,0.01,0.01,0.01,0.03,0.07,0.11,0.28,-0.38,0.29,0.55,0.28
160,8112,至上,87.6,2.2,2.58,07/15,0.0,0.02,0.02,0.01,2.49,4.23,2.23,1.68,2.23,3.18,2.35,0.09
161,9914,美利達,76.6,0.5,0.66,07/15,0.0,0.01,0.01,0.01,0.11,0.11,0.11,0.08,0.06,0.05,-0.08,0.08
162,6788,華景電,391.0,18.0,4.83,07/15,-0.01,-0.01,0.0,0.01,0.03,-0.29,0.37,-0.21,0.51,-0.17,,-0.09
163,2377,微星,148.5,1.5,1.02,07/15,0.0,0.01,0.01,0.01,2.61,5.39,4.78,5.07,0.24,-1.68,-2.97,5.17
164,2897,王道銀行,10.5,0.1,0.96,07/15,0.0,0.0,0.01,0.01,0.09,0.09,0.01,0.01,-0.03,0.08,,0.01
165,3596,智易,191.0,1.5,0.79,07/15,0.0,0.0,0.01,0.01,0.41,2.53,2.49,2.07,1.51,-3.71,-2.38,2.09
166,2317,鴻海,239.0,3.5,1.49,07/15,-0.01,0.0,0.0,0.01,0.05,0.05,0.14,0.03,-0.29,0.27,1.31,-0.06
167,2049,上銀,321.5,4.5,1.42,07/15,0.0,0.02,0.01,0.01,-0.18,-0.37,0.3,0.38,-0.5,-1.01,0.45,0.38
168,2454,聯發科,3740.0,80.0,2.19,07/15,-0.01,0.0,-0.01,0.01,-0.05,-0.74,-0.23,-0.33,-0.22,0.44,2.69,-0.2
169,9958,世紀鋼,119.0,2.5,2.15,07/15,0.0,0.0,0.0,0.01,0.09,0.09,0.32,0.28,-0.3,0.37,0.32,0.29
170,2330,台積電,2440.0,20.0,0.83,07/15,0.0,0.0,0.01,0.01,0.04,0.03,0.28,0.38,0.44,0.73,1.01,0.4
171,2105,正新,32.85,0.2,0.61,07/15,0.0,0.01,0.0,0.01,0.05,0.04,3.85,-0.78,-3.74,5.29,4.7,-1.32
172,1795,美時,202.5,3.0,1.5,07/15,0.0,0.0,0.0,0.01,0.02,0.0,-0.04,-0.71,0.21,-2.02,-0.26,-1.08
173,2634,漢翔,68.3,1.2,1.79,07/15,0.0,0.0,0.0,0.01,0.07,0.07,0.04,-0.16,-0.68,-1.5,-1.98,-0.16
174,8415,大國鋼,36.6,0.8,2.23,07/15,0.0,0.0,0.0,0.01,0.07,0.07,0.05,0.05,0.05,0.04,,0.07
175,2609,陽明,50.2,2.2,4.58,07/15,0.0,0.0,0.0,0.01,0.01,-0.01,-6.98,-7.24,-12.2,-2.71,-2.89,-7.32
176,3324,雙鴻,896.0,32.0,3.7,07/15,0.0,0.01,0.01,0.01,0.01,0.0,-0.36,-1.71,-0.98,-0.43,-11.4,-2.41
177,2324,仁寶,36.15,0.6,1.69,07/15,0.0,0.01,0.01,0.01,-0.89,-1.61,-8.02,-10.6,-12.7,-12.4,-7.49,-10.8
178,3036,文曄,200.0,-3.5,-1.72,07/15,-0.01,0.0,0.01,0.01,-1.58,-2.62,-6.64,-5.44,-5.23,0.79,2.48,-6.06
179,1907,永豐餘,29.2,1.55,5.61,07/15,0.0,0.0,0.01,0.01,0.08,0.08,0.06,0.05,0.14,-4.35,0.1,0.06
180,9939,宏全,125.0,0.0,0.0,07/15,0.0,0.0,0.0,0.01,0.09,0.17,0.06,-0.08,-0.53,0.02,0.04,-0.19
181,3583,辛耘,842.0,76.0,9.92,07/15,0.0,0.01,0.01,0.01,-0.2,-0.22,3.47,5.19,5.16,1.82,-0.03,5.19
182,4749,新應材,866.0,39.0,4.72,07/15,0.01,0.01,0.01,0.01,-0.26,-0.66,-2.0,-3.52,-1.76,,,-2.19
183,2890,永豐金,39.95,0.3,0.76,07/15,-0.01,0.0,0.0,0.01,0.66,1.95,1.4,1.59,2.75,0.8,5.36,1.52
184,2530,華建,19.15,0.05,0.26,07/15,0.0,0.0,0.01,0.01,0.21,0.2,0.11,0.03,0.35,0.35,0.35,0.34
185,2646,星宇航空,21.3,0.15,0.71,07/15,0.0,0.0,0.0,0.01,0.06,0.06,0.06,0.07,0.07,,,0.07
186,2316,楠梓電,178.5,-5.5,-2.99,07/15,0.0,0.01,0.01,0.01,0.01,0.1,1.92,-0.22,1.95,1.91,2.29,-0.37
187,2371,大同,27.25,0.05,0.18,07/15,0.0,0.0,0.0,0.01,0.06,0.03,0.0,0.01,-3.81,0.23,0.34,-0.49
188,2204,中華,57.6,0.2,0.35,07/15,0.0,0.0,0.0,0.01,0.29,0.27,0.45,0.07,-0.14,-2.88,1.53,0.03
189,2363,矽統,65.0,2.9,4.67,07/15,0.0,0.0,0.0,0.01,0.01,0.04,0.06,0.08,0.03,0.12,0.21,0.09
190,1229,聯華,40.5,0.5,1.25,07/15,0.0,0.0,0.0,0.01,0.03,0.04,0.04,0.04,0.03,0.02,0.03,0.04
191,9904,寶成,24.3,0.25,1.04,07/15,0.0,0.01,0.0,0.0,-1.2,-2.62,-3.39,-3.68,-3.7,-4.18,-3.45,-4.53
192,2892,第一金,33.1,-0.45,-1.34,07/15,0.0,0.0,0.0,0.0,0.96,2.31,2.55,2.48,-0.45,1.52,2.95,2.46
193,0052,富邦科技,62.25,1.1,1.8,07/15,0.0,0.0,0.0,0.0,0.0,-0.11,-0.33,-1.23,0.1,0.07,0.35,-0.07
194,2376,技嘉,344.0,10.0,2.99,07/15,-0.02,0.01,0.0,0.0,0.8,1.43,3.3,3.02,3.67,-1.78,1.18,3.5
195,3680,家登,531.0,32.5,6.52,07/15,0.0,0.0,0.0,0.0,-1.49,-2.8,-3.62,-5.29,-0.76,-11.4,-0.68,-1.93
196,1504,東元,69.0,5.4,8.49,07/15,0.0,0.0,0.0,0.0,0.01,-0.01,-0.27,-0.88,-8.45,-2.21,-1.46,-0.97
197,6446,藥華藥,1320.0,120.0,10.0,07/15,0.0,0.01,0.02,0.0,0.11,0.3,0.0,0.15,-1.9,-0.17,,0.17
198,5351,鈺創,104.5,9.3,9.77,07/15,0.0,0.0,0.0,0.0,0.01,0.04,0.06,0.09,0.15,0.16,0.17,0.1
199,6291,沛亨,426.0,-2.0,-0.47,07/15,0.0,0.0,0.0,0.0,-0.2,-0.15,5.75,6.46,6.85,6.85,6.85,6.45
200,3028,增你強,77.0,7.0,10.0,07/15,0.0,0.0,0.0,0.0,0.04,0.11,0.24,0.24,0.24,0.21,0.21,0.24
201,8454,富邦媒,266.0,3.5,1.33,07/15,0.0,-0.01,0.0,0.0,-0.09,-0.48,4.07,3.98,4.06,4.01,4.07,4.35
202,2385,群光,105.5,1.0,0.96,07/15,0.0,0.01,0.0,0.0,-1.0,-2.05,-2.29,-2.44,-9.83,4.92,2.56,-4.08
203,5903,全家,189.5,1.0,0.53,07/15,0.0,0.0,0.0,0.0,0.01,0.01,0.01,-0.01,-0.46,-0.04,-0.53,-0.18
204,2401,凌陽,31.2,0.0,0.0,07/15,0.0,0.0,0.0,0.0,0.0,0.03,0.08,0.1,0.02,0.13,-0.04,0.1
205,4968,立積,105.5,-0.5,-0.47,07/15,0.0,0.0,0.0,0.0,0.01,0.03,0.01,-0.02,-1.24,-6.37,-6.23,0.0
206,2489,瑞軒,36.6,0.6,1.67,07/15,0.0,0.0,0.0,0.0,0.0,0.01,-1.56,0.89,0.89,0.79,0.8,0.89
207,1503,士電,209.5,4.5,2.2,07/15,0.0,0.0,0.0,0.0,0.0,0.02,0.03,-0.07,-0.33,-2.47,0.1,-0.08
208,3035,智原,207.0,0.0,0.0,07/15,0.0,0.0,0.0,0.0,0.0,0.0,-0.05,-0.13,-0.52,-9.42,-0.24,-0.12
209,6789,采鈺,527.0,45.0,9.34,07/15,0.0,0.0,0.0,0.0,-0.06,-0.08,-0.19,0.1,0.33,0.4,,0.11
210,6962,奕力-KY,35.05,1.15,3.39,07/15,0.0,0.0,0.0,0.0,0.0,0.01,-0.1,-0.11,-0.09,,,-0.11
211,1326,台化,70.8,3.8,5.67,07/15,0.0,0.0,0.0,0.0,0.02,0.05,0.03,0.02,0.0,-0.81,-1.2,0.02
212,2409,友達,28.3,0.75,2.72,07/15,0.0,0.0,0.0,0.0,0.0,-0.01,-0.02,-0.37,-0.03,-3.78,-5.56,-0.39
213,00400A,主動國泰動能高息,14.15,0.44,3.21,07/15,0.0,0.0,0.0,0.0,0.0,0.0,0.0,,,,,
214,00401A,主動摩根台灣鑫收,13.36,0.31,2.38,07/15,0.0,0.0,0.0,0.0,0.0,0.0,0.0,,,,,
215,00402A,主動安聯美國科技,10.0,0.24,2.46,07/15,0.0,0.0,0.0,0.0,0.0,0.0,,,,,,
216,00403A,主動統一升級50,10.41,0.3,2.97,07/15,0.0,0.0,0.0,0.0,0.0,0.0,,,,,,
217,00404A,主動聯博動能50,9.77,0.16,1.66,07/15,0.0,0.0,0.0,0.0,0.0,0.0,,,,,,
218,00405A,主動富邦台灣龍耀,8.62,0.33,3.98,07/15,0.0,0.0,0.0,0.0,0.0,0.0,,,,,,
219,00406A,主動中信台灣收益,9.76,0.32,3.39,07/15,0.0,0.0,0.0,0.0,0.0,0.0,,,,,,
220,00407A,主動凱基台灣,9.34,0.31,3.43,07/15,0.0,0.0,0.0,0.0,0.0,,,,,,,
221,0051,元大中型100,144.4,5.0,3.59,07/15,0.0,0.0,0.0,0.0,0.0,0.0,0.0,0.0,0.0,0.0,0.0,0.0
222,0053,元大電子,239.85,6.95,2.98,07/15,0.0,0.0,0.0,0.0,0.0,0.0,0.0,0.0,0.0,0.0,0.0,0.0
223,0055,元大MSCI金融,42.37,0.45,1.07,07/15,0.0,0.0,0.0,0.0,0.0,0.23,0.23,0.23,0.23,0.23,0.23,0.23
224,0057,富邦摩台,315.2,7.7,2.5,07/15,0.0,0.0,0.0,0.0,0.0,0.0,0.0,0.0,0.0,0.0,0.0,0.0
225,0061,元大寶滬深,25.33,0.33,1.32,07/15,0.0,0.0,0.0,0.0,0.0,-1.02,-1.02,-2.25,-2.25,-2.25,-11.0,-2.25
226,006203,元大MSCI台灣,192.75,4.8,2.55,07/15,0.0,0.0,0.0,0.0,0.0,0.0,0.0,0.0,0.0,0.0,0.0,0.0
227,006204,永豐臺灣加權,229.85,7.95,3.58,07/15,0.0,0.0,0.0,0.0,0.0,0.0,0.0,0.0,0.0,0.0,0.0,0.0
228,006205,富邦上証,41.51,0.83,2.04,07/15,0.0,0.0,0.0,0.0,-0.42,-0.42,-0.83,-1.55,-1.55,-3.64,-57.0,-1.55
229,006206,元大上證50,38.88,1.3,3.46,07/15,0.0,0.0,0.0,0.0,0.0,0.0,0.0,0.0,0.0,0.0,-4.58,0.0
230,006207,復華滬深,33.79,0.63,1.9,07/15,0.0,0.0,0.0,0.0,0.0,0.0,0.0,0.0,0.0,0.0,1.73,0.0
231,006208,富邦台50,246.6,3.8,1.57,07/15,0.0,0.0,0.0,0.0,0.0,0.01,0.04,0.02,-0.03,0.51,0.54,0.02
232,00625K,富邦上証+R,8.7,0.0,0.0,07/15,0.0,0.0,0.0,0.0,0.0,0.0,0.0,0.0,0.0,0.0,,0.0
233,00631L,元大台灣50正2,37.04,1.16,3.23,07/15,0.0,0.0,0.0,0.0,0.0,0.0,-0.03,-0.14,-0.13,-0.13,-0.13,-0.13
234,00632R,元大台灣50反1,10.15,-0.2,-1.93,07/15,0.0,0.0,0.0,0.0,0.0,0.0,-0.06,-0.06,0.0,0.0,-0.13,-0.06
235,00633L,富邦上証正2,51.5,2.0,4.04,07/15,0.0,0.0,0.0,0.0,0.0,0.0,0.0,0.0,0.0,0.0,0.0,0.0
236,00634R,富邦上証反1,3.06,-0.07,-2.24,07/15,0.0,0.0,0.0,0.0,0.0,0.0,0.0,0.0,0.0,0.0,0.0,0.0
237,00635U,期元大S&P黃金,41.97,0.06,0.14,07/15,0.0,0.0,0.0,0.0,0.0,0.0,0.0,0.0,-0.83,0.0,0.0,0.0
238,00636,國泰中國A50,29.08,0.59,2.07,07/15,0.0,0.0,0.0,0.0,0.0,0.0,0.0,0.0,-0.15,0.0,0.68,0.0
239,00636K,國泰中國A50+U,9.08,0.25,2.83,07/15,0.0,0.0,0.0,0.0,0.0,0.0,0.0,0.0,0.0,0.0,,0.0
240,00637L,元大滬深300正2,21.48,0.91,4.42,07/15,0.0,0.0,0.0,0.0,0.0,0.0,0.0,0.0,-0.05,0.0,-0.07,0.0
241,00638R,元大滬深300反1,6.55,-0.16,-2.38,07/15,0.0,0.0,0.0,0.0,0.0,0.0,0.0,0.0,0.0,0.0,0.0,0.0
242,00639,富邦深100,18.0,0.32,1.81,07/15,0.0,0.0,0.0,0.0,0.0,0.0,0.0,0.0,-0.41,-0.41,-0.57,0.0
243,00640L,富邦日本正2,107.75,1.75,1.65,07/15,0.0,0.0,0.0,0.0,0.0,0.0,0.0,0.0,0.0,0.0,0.0,0.0
244,00641R,富邦日本反1,3.71,-0.04,-1.07,07/15,0.0,0.0,0.0,0.0,0.0,0.0,0.0,0.0,0.0,0.0,0.0,0.0
245,00642U,期元大S&P石油,25.89,-0.07,-0.27,07/15,0.0,0.0,0.0,0.0,0.0,0.0,0.0,0.0,0.0,0.0,0.0,0.0
246,00643,群益深証中小,20.09,0.39,1.98,07/15,0.0,0.0,0.0,0.0,0.0,0.0,0.0,0.0,0.0,0.0,0.0,0.0
247,00643K,群益深証中小+R,4.11,0.0,0.0,07/15,0.0,0.0,0.0,0.0,0.0,0.0,0.0,0.0,0.0,0.0,,0.0
248,00645,富邦日本,57.55,0.45,0.79,07/15,0.0,0.0,0.0,0.0,0.0,0.0,0.0,0.0,0.0,0.0,-0.23,0.0
249,00647L,元大S&P500正2,137.1,1.25,0.92,07/15,0.0,0.0,0.0,0.0,0.0,0.0,0.0,0.0,0.0,0.0,0.0,0.0
250,00648R,元大S&P500反1,4.0,-0.01,-0.25,07/15,0.0,0.0,0.0,0.0,0.0,0.0,0.0,0.0,0.0,0.0,0.0,0.0
251,00650L,復華香港正2,16.26,0.52,3.3,07/15,0.0,0.0,0.0,0.0,0.0,0.0,0.0,0.0,0.0,0.0,0.0,0.0
252,00651R,復華香港反1,5.38,-0.08,-1.47,07/15,0.0,0.0,0.0,0.0,0.0,0.0,0.0,0.0,0.0,0.0,0.0,0.0
253,00652,富邦印度,33.3,0.17,0.51,07/15,0.0,0.0,0.0,0.0,0.0,0.0,0.0,0.0,0.0,-0.36,-0.15,0.0
254,00653L,富邦印度正2,47.04,0.37,0.79,07/15,0.0,0.0,0.0,0.0,0.0,0.0,0.0,0.0,0.0,-0.13,0.0,0.0
255,00654R,富邦印度反1,6.72,-0.07,-1.03,07/15,0.0,0.0,0.0,0.0,0.0,0.0,0.0,0.0,0.0,0.0,0.0,0.0
256,00655L,國泰中國A50正2,36.06,1.55,4.49,07/15,0.0,0.0,0.0,0.0,0.0,0.0,0.0,0.0,0.0,-0.17,-0.17,0.0
257,00656R,國泰中國A50反1,5.78,-0.14,-2.36,07/15,0.0,0.0,0.0,0.0,0.0,0.0,0.0,0.0,0.0,0.0,0.0,0.0
258,00657,國泰日經225,80.35,1.05,1.32,07/15,0.0,0.0,0.0,0.0,0.0,0.0,0.0,0.0,0.0,0.0,-9.11,0.0
259,00657K,國泰日經225+U,25.04,0.64,2.62,07/15,0.0,0.0,0.0,0.0,0.0,0.0,0.0,0.0,0.0,0.0,,0.0
260,00660,元大歐洲50,46.0,0.71,1.57,07/15,0.0,0.0,0.0,0.0,0.0,0.0,0.0,0.0,0.0,0.0,0.0,0.0
261,00661,元大日經225,88.5,1.2,1.37,07/15,0.0,0.0,0.0,0.0,0.0,0.0,0.0,0.0,0.0,0.0,0.0,0.0
262,00662,富邦NASDAQ,123.1,1.75,1.44,07/15,0.0,0.0,0.0,0.0,0.0,0.0,-0.05,-0.05,0.01,0.01,0.01,-0.05
263,00663L,國泰臺灣加權正2,106.45,3.6,3.5,07/15,0.0,0.0,0.0,0.0,0.0,0.0,0.0,0.0,0.0,0.0,0.0,0.0
264,00664R,國泰臺灣加權反1,1.64,-0.03,-1.8,07/15,0.0,0.0,0.0,0.0,0.0,0.0,0.0,0.0,0.0,0.0,0.0,0.0
265,00665L,富邦恒生國企正2,8.92,0.23,2.65,07/15,0.0,0.0,0.0,0.0,0.0,0.0,0.0,0.0,0.0,0.0,,0.0
266,00666R,富邦恒生國企反1,9.41,-0.1,-1.05,07/15,0.0,0.0,0.0,0.0,0.0,0.0,0.0,0.0,0.0,0.0,,0.0
267,00668,國泰美國道瓊,61.75,0.05,0.08,07/15,0.0,0.0,0.0,0.0,0.0,0.0,0.0,0.0,0.0,0.0,,0.0
268,00668K,國泰美國道瓊+U,19.23,0.02,0.1,07/15,0.0,0.0,0.0,0.0,0.0,0.0,0.0,0.0,0.0,0.0,,0.0
269,00669R,國泰美國道瓊反1,5.27,-0.03,-0.57,07/15,0.0,0.0,0.0,0.0,0.0,0.0,0.0,0.0,0.0,0.0,,0.0
270,00670L,富邦NASDAQ正2,208.1,5.35,2.64,07/15,0.0,0.0,0.0,0.0,0.0,0.0,0.0,0.0,0.0,0.0,,0.0
271,00671R,富邦NASDAQ反1,2.41,-0.04,-1.63,07/15,0.0,0.0,0.0,0.0,0.0,0.0,0.0,0.0,0.0,0.0,,0.0
272,00673R,期元大S&P原油反1,13.81,0.03,0.22,07/15,0.0,0.0,0.0,0.0,0.0,0.0,0.0,0.0,0.0,0.0,,0.0
273,00674R,期元大S&P黃金反1,30.54,-0.03,-0.1,07/15,0.0,0.0,0.0,0.0,0.0,0.0,0.0,0.0,0.0,0.0,,0.0
274,00675L,富邦臺灣加權正2,322.25,11.1,3.57,07/15,0.0,0.0,0.0,0.0,0.0,0.0,0.0,0.0,0.0,0.0,,0.0
275,00676R,富邦臺灣加權反1,5.6,-0.1,-1.75,07/15,0.0,0.0,0.0,0.0,0.0,0.0,0.0,0.0,0.0,0.0,,0.0
276,00678,群益那斯達克生技,40.25,-0.27,-0.67,07/15,0.0,0.0,0.0,0.0,0.0,0.0,0.18,0.18,0.18,0.18,,0.18
277,00679B,元大美債20年,26.75,0.02,0.07,07/15,0.0,0.0,0.0,0.0,0.0,0.01,0.02,0.02,-0.25,0.02,,0.02
278,00680L,元大美債20正2,6.71,-0.01,-0.15,07/15,0.0,0.0,0.0,0.0,0.0,0.0,0.0,0.0,0.0,-0.4,,0.0
279,00681R,元大美債20反1,21.49,0.02,0.09,07/15,0.0,0.0,0.0,0.0,0.0,0.0,0.0,0.0,0.0,0.0,,0.0
280,00682U,期元大美元指數,20.75,0.03,0.14,07/15,0.0,0.0,0.0,0.0,0.0,0.0,0.0,0.0,0.0,0.0,,0.0
281,00683L,期元大美元指正2,21.95,-0.22,-0.99,07/15,0.0,0.0,0.0,0.0,0.0,0.0,0.0,0.0,0.0,0.0,,0.0
282,00684R,期元大美元指反1,15.01,0.11,0.74,07/15,0.0,0.0,0.0,0.0,0.0,0.0,0.0,0.0,0.0,0.0,,0.0
283,00685L,群益臺灣加權正2,12.15,0.43,3.67,07/15,0.0,0.0,0.0,0.0,0.0,0.0,0.0,0.0,0.0,0.0,,0.0
284,00686R,群益臺灣加權反1,1.01,-0.02,-1.94,07/15,0.0,0.0,0.0,0.0,0.0,0.0,0.0,0.0,0.0,0.0,,0.0
285,00687B,國泰20年美債,27.78,0.0,0.0,07/15,0.0,0.0,0.0,0.0,0.01,0.02,0.03,0.03,-0.35,0.05,,0.03
286,00687C,國泰20年美債+櫃U,9.21,0.01,0.11,07/15,0.0,0.0,0.0,0.0,0.0,0.0,0.0,0.0,0.0,,,0.0
287,00688L,國泰20年美債正2,6.68,-0.01,-0.15,07/15,0.0,0.0,0.0,0.0,0.0,0.0,0.0,0.0,0.0,0.0,,0.0
288,00689R,國泰20年美債反1,22.5,0.03,0.13,07/15,0.0,0.0,0.0,0.0,0.0,0.0,0.0,0.0,0.0,0.0,,0.0
289,00690,兆豐藍籌30,77.35,1.8,2.38,07/15,0.0,0.0,0.0,0.0,0.0,0.0,0.0,0.0,0.0,0.0,,0.0
290,00692,富邦公司治理,92.0,1.4,1.55,07/15,0.0,0.0,0.0,0.0,0.0,0.0,0.02,0.02,0.02,0.02,,0.02
291,00693U,期街口S&P黃豆,21.82,0.08,0.37,07/15,0.0,0.0,0.0,0.0,0.0,0.0,0.0,0.0,0.0,0.0,,0.0
292,00694B,富邦美債1-3,42.45,0.09,0.21,07/15,0.0,0.0,0.0,0.0,0.0,0.0,0.0,0.22,0.95,-7.74,,0.22
293,00695B,富邦美債7-10,35.61,0.1,0.28,07/15,0.0,0.0,0.0,0.0,0.0,0.0,0.0,0.0,0.0,0.0,,0.0
294,00696B,富邦美債20年,29.12,0.01,0.03,07/15,0.0,0.0,0.0,0.0,0.0,0.0,0.0,0.0,0.0,0.0,,0.0
295,00697B,元大美債7-10,35.87,0.14,0.39,07/15,0.0,0.0,0.0,0.0,0.0,0.0,0.0,0.0,0.0,0.0,,0.0
296,00700,富邦恒生國企,16.93,0.23,1.38,07/15,0.0,0.0,0.0,0.0,0.0,0.0,0.0,0.0,0.0,0.0,,0.0
297,00701,國泰股利精選30,39.21,0.81,2.11,07/15,0.0,0.0,0.0,0.0,0.0,0.0,0.0,0.0,-6.26,0.13,,0.0
298,00702,國泰標普低波高息,25.33,0.01,0.04,07/15,0.0,0.0,0.0,0.0,0.0,0.0,0.0,0.0,0.0,0.0,,0.0
299,00703,台新MSCI中國,19.4,0.29,1.52,07/15,0.0,0.0,0.0,0.0,0.0,0.0,0.0,0.0,0.0,0.0,,0.0
300,00706L,期元大S&P日圓正2,18.42,0.02,0.11,07/15,0.0,0.0,0.0,0.0,0.0,0.0,0.0,0.0,0.0,0.0,,0.0
