排名,代號,名稱,成交,漲跌 價,漲跌 幅,持股 資料 年度,政府 機構 (%),政府 機構 增減,僑外 投資 (%),僑外 投資 增減,本國金 融機構 (%),本國金 融機構 增減,本國 法人 (%),本國 法人 增減,本國 個人 (%),本國 個人 增減,庫藏 股票 (%),庫藏 股票 增減
1801,8034,榮群,17.6,-1.05,-5.63,2026,0.0,0.0,8.59,6.15,0.08,-0.55,0.92,0.32,90.4,-5.92,0,0.0
1802,8038,長園科,30.3,-1.1,-3.5,2026,0.01,0.01,0.84,0.27,0.0,0.0,7.85,1.09,91.3,-0.42,0,-0.95
1803,8039,台虹,158.0,-17.5,-9.97,2026,0.0,-0.27,17.8,4.31,0.74,0.7,32.2,3.7,49.2,-8.43,0,0.0
1804,8040,九暘,61.2,-3.3,-5.12,2026,0.0,0.0,2.09,0.64,0.15,-0.04,46.0,2.43,51.8,-3.03,0,0.0
1805,8042,金山電,89.8,-5.6,-5.87,2026,0.0,0.0,5.97,1.04,0.0,0.0,52.1,-3.82,41.9,2.77,0,0.0
1806,8043,蜜望實,115.0,-4.5,-3.77,2026,0.0,0.0,2.8,1.24,0.0,0.0,31.8,0.0,65.4,-1.24,0,0.0
1807,8045,達運光電,52.4,-1.0,-1.87,2026,0.0,0.0,0.91,0.19,0.0,0.0,37.6,-2.48,61.5,2.29,0,0.0
1808,8046,南電,837.0,-42.0,-4.78,2026,0.09,-0.01,13.4,9.33,5.76,4.27,69.1,0.13,11.6,-13.7,0,0.0
1809,8047,星雲,42.1,-2.1,-4.75,2026,0.0,0.0,0.77,-1.37,0.0,0.0,68.7,45.0,30.5,-43.6,0,0.0
1810,8048,德勝,48.3,-0.9,-1.83,2026,0.0,0.0,4.54,3.15,0.0,0.0,21.6,-0.96,73.9,-2.05,0,-0.14
1811,8049,晶采,25.3,0.4,1.61,2026,0.0,0.0,2.38,-0.59,0.09,-0.06,22.4,-0.27,75.1,0.93,0,0.0
1812,8054,安國,75.6,-3.4,-4.3,2026,0.0,0.0,2.08,-3.96,20.3,10.7,1.73,-12.0,75.9,5.26,0,0.0
1813,8059,凱碩,14.0,-0.3,-2.1,2026,0.0,0.0,0.63,-1.05,0.0,0.0,67.0,-0.26,32.4,1.31,0,0.0
1814,8064,東捷,83.6,-4.2,-4.78,2026,0.02,0.02,14.3,11.7,0.0,0.0,34.8,8.9,50.8,-20.6,0,0.0
1815,8066,來思達,14.9,0.15,1.02,2026,0.0,0.0,3.01,-0.54,0.0,0.0,29.5,12.7,67.5,-12.2,0,0.0
1816,8067,志旭,12.65,-0.1,-0.78,2026,0.0,0.0,8.42,0.0,0.0,0.0,26.4,0.04,65.2,-0.04,0,0.0
1817,8068,全達,16.55,0.1,0.61,2026,0.0,0.0,8.79,1.52,0.0,0.0,54.4,-2.64,36.8,1.11,0,0.0
1818,8069,元太,182.0,3.0,1.68,2026,0.25,-0.32,36.7,-6.37,6.35,-1.78,25.8,-1.32,30.9,9.78,0,0.0
1819,8071,能率網通,19.6,-0.45,-2.24,2026,0.0,0.0,2.0,-1.32,0.12,-0.5,29.1,0.23,68.8,1.59,0,0.0
1820,8072,陞泰,25.7,-0.15,-0.58,2026,0.0,0.0,2.25,0.44,0.0,0.0,36.0,-3.15,61.7,2.71,0,0.0
1821,8074,鉅橡,45.0,-1.8,-3.85,2026,0.0,0.0,1.15,-2.14,0.54,0.45,18.5,-2.81,79.8,4.51,0,0.0
1822,8076,伍豐,22.0,-0.3,-1.35,2026,0.0,0.0,5.92,0.58,0.2,0.15,1.23,-0.24,92.6,0.61,0,-1.1
1823,8077,洛碁,43.6,0.0,0.0,2026,0.0,0.0,51.1,-0.05,0.0,0.0,20.7,0.01,28.2,0.03,0,0.0
1824,8080,泰霖,27.45,0.15,0.55,2026,0.0,0.0,0.09,0.04,0.0,0.0,65.7,-6.0,34.2,5.96,0,0.0
1825,8081,致新,232.0,-9.5,-3.93,2026,0.14,-0.06,22.5,-3.89,6.93,2.29,26.0,1.65,44.4,0.0,0,0.0
1826,8083,瑞穎,157.5,1.0,0.64,2026,0.0,0.0,3.3,1.39,0.75,-0.08,27.2,0.91,68.8,-2.22,0,0.0
1827,8084,巨虹,41.0,-0.45,-1.09,2026,0.0,0.0,0.95,-0.21,0.01,0.01,5.89,-1.36,93.2,1.57,0,0.0
1828,8085,福華,10.95,-0.35,-3.1,2026,0.0,0.0,2.47,-2.19,0.0,0.0,30.9,-0.09,66.7,2.28,0,0.0
1829,8086,宏捷科,103.0,-3.5,-3.29,2026,0.0,-4.11,22.0,15.9,4.5,1.44,29.6,-4.79,43.9,-8.42,0,0.0
1830,8088,品安,39.85,-2.25,-5.34,2026,0.0,0.0,4.15,0.8,0.08,-0.2,1.43,-0.2,94.3,-0.4,0,0.0
1831,8089,康全電訊,18.35,-1.85,-9.16,2026,0.0,0.0,3.45,1.05,0.0,0.0,36.4,-0.41,60.1,-0.64,0,0.0
1832,8091,翔名,193.5,-11.0,-5.38,2026,0.0,0.0,10.5,1.96,4.25,-0.13,27.4,-0.15,57.8,-1.68,0,0.0
1833,8092,建暐,12.9,-0.1,-0.77,2026,0.0,0.0,0.36,-1.02,0.0,0.0,21.0,-0.45,78.6,1.46,0,0.0
1834,8093,保銳,20.0,1.5,8.11,2026,0.0,0.0,0.06,0.05,0.0,0.0,48.3,16.8,51.6,-16.9,0,0.0
1835,8096,擎亞,102.5,-11.0,-9.69,2026,0.0,0.0,22.4,0.97,0.0,0.0,1.91,-0.35,75.7,-0.63,0,0.0
1836,8099,大世科,56.3,0.5,0.9,2026,0.0,0.0,2.88,-0.1,0.0,0.0,65.8,-2.42,31.3,2.52,0,0.0
1837,8101,華冠,12.8,0.6,4.92,2026,0.0,0.0,0.07,-0.02,0.0,0.0,51.8,4.22,48.1,-4.19,0,0.0
1838,8102,傑霖科技,68.2,-2.5,-3.54,2026,0.0,0.0,0.08,0.04,0.0,0.0,17.5,-0.47,82.4,0.43,0,0.0
1839,8104,錸寶,28.1,-1.05,-3.6,2026,0.13,-0.02,1.57,-2.3,0.02,-0.51,36.7,-9.46,61.6,13.4,0,-1.09
1840,8105,凌巨,14.6,-0.55,-3.63,2026,0.0,-0.08,40.6,-0.81,0.0,0.0,18.9,0.03,40.6,0.87,0,0.0
1841,8107,大億金茂,11.05,0.0,0.0,2026,0.0,0.0,0.46,-2.51,0.09,-0.51,48.5,-0.56,51.0,3.58,0,0.0
1842,8109,博大,116.0,-0.5,-0.43,2026,0.0,0.0,4.46,2.73,0.18,0.04,11.2,-0.49,84.1,-2.28,0,0.0
1843,8111,立碁,56.4,-6.2,-9.9,2026,0.0,0.0,1.16,-15.8,0.05,0.05,9.05,-1.56,89.7,17.3,0,0.0
1844,8114,振樺電,191.5,-18.0,-8.59,2026,0.0,-0.24,13.6,-14.7,1.91,0.72,33.0,0.29,51.5,13.9,0,0.0
1845,8121,越峰,26.55,-1.15,-4.15,2026,0.0,0.0,2.06,1.13,0.0,0.0,49.2,-0.01,48.8,-1.12,0,0.0
1846,8131,福懋科,51.1,-2.5,-4.66,2026,0.0,0.0,3.44,0.47,0.17,-1.0,67.1,-3.58,29.3,4.11,0,0.0
1847,8147,正淩,106.0,-3.5,-3.2,2026,0.0,0.0,15.5,3.31,0.0,-1.23,26.1,-0.15,58.4,-1.93,0,0.0
1848,8155,博智,248.0,-10.0,-3.88,2026,0.0,0.0,19.1,14.0,0.72,-2.41,42.2,0.66,38.0,-11.8,0,-0.38
1849,8162,微矽電子-創,45.5,-3.5,-7.14,2026,0.0,0.0,0.88,0.61,0.99,0.0,30.1,-0.92,68.0,0.31,0,0.0
1850,8163,達方,28.6,-0.35,-1.21,2026,0.46,-0.21,6.69,-6.8,5.94,-1.97,28.9,0.05,58.0,8.92,0,0.0
1851,8176,智捷,9.65,-0.06,-0.62,2026,0.0,0.0,0.78,-0.78,0.01,-0.07,16.7,-4.53,82.5,5.39,0,0.0
1852,8182,加高,34.0,-0.95,-2.72,2026,0.0,0.0,51.5,-0.01,0.63,0.23,8.08,-0.81,39.8,0.59,0,0.0
1853,8201,無敵,11.5,-0.15,-1.29,2026,0.0,0.0,0.66,-0.26,0.01,0.0,41.2,-0.05,58.1,0.31,0,0.0
1854,8210,勤誠,951.0,-30.0,-3.06,2026,3.16,0.84,14.6,3.25,7.34,-0.73,28.8,-2.32,46.1,-1.04,0,0.0
1855,8213,志超,28.5,-0.4,-1.38,2026,0.0,0.0,20.7,3.3,0.46,-0.02,16.6,-0.63,62.3,-2.65,0,0.0
1856,8215,明基材,21.7,0.0,0.0,2026,0.03,0.0,1.23,-1.29,1.91,-0.65,45.0,-0.18,51.8,2.12,0,0.0
1857,8222,寶一,34.1,-1.45,-4.08,2026,0.0,0.0,2.21,-3.48,0.58,0.37,23.1,0.08,74.1,3.03,0,0.0
1858,8227,巨有科技,130.0,-4.0,-2.99,2026,0.0,0.0,1.61,0.92,0.5,0.47,10.4,0.06,87.5,-1.45,0,0.0
1859,8234,新漢,55.8,-3.3,-5.58,2026,0.0,0.0,2.2,-6.8,1.35,0.3,28.1,1.48,68.4,5.03,0,0.0
1860,8240,華宏,36.35,-0.45,-1.22,2026,0.0,0.0,6.75,-1.08,0.39,0.15,44.4,-0.59,48.5,1.52,0,0.0
1861,8255,朋程,126.5,-4.5,-3.44,2026,0.0,-0.63,6.74,-2.35,2.15,-2.04,31.9,0.59,59.2,4.44,0,0.0
1862,8261,富鼎,158.0,-17.5,-9.97,2026,0.01,-0.13,5.55,-3.63,0.26,-0.23,34.5,0.05,59.6,3.93,0,0.0
1863,8271,宇瞻,204.0,-18.5,-8.31,2026,0.0,0.0,21.1,16.8,1.19,-0.35,24.0,-6.21,53.7,-10.2,0,0.0
1864,8272,全景軟體,66.5,0.7,1.06,2026,0.0,0.0,0.23,-0.37,0.0,0.0,23.7,-0.07,76.0,0.44,0,0.0
1865,8277,商丞,7.6,0.0,0.0,2026,0.0,0.0,2.14,1.65,0.0,0.0,11.8,0.02,86.1,-1.67,0,0.0
1866,8279,生展,87.5,0.9,1.04,2026,0.0,0.0,5.57,0.61,0.0,-0.08,54.4,0.21,40.1,-0.73,0,0.0
1867,8289,泰藝,36.65,-0.95,-2.53,2026,0.02,0.02,1.07,-0.04,3.14,0.33,12.4,0.5,83.3,-0.81,0,0.0
1868,8291,尚茂,39.5,-0.1,-0.25,2026,0.0,0.0,73.4,0.0,0.0,0.0,4.93,0.02,21.6,-0.02,0,0.0
1869,8299,群聯,1495.0,-20.0,-1.32,2026,2.38,1.1,38.0,2.9,12.6,-11.7,5.01,0.95,42.0,6.7,0,0.0
1870,8341,日友,75.4,-0.8,-1.05,2026,0.0,0.0,4.02,-2.11,0.27,-0.23,48.5,-0.01,47.2,2.35,0,0.0
1871,8342,益張,88.5,0.0,0.0,2026,0.0,0.0,0.14,-0.07,0.24,0.0,69.8,1.79,29.8,-1.71,0,0.0
1872,8354,冠好,14.95,-0.15,-0.99,2026,0.0,0.0,0.48,-0.84,0.01,-0.14,22.9,9.51,76.7,-8.52,0,0.0
1873,8367,建新國際,40.25,-0.35,-0.86,2026,0.0,0.0,1.58,-1.13,1.9,0.28,51.8,3.53,44.7,-2.67,0,0.0
1874,8374,羅昇,66.8,-3.2,-4.57,2026,0.0,0.0,2.25,0.06,0.59,-0.19,68.6,-0.2,28.6,0.33,0,0.0
1875,8390,金益鼎,87.2,-1.7,-1.91,2026,0.0,0.0,11.0,9.36,0.6,0.08,22.6,0.93,65.8,-10.4,0,0.0
1876,8401,白紗科,22.5,0.0,0.0,2026,0.0,0.0,0.18,-1.78,12.9,-0.37,7.84,-0.01,79.1,2.17,0,0.0
1877,8403,盛弘,18.95,0.05,0.26,2026,0.0,0.0,1.78,-0.03,0.0,0.0,31.0,-0.27,67.2,0.3,0,0.0
1878,8404,百和興業-KY,16.35,-0.25,-1.51,2026,0.0,0.0,53.2,-1.15,0.0,-0.05,6.74,0.28,40.1,0.92,0,0.0
1879,8409,商之器,18.15,0.0,0.0,2026,0.0,0.0,0.09,0.03,0.0,0.0,22.5,0.41,77.4,-0.44,0,0.0
1880,8410,森田,30.25,-0.45,-1.47,2026,0.0,0.0,0.62,0.09,8.3,8.3,36.0,-9.08,55.0,0.69,0,0.0
1881,8411,福貞-KY,12.95,0.0,0.0,2026,0.0,0.0,53.7,0.04,0.07,0.01,12.8,0.0,33.4,-0.06,0,0.0
1882,8415,大國鋼,38.4,0.1,0.26,2026,0.0,0.0,8.42,-4.03,0.0,0.0,74.8,4.54,16.8,-0.51,0,0.0
1883,8416,實威,167.5,-0.5,-0.3,2026,0.0,0.0,0.78,-0.03,0.0,0.0,41.7,0.75,57.5,-0.72,0,0.0
1884,8422,可寧衛*,24.35,-0.45,-1.81,2026,0.02,0.02,4.79,-6.74,6.87,-6.81,22.2,-1.79,66.1,15.3,0,0.0
1885,8423,保綠-KY,17.5,0.1,0.57,2026,0.0,0.0,24.9,-0.12,0.14,0.03,10.4,-1.02,64.5,1.1,0,0.0
1886,8424,惠普,68.6,0.2,0.29,2026,0.0,0.0,0.5,0.06,0.0,0.0,58.3,1.62,41.2,-1.68,0,0.0
1887,8426,紅木-KY,20.45,0.0,0.0,2026,0.0,0.0,67.2,-0.12,0.0,0.0,1.0,-0.21,31.8,0.32,0,0.0
1888,8429,金麗-KY,6.01,0.01,0.17,2026,0.0,0.0,29.2,-3.74,0.14,-0.06,0.8,0.15,69.8,3.66,0,0.0
1889,8432,東生華,48.8,0.0,0.0,2026,0.0,0.0,0.9,-1.15,0.0,0.0,60.0,-0.31,39.1,1.46,0,0.0
1890,8433,弘帆,52.6,0.4,0.77,2026,0.0,0.0,0.81,-0.35,0.01,-0.14,38.5,-1.2,60.6,1.69,0,0.0
1891,8435,鉅邁,52.1,0.0,0.0,2026,0.0,0.0,0.7,-0.36,0.13,0.06,19.0,-4.44,80.2,4.74,0,0.0
1892,8436,大江,112.0,-1.5,-1.32,2026,0.0,0.0,13.9,-1.43,0.0,0.0,25.7,-3.47,60.4,4.9,0,0.0
1893,8437,大地-KY,8.73,-0.96,-9.91,2026,0.0,0.0,21.7,-1.87,0.05,-0.57,2.19,-0.97,76.1,5.16,0,-1.75
1894,8438,昶昕,53.7,0.7,1.32,2026,0.0,0.0,0.82,-0.14,0.19,0.19,0.89,-6.18,98.1,6.12,0,0.0
1895,8440,綠電,18.25,-0.3,-1.62,2026,0.0,0.0,0.8,-2.41,0.31,0.31,31.8,-5.83,67.1,7.93,0,0.0
1896,8442,威宏-KY,43.25,-0.9,-2.04,2026,0.0,0.0,55.7,-2.29,0.31,0.28,6.98,-0.78,37.0,2.78,0,0.0
1897,8443,阿瘦,11.45,-0.1,-0.87,2026,0.0,0.0,3.86,-0.16,14.0,-1.26,22.5,1.51,59.6,-0.09,0,0.0
1898,8446,華研,84.4,-0.2,-0.24,2026,0.0,0.0,4.62,-1.6,4.39,-3.28,18.6,1.25,72.4,3.62,0,0.0
1899,8450,霹靂,14.75,0.0,0.0,2026,0.0,0.0,0.09,-0.16,0.02,0.02,32.3,-0.08,67.6,0.23,0,0.0
1900,8454,富邦媒,246.5,-4.0,-1.6,2026,0.0,0.0,12.5,-2.38,0.0,0.0,67.4,0.04,20.1,2.34,0,0.0
1901,8455,大拓-KY,23.0,-0.5,-2.13,2026,0.0,0.0,87.8,0.0,0.0,0.0,0.0,0.0,12.2,0.0,0,0.0
1902,8463,潤泰材,20.8,-0.4,-1.89,2026,0.0,0.0,0.46,-0.03,0.01,0.01,65.7,0.11,33.8,-0.09,0,0.0
1903,8464,億豐,382.5,4.0,1.06,2026,1.68,-0.73,41.3,0.86,10.3,-1.56,6.92,1.32,39.8,0.11,0,0.0
1904,8467,波力-KY,99.7,-1.3,-1.29,2026,0.0,-1.23,46.3,2.32,0.09,-3.21,2.4,0.28,51.2,1.84,0,0.0
1905,8472,夠麻吉,69.1,1.1,1.62,2026,0.0,0.0,1.28,-1.5,0.0,0.0,57.0,-2.74,41.7,4.24,0,0.0
1906,8473,山林水,40.0,-0.4,-0.99,2026,0.0,0.0,1.7,-3.17,0.2,0.16,65.0,-1.95,33.2,4.96,0,0.0
1907,8477,創業家,15.35,0.3,1.99,2026,0.0,0.0,0.17,-0.02,0.0,0.0,73.9,-0.03,26.0,0.04,0,0.0
1908,8478,東哥遊艇,149.0,-2.0,-1.32,2026,0.0,0.0,40.2,-0.28,0.19,0.04,15.5,0.39,44.1,0.82,0,-0.96
1909,8481,政伸,39.9,-0.55,-1.36,2026,0.0,0.0,0.33,-0.03,0.79,-0.03,21.9,0.03,76.9,0.03,0,0.0
1910,8487,愛爾達-創,74.1,-0.4,-0.54,2026,0.0,0.0,0.73,0.21,0.33,0.16,43.6,0.01,55.4,-0.38,0,0.0
1911,8488,吉源-KY,9.98,-0.22,-2.16,2026,0.0,0.0,69.6,-0.29,0.0,0.0,0.24,-0.14,30.2,0.42,0,0.0
1912,8489,三貝德,21.8,-0.1,-0.46,2026,0.0,0.0,4.71,-1.91,0.17,-3.92,17.1,1.33,78.0,4.5,0,0.0
1913,8499,鼎炫-KY,227.0,-15.0,-6.2,2026,0.0,0.0,72.1,0.33,0.35,-1.22,0.87,-0.36,26.7,1.42,0,-0.17
1914,8905,裕國,28.4,-2.2,-7.19,2026,0.0,0.0,0.21,-0.19,0.0,0.0,76.1,4.69,23.7,-4.5,0,0.0
1915,8917,欣泰,51.5,-1.0,-1.9,2026,24.6,0.0,1.36,0.0,0.0,0.0,17.6,-2.8,56.4,2.8,0,0.0
1916,8921,沈氏,17.5,0.0,0.0,2026,0.0,0.0,0.19,0.0,0.0,0.0,60.1,0.5,39.7,-0.5,0,0.0
1917,8923,時報,19.15,0.45,2.41,2026,0.0,0.0,4.15,-0.08,0.04,0.03,61.1,0.0,34.7,0.05,0,0.0
1918,8924,大田,54.1,-1.2,-2.17,2026,0.0,0.0,3.0,-1.45,0.27,0.0,22.7,0.77,74.1,0.67,0,0.0
1919,8926,台汽電,58.8,-2.0,-3.29,2026,27.5,0.0,9.95,2.69,1.59,0.91,13.5,-0.07,47.4,-3.53,0,0.0
1920,8928,鉅明,21.85,-0.5,-2.24,2026,0.0,0.0,0.34,-0.12,0.25,0.16,37.3,0.24,62.1,-0.29,0,0.0
1921,8929,富堡,13.25,-0.05,-0.38,2026,0.0,0.0,0.25,-0.63,0.1,0.0,24.7,-1.54,75.0,2.17,0,0.0
1922,8931,大汽電,40.9,0.3,0.74,2026,0.0,0.0,0.14,-0.07,0.02,0.02,73.3,-0.43,26.6,0.49,0,0.0
1923,8933,愛地雅,4.29,0.0,0.0,2026,0.0,0.0,0.88,0.08,0.0,0.0,30.9,0.36,68.3,-0.44,0,0.0
1924,8935,邦泰,16.9,-0.55,-3.15,2026,0.0,0.0,0.64,0.1,0.0,0.0,19.9,-5.11,79.4,5.02,0,0.0
1925,8936,國統,50.2,-0.6,-1.18,2026,0.17,0.17,8.64,1.39,0.14,-0.25,11.1,-0.25,79.9,-1.06,0,0.0
1926,8940,新天地,15.65,-0.35,-2.19,2026,0.0,0.0,8.38,0.0,0.0,0.0,25.8,-0.03,65.9,0.03,0,0.0
1927,8941,關中,43.25,0.25,0.58,2026,0.0,0.0,0.19,-1.62,0.0,0.0,64.3,-1.7,35.6,3.32,0,0.0
1928,8942,森鉅,36.0,0.0,0.0,2026,0.0,0.0,13.3,-0.39,1.87,-0.95,11.6,0.22,73.3,1.11,0,0.0
1929,9802,鈺齊-KY,71.5,-1.2,-1.65,2026,0.0,0.0,41.2,-8.51,8.02,-6.38,5.35,2.73,45.4,12.2,0,0.0
1930,9902,台火,13.25,-0.4,-2.93,2026,0.0,0.0,2.02,0.65,0.07,-0.1,30.9,0.06,67.0,-0.62,0,0.0
1931,9904,寶成,24.0,-0.1,-0.41,2026,1.39,-0.41,38.4,-11.1,13.6,5.77,21.6,0.08,25.1,5.71,0,0.0
1932,9905,大華,20.55,-0.05,-0.24,2026,0.0,0.0,2.18,-0.09,0.0,0.0,60.2,-0.29,37.7,0.37,0,0.0
1933,9906,欣巴巴,38.0,-0.45,-1.17,2026,0.0,0.0,1.26,-1.62,0.41,-0.01,41.1,-5.08,57.2,6.71,0,0.0
1934,9907,統一實,15.35,0.1,0.66,2026,0.0,0.0,17.3,-1.64,0.03,0.03,55.5,3.92,27.1,-2.32,0,0.0
1935,9908,大台北,29.35,0.0,0.0,2026,0.0,0.0,1.74,0.59,6.19,0.12,55.8,0.45,36.3,-1.16,0,0.0
1936,9910,豐泰,70.4,-0.4,-0.56,2026,1.75,-1.44,10.2,-1.42,9.13,0.83,17.1,3.91,61.8,-1.87,0,0.0
1937,9911,櫻花,82.1,-0.2,-0.24,2026,0.0,0.0,18.2,-1.34,7.4,1.25,44.4,1.47,30.0,-1.37,0,0.0
1938,9912,偉聯,12.65,0.0,0.0,2026,0.0,0.0,15.7,0.07,0.0,0.0,15.7,4.86,68.6,-4.93,0,0.0
1939,9914,美利達,78.4,-0.8,-1.01,2026,0.0,-2.0,22.5,-10.9,7.18,-8.45,4.38,0.85,65.9,20.5,0,0.0
1940,9917,中保科,111.0,0.0,0.0,2026,0.15,-0.01,39.7,-2.05,11.4,-3.21,25.9,1.14,22.9,4.13,0,0.0
1941,9918,欣天然,42.3,-0.7,-1.63,2026,25.8,0.0,2.53,-0.06,0.01,0.0,39.2,0.94,32.5,-0.88,0,0.0
1942,9919,康那香,13.6,-0.1,-0.73,2026,0.0,0.0,4.58,-0.38,0.0,0.0,20.8,-0.07,74.6,0.44,0,0.0
1943,9921,巨大,86.1,-1.3,-1.49,2026,0.55,-1.01,26.9,-1.59,3.24,-9.3,11.4,0.6,57.9,11.3,0,0.0
1944,9924,福興,39.2,-0.2,-0.51,2026,1.19,-0.76,11.1,-2.1,1.04,-1.24,45.7,6.02,40.9,-1.92,0,0.0
1945,9925,新保,40.6,0.1,0.25,2026,0.0,0.0,18.0,0.0,4.11,-0.09,41.6,0.45,36.3,-0.37,0,0.0
1946,9926,新海,49.6,-0.2,-0.4,2026,0.0,0.0,0.57,0.26,0.08,0.0,68.4,0.23,31.0,-0.49,0,0.0
1947,9927,泰銘,68.8,-0.5,-0.72,2026,0.0,0.0,6.73,-2.04,0.55,0.01,51.8,2.53,40.9,-0.5,0,0.0
1948,9928,中視,17.95,0.0,0.0,2026,0.0,0.0,0.0,0.0,0.0,0.0,69.3,-0.02,30.7,0.02,0,0.0
1949,9929,秋雨,11.0,-0.55,-4.76,2026,0.0,0.0,0.21,-0.04,0.0,0.0,47.2,0.08,52.6,-0.04,0,0.0
1950,9930,中聯資源,63.1,-0.8,-1.25,2026,0.0,0.0,1.93,-0.93,4.33,0.9,73.7,-0.03,20.1,0.06,0,0.0
1951,9931,欣高,33.6,-0.35,-1.03,2026,21.3,0.0,0.57,0.01,1.16,0.01,45.8,-0.22,31.2,0.2,0,0.0
1952,9933,中鼎,35.75,-0.55,-1.52,2026,0.0,0.0,14.2,0.07,23.7,-3.71,17.2,-3.67,44.9,7.85,0,-0.55
1953,9934,成霖,10.35,0.0,0.0,2026,0.07,-0.27,13.4,-4.63,0.1,-0.31,18.6,0.05,67.9,5.15,0,0.0
1954,9937,全國,55.5,-0.8,-1.42,2026,0.0,0.0,1.68,-0.11,0.0,0.0,76.6,7.05,21.7,-6.94,0,0.0
1955,9938,百和,45.3,-1.3,-2.79,2026,0.0,0.0,15.1,-10.6,9.52,-2.94,11.6,-0.25,63.9,13.7,0,0.0
1956,9939,宏全,129.0,-1.0,-0.77,2026,0.0,0.0,13.3,-6.32,17.4,-2.06,17.0,-1.62,52.3,10.0,0,0.0
1957,9940,信義,20.85,0.05,0.24,2026,0.09,0.09,3.92,-2.58,0.26,-0.2,64.8,0.24,30.9,2.45,0,0.0
1958,9941,裕融,81.4,-0.6,-0.73,2026,0.02,0.0,6.54,1.47,2.44,-4.0,56.4,0.8,34.6,1.73,0,0.0
1959,9942,茂順,112.0,-1.0,-0.88,2026,0.0,0.0,3.94,-0.37,0.86,0.04,30.8,11.7,64.4,-11.4,0,0.0
1960,9943,好樂迪,52.8,0.0,0.0,2026,0.0,0.0,1.18,0.12,0.06,-0.01,68.6,-0.19,30.2,0.12,0,-0.04
1961,9944,新麗,17.7,0.0,0.0,2026,0.0,0.0,0.92,-0.8,0.0,-0.1,65.4,0.04,33.6,0.85,0,0.0
1962,9945,潤泰新,26.7,0.65,2.5,2026,0.41,-0.02,9.12,-3.71,0.23,0.02,49.4,0.15,40.9,3.55,0,0.0
1963,9949,琉園,23.0,0.2,0.88,2026,0.0,0.0,2.42,0.28,0.0,0.0,36.3,13.0,61.3,-13.3,0,0.0
1964,9950,萬國通,10.2,0.0,0.0,2026,0.0,0.0,0.05,0.01,0.0,0.0,21.7,-3.08,78.2,3.08,0,0.0
1965,9955,佳龍,22.45,-0.4,-1.75,2026,0.0,0.0,5.43,4.66,1.03,-0.4,10.0,-0.74,83.5,-3.52,0,0.0
1966,9958,世紀鋼,101.5,-2.5,-2.4,2026,0.01,-1.55,12.5,2.6,1.48,-1.65,22.4,-0.06,63.6,0.66,0,0.0
1967,9962,有益,9.79,0.02,0.2,2026,0.0,0.0,0.37,0.01,0.0,0.0,19.9,0.14,79.8,-0.15,0,0.0
