"排名","代號","名稱","成交","漲跌價","漲跌幅","更新日期","當日增減(萬元)","2日增減(萬元)","3日增減(萬元)","5日增減(萬元)","10日增減(萬元)","1個月增減(萬元)","3個月增減(萬元)","半年增減(萬元)","1年增減(萬元)","今年增減(萬元)"
"1","8299","群聯","2150","-5","-0.23","08/27","+137,665","+243,306","+381,848","+543,929","+1,113,719","+1,424,364","+1,408,959","+2,832,277","+3,254,436","+3,306,363"
"2","6488","環球晶","972","+14","+1.46","08/27","+120,851","+157,260","+218,511","+393,883","+528,553","+688,835","-414,835","-703,753","-917,881","-320,086"
"3","2344","華邦電","181.5","-4.5","-2.42","08/27","+39,179","+56,789","+156,767","+271,184","-87,139","-1,770,745","-1,682,748","-22,718","-242,106","+76,652"
"4","4958","臻鼎-KY","480.5","+3.5","+0.73","08/27","+50,505","+83,695","+72,906","+269,343","+564,878","+740,517","+167,073","+454,348","-348,601","+455,962"
"5","2454","聯發科","3985","+120","+3.1","08/27","+72,565","+101,671","+54,050","+260,541","+975,762","+926,529","+793,685","+894,494","+454,515","+196,792"
"6","3231","緯創","178","-1.5","-0.84","08/27","+75,988","+79,608","+194,546","+231,600","+542,724","+170,637","+1,551,921","+585,481","+2,340,927","+1,526,995"
"7","3036","文曄","196","+3","+1.55","08/27","+33,998","+89,937","+144,686","+207,469","+196,341","+97,599","+402,963","+1,157,827","+1,412,280","+1,151,745"
"8","3443","創意","6015","+95","+1.6","08/27","+53,598","+44,661","+49,488","+189,142","-126,460","-81,900","+257,722","+193,737","-154,487","+212,850"
"9","2317","鴻海","253","+1","+0.4","08/27","+25,022","+54,508","+176,028","+186,983","+153,572","-208,379","-297,135","-308,258","-1,238,637","-144,245"
"10","8996","高力","1265","-45","-3.44","08/27","+54,911","+87,707","+144,105","+177,700","+267,250","+327,558","+341,724","+319,895","+93,935","+310,777"
"11","5483","中美晶","183.5","+1.5","+0.82","08/27","+10,068","+31,123","+53,078","+133,757","+155,257","+263,553","+517,449","+511,634","+557,161","+481,193"
"12","2449","京元電子","270","+22.5","+9.09","08/27","+32,510","+63,250","+86,967","+125,623","+317,630","+797,546","-1,044,423","+1,072,304","+1,054,542","+1,022,437"
"13","2408","南亞科","540","-1","-0.18","08/27","+147,927","+151,058","+174,008","+122,065","-444,407","-1,282,814","-94,231","+92,561","+253,826","+462,928"
"14","6805","富世達","2345","+120","+5.39","08/27","+20,681","+27,238","+50,787","+99,880","+218,853","+402,557","+416,258","+417,627","+448,027","+441,254"
"15","2834","臺企銀","16.45","+0.1","+0.61","08/27","+16,719","+35,505","+54,753","+93,798","+154,035","+247,715","+214,373","+653,704","+665,768","+686,601"
"16","2303","聯電","130","+11.5","+9.7","08/27","+32,806","+57,337","+62,055","+90,249","+59,385","-261,305","-6,971,649","-6,143,809","-9,403,500","-7,155,612"
"17","3026","禾伸堂","742","+67","+9.93","08/27","-5,765","-20,799","-12,562","+89,094","+88,202","+193,735","+364,730","+346,390","+353,606","+323,720"
"18","3163","波若威","754","-22","-2.84","08/27","+8,690","+48,976","+68,145","+86,385","+77,585","+158,889","+309,318","+439,449","+264,157","+411,790"
"19","2059","川湖","14300","-40","-0.28","08/27","-5,737","-5,737","+38,617","+79,006","+32,037","+170,161","-172,131","-394,512","-498,586","-676,085"
"20","1519","華城","755","-15","-1.95","08/27","+27,521","+45,925","+55,317","+72,907","+112,147","-4,683","+255,933","+1,162,349","+807,843","+864,331"
"21","4991","環宇-KY","520","-18","-3.35","08/27","+2,466","+8,415","+23,048","+69,370","+84,947","+95,508","+146,280","+123,575","+81,967","+122,625"
"22","6223","旺矽","5030","-60","-1.18","08/27","-5,938","+54,299","+11,464","+68,875","+142,024","+381,162","+690,253","+1,053,544","+982,493","+903,391"
"23","4979","華星光","610","-7","-1.13","08/27","+29,369","+42,975","+50,538","+67,952","+63,497","+133,183","+147,860","+52,909","-37,524","+104,557"
"24","8039","台虹","343.5","-9","-2.55","08/27","-8,630","-205","+1,745","+67,082","+118,246","+95,966","+173,191","+129,977","+95,828","+133,307"
"25","6669","緯穎","7200","+385","+5.65","08/27","+33,510","-7,547","+13,755","+66,148","+168,753","-175,255","-766,889","+1,102,523","+2,869,043","+1,700,248"
"26","6182","合晶","110","+1","+0.92","08/27","+5,666","+21,087","+28,299","+62,900","+310,270","+288,880","+293,977","+232,245","+323,020","+241,517"
"27","2492","華新科","313.5","+28.5","+10","08/27","+11,035","+8,174","+67","+61,232","+330,454","+529,562","+456,798","+367,142","+352,825","+186,086"
"28","3529","力旺","2540","-110","-4.15","08/27","-3,696","+6,559","+23,741","+58,432","+103,438","+539,153","+70,909","-675,972","+44,143","-484,592"
"29","8046","南電","1240","-55","-4.25","08/27","+24,178","+46,011","+54,737","+58,243","+222,135","+258,273","-32,932","+194,841","-104,088","+152,834"
"30","6278","台表科","201.5","-4.5","-2.18","08/27","+13,413","+20,073","+26,962","+55,168","+28,551","+11,784","-254,689","+191,746","+199,965","+186,035"
"31","3665","貿聯-KY","2260","+205","+9.98","08/27","-1,425","+20,458","-43,240","+54,312","-501,176","+424,455","+2,096,581","+1,903,311","+2,477,350","+1,355,800"
"32","3491","昇達科","1510","+85","+5.96","08/27","+20,005","+26,029","+30,535","+49,940","+75,958","+78,129","+444,160","+429,778","+147,816","+376,348"
"33","3167","大量","783","+41","+5.53","08/27","+3,906","+7,402","+9,842","+49,417","+79,755","+69,685","+169,542","+116,963","+114,138","+98,360"
"34","2884","玉山金","38.75","+0.2","+0.52","08/27","-3,650","+24,468","+35,811","+48,535","+149,129","+262,142","-238,296","-245,479","+685,076","+67,089"
"35","8358","金居","543","+49","+9.92","08/27","-2,739","+12,777","-389","+47,384","+346,741","+571,442","+575,823","+479,299","+421,211","+451,167"
"36","6139","亞翔","775","-9","-1.15","08/27","+22,615","+23,951","+39,757","+46,823","+88,550","+277,782","+486,135","+470,147","+414,290","+471,512"
"37","1101","台泥","24.3","+0.2","+0.83","08/27","+6,578","+24,997","+31,562","+45,575","+62,640","+65,271","+459,579","+1,133,762","+1,194,218","+1,266,311"
"38","6187","萬潤","1365","-65","-4.55","08/27","+4,393","-6,482","+4,880","+45,421","+11,204","+88,838","+64,190","-4,601","-212,264","-119,979"
"39","3406","玉晶光","917","+83","+9.95","08/27","-6,193","+22,050","+27,694","+44,909","+93,651","+125,005","+136,901","+80,353","+71,882","+51,969"
"40","6290","良維","248","-2.5","-1","08/27","+6,099","+21,704","+36,695","+43,678","+52,200","-24,302","+104,234","+226,276","+200,222","+166,052"
"41","6239","力成","287","+10","+3.61","08/27","+24,042","+29,978","+33,714","+39,328","-8,483","-69,255","-449,194","-131,900","-495,215","-195,451"
"42","3293","鈊象","707","+3","+0.43","08/27","-12,697","+2,033","-6,116","+38,892","-26,630","-148,110","+371,799","+316,328","+781,229","+187,113"
"43","6472","保瑞","435","-4.5","-1.02","08/27","+10,817","+8,078","+19,356","+37,322","+31,865","-12,564","-70,730","-160,534","+155,341","-639"
"44","5904","寶雅*","74.2","+0.1","+0.13","08/27","+5,594","+7,555","+17,752","+34,706","+101,083","","+90,591","+52,987","+73,743","+72,345"
"45","2412","中華電","135.5","0","0","08/27","+3,724","+23,683","+15,996","+34,382","+42,307","-55,355","+235,681","+340,348","+568,446","+486,565"
"46","3532","台勝科","399","+5","+1.27","08/27","+2,187","+5,831","+27,717","+33,186","+98,315","+64,283","+183,708","+133,804","+177,261","+144,753"
"47","2486","一詮","261","+2","+0.77","08/27","-417","+15,321","+22,306","+32,763","+41,333","+39,866","+163,003","+126,044","-20,192","-96,267"
"48","2368","金像電","1130","+100","+9.71","08/27","+2,372","+3,707","+29,531","+32,547","+33,465","+152,220","-8,114","-722,481","-666,875","-845,583"
"49","7750","新代","2300","-150","-6.12","08/27","+1,966","+18,054","+22,201","+32,237","+31,938","+46,615","+56,163","","",""
"50","3189","景碩","899","-15","-1.64","08/27","-1,393","-1,561","-4,769","+32,079","+70,424","+29,219","-22,991","-310,159","-251,371","-213,990"
"51","4966","譜瑞-KY","584","-6","-1.02","08/27","+4,698","+14,050","+21,273","+30,530","+36,796","+4,075","-160,160","-116,112","+116,376","+8,953"
"52","2885","元大金","64","+0.8","+1.27","08/27","-6,759","-4,726","+10,081","+29,224","+88,787","+122,594","-122,514","+90,446","+27,565","+87,319"
"53","8069","元太","160.5","+1.5","+0.94","08/27","+23,749","+13,242","+16,092","+27,821","+233,746","+550,206","+718,156","+795,054","+1,068,339","+969,835"
"54","4763","材料*-KY","45.65","-0.15","-0.33","08/27","+13.9","+3,854","+14,325","+27,796","-8,206","-38,636","-51,132","-78,312","+106,405","-52,930"
"55","2645","長榮航太","174","-4.5","-2.52","08/27","+10,462","+13,553","+17,817","+26,137","+55,247","+54,487","-4,023","-40,937","+56,082","+24,325"
"56","3413","京鼎","287.5","0","0","08/27","+2,250","+4,431","+11,225","+25,064","+49,972","+54,646","-54,266","-128,049","+44,616","-36,006"
"57","8150","南茂","90.5","+0.2","+0.22","08/27","+4,676","+2,225","+14,430","+23,117","+34,339","+56,688","+77,782","+149,315","+141,199","+121,610"
"58","5425","台半","96.3","+1.1","+1.16","08/27","-2,793","-2,624","-256","+22,749","+49,137","+52,337","+48,539","+55,386","+69,961","+38,687"
"59","1326","台化","62.1","-1.1","-1.74","08/27","+1,831","+3,525","+1,850","+22,012","+22,764","+95,323","-84,602","-256,298","-530,999","-359,915"
"60","2887","台新新光金","37.5","+0.2","+0.54","08/27","-7,593","+3,979","-1,541","+21,279","+143,707","+177,962","+457,750","+782,399","+666,792","+523,256"
"61","2428","興勤","262","+9","+3.56","08/27","+2,559","+4,775","+6,477","+19,789","+44,162","+61,553","+50,612","+16,551","+53,109","-7,541"
"62","6274","台燿","1490","+45","+3.11","08/27","+15,245","+16,618","+17,333","+19,752","+31,090","+42,996","-46,226","-443,457","-827,662","-734,593"
"63","1303","南亞","220.5","-7","-3.08","08/27","-46,295","-47,151","-94,148","+19,430","+24,185","+289,477","+668,752","+575,033","-744,112","-207,182"
"64","6944","兆聯實業","712","-4","-0.56","08/27","+8,321","+12,585","+12,866","+19,089","+34,883","+87,464","+146,600","+181,794","","+183,487"
"65","2855","統一證","48.55","+0.75","+1.57","08/27","+2,252","+4,399","+10,318","+19,015","+29,751","+61,225","+291,036","+303,239","+276,143","+298,327"
"66","6442","光聖","1615","+20","+1.25","08/27","+8,336","+15,530","+15,530","+19,006","+40,537","+220,990","+296,827","+321,373","+118,389","+134,066"
"67","5388","中磊","77.5","0","0","08/27","+242","+2,987","+8,930","+18,705","+61,019","+78,242","+81,461","+71,243","+160,009","+119,041"
"68","2484","希華","76.1","-0.5","-0.65","08/27","+9,624","+18,438","+17,792","+18,043","-3,790","-3,701","+7,957","+22,902","+35,956","+34,594"
"69","8033","雷虎","189.5","-9.5","-4.77","08/27","+4,456","+9,556","+19,123","+17,961","+23,121","+29,933","-53,152","-20,629","-783","-32,808"
"70","2615","萬海","111.5","-2","-1.76","08/27","+34,031","-22,192","-37,453","+17,685","+42,462","-71,579","-273,483","-370,079","-639,899","-235,157"
"71","00712","復華富時不動產","8.73","-0.02","-0.23","08/27","+17,029","+17,029","+17,029","+17,029","+9,574","+9,552","+10,972","+2,569","-2,004","+15,480"
"72","00403A","主動統一升級50","10.36","+0.11","+1.07","08/27","+211","-1,318","+5,800","+16,587","+36,230","-26,709","+108,525","","",""
"73","2374","佳能","69","-0.1","-0.14","08/27","+3,141","+4,680","+7,383","+16,552","+13,345","+1,975","+29,605","+52,852","+147,837","+960"
"74","6789","采鈺","461","-1.5","-0.32","08/27","+11,070","+11,785","+10,477","+16,252","+12,394","-31,163","-258,494","-36,851","-43,597","-63,455"
"75","6282","康舒","45.3","+0.15","+0.33","08/27","+1,419","+2,975","+6,530","+16,225","+19,204","+29,595","+121,194","+119,637","+120,759","-16,461"
"76","4749","新應材","790","+1","+0.13","08/27","+7,774","+7,925","+11,100","+16,182","+22,147","+9,863","+331,696","+158,314","+438,921","+221,110"
"77","3376","新日興","217","+7","+3.33","08/27","-872","-178","+2,922","+16,052","-17,294","-25,372","+43,093","+22,454","+30,565","+144,981"
"78","6446","藥華藥","1545","-15","-0.96","08/27","-1,752","-8,851","+1,680","+15,900","+10,212","-19,443","+56,859","-12,758","-594,657","-509,233"
"79","6213","聯茂","582","+19","+3.37","08/27","+6,742","+8,872","+5,119","+15,797","-82,004","-77,291","-160,715","-15,843","-55,377","-99,462"
"80","2489","瑞軒","40.2","+0.15","+0.37","08/27","+764","-2,427","+5,943","+15,675","+12,224","+16,060","-28,760","+128,222","+132,127","+131,199"
"81","3042","晶技","188.5","-3.5","-1.82","08/27","-4,433","+681","-769","+15,377","+53,389","+17,168","+226,432","+214,105","+185,898","+146,428"
"82","8086","宏捷科","117.5","-0.5","-0.42","08/27","+1,817","+8,054","+8,883","+14,312","+24,781","+31,955","-5,463","-38,423","-9,375","-22,327"
"83","2363","矽統","51.8","+1.1","+2.17","08/27","+2,501","+2,271","+5,164","+13,765","+14,056","+7,122","+81,809","-29,561","+27,863","-38,930"
"84","6257","矽格","219","+15","+7.35","08/27","+6,570","+7,769","+10,156","+13,756","+19,819","+36,314","-195,518","-129,294","-112,184","-148,479"
"85","4971","IET-KY","568","+1","+0.18","08/27","-445","-887","-1,257","+12,738","+39,789","+55,788","+48,986","+82,777","+54,829","+70,229"
"86","6415","矽力*-KY","458","-12.5","-2.66","08/27","+11,265","+21,865","+23,023","+12,010","-510","+39,573","-438,193","-595,835","-375,560","-214,783"
"87","9958","世紀鋼","92.2","-1.9","-2.02","08/27","+4,853","+5,176","+8,406","+11,773","+32,501","+4,971","+54,662","+57,798","+94,936","+96,081"
"88","3227","原相","197","-1","-0.51","08/27","-237","+255","+1,710","+11,464","+1,141","-29,939","+2,215","-95,037","-18,970","-8,583"
"89","2352","佳世達","28.2","+0.2","+0.71","08/27","+971","+4,900","+11,211","+11,345","+25,495","+16,439","+182,014","+177,386","+211,891","+204,357"
"90","2618","長榮航","41.8","-0.95","-2.22","08/27","+3,072","+5,348","+6,202","+11,051","-14,075","-81,058","-835,473","-219,713","-316,316","-648,303"
"91","00646","元大S&P500","76.85","-0.1","-0.13","08/27","+77","+8,449","+9,187","+10,930","+35,889","+49,183","-15,730","+96,986","+91,050","+90,082"
"92","9914","美利達","83.1","-1.3","-1.54","08/27","+1,840","+6,097","+8,459","+10,441","+44,254","+68,760","+50,771","+69,896","+57,862","+68,254"
"93","7734","印能科技","2995","+125","+4.36","08/27","+8,323","+10,138","+10,420","+10,414","+10,675","+25,453","+31,565","-412","+11,479","+6,290"
"94","2481","強茂","154","+7.5","+5.12","08/27","+1,973","+994","+5,360","+10,275","+56,282","+80,212","+38,044","-4,294","-43,505","-216,868"
"95","2049","上銀","354","-5.5","-1.53","08/27","-4,932","-2,973","-5,018","+10,269","+38,929","-5,522","-147,983","-377,723","-490,386","-466,699"
"96","6727","亞泰金屬","537","+17","+3.27","08/27","+963","+3,662","+4,441","+9,953","+24,083","+27,976","+43,038","+43,272","+47,807","+46,186"
"97","4915","致伸","59.6","-0.2","-0.33","08/27","+3,269","+4,440","+9,284","+9,418","+27,504","+28,714","+137,616","+245,138","+256,287","+244,483"
"98","2360","致茂","2010","+20","+1.01","08/27","-6,865","+1,063","+13,309","+9,108","+67,678","+124,923","-433,952","-498,139","-374,135","-634,821"
"99","2476","鉅祥","125.5","-1","-0.79","08/27","-37.9","+384","+3,601","+9,104","+13,228","+3,472","+15,068","+7,779","-50,703","+2,072"
"100","6191","精成科","84.7","+1.6","+1.93","08/27","+1,179","+769","+2,762","+9,097","+9,219","+3,829","+49,614","+202,643","+347,402","+165,403"
"101","8103","瀚荃","108.5","-5.5","-4.82","08/27","+2,651","+3,142","+6,135","+8,906","+9,191","+10,290","+7,948","+14,929","+20,001","+21,586"
"102","8043","蜜望實","148","+6","+4.23","08/27","+1,262","+2,631","+3,909","+8,858","+7,835","-575","-2,016","+5,438","+4,195","+6,461"
"103","7751","竑騰","1790","-195","-9.82","08/27","+2,310","+3,768","+3,768","+8,716","+14,396","+18,074","+25,915","+18,613","","+19,320"
"104","3374","精材","386","+35","+9.97","08/27","-18,708","-20,023","-11,217","+8,292","+71,566","+199,010","+173,819","+185,878","-43,999","+96,717"
"105","1301","台塑","62.7","-0.4","-0.63","08/27","-4,513","-5,814","-5,047","+8,242","-7,169","+8,271","-597,581","-922,639","-1,214,498","-1,091,920"
"106","6125","廣運","51","-0.3","-0.58","08/27","+1,111","+1,978","+3,944","+7,948","+12,832","+10,348","-11,290","-40,162","-36,268","-38,961"
"107","2351","順德","239.5","-0.5","-0.21","08/27","+4,365","+4,300","+5,745","+7,905","+12,246","-7,187","-44,907","-22,867","-37,888","-53,798"
"108","4123","晟德","31.7","-0.15","-0.47","08/27","+2,274","+4,310","+5,798","+7,815","+9,481","+13,330","+11,144","+74,492","+74,233","+57,659"
"109","2605","新興","35.05","+0.65","+1.89","08/27","+967","+4,013","+6,543","+7,623","+7,572","+7,731","-7,037","+6,956","+1,727","-20,957"
"110","5351","鈺創","116","-0.5","-0.43","08/27","-4,193","-1,510","+1,107","+7,609","+4,152","-89,483","-71,973","-75,320","-139,078","-115,909"
"111","4967","十銓","273.5","-2","-0.73","08/27","+5,268","+1,429","+4,237","+7,256","+7,549","-47,774","-55,307","+13,084","+4,279","+16,842"
"112","8436","大江","125.5","-1","-0.79","08/27","+1,345","+2,140","+2,797","+7,234","+14,629","+21,789","+28,932","+39,820","+34,080","+32,481"
"113","3049","精金","13.5","+0.8","+6.3","08/27","+2,068","+3,896","+5,137","+6,910","+7,041","+7,041","+7,041","+7,041","+7,041","+7,041"
"114","6691","洋基工程","618","-7","-1.12","08/27","+946","+2,069","+3,116","+6,732","+14,948","+23,258","+29,634","+22,947","+33,083","+26,468"
"115","6451","訊芯-KY","453.5","+1.5","+0.33","08/27","-1,181","+1,751","+1,590","+6,643","+31,442","+38,682","-5,025","-7,554","-18,776","-18,098"
"116","3362","先進光","199.5","-5","-2.44","08/27","-567","-1,411","+20.4","+6,607","+13,528","+11,006","+29,486","+27,708","+38,503","+43,110"
"117","00406A","主動中信台灣收益","9.81","+0.11","+1.13","08/27","+146","+294","+1,736","+6,438","+9,451","+7,877","","","",""
"118","3152","璟德","248","-5","-1.98","08/27","+462","+2,051","+3,610","+6,274","+6,845","+7,849","-11,938","-35,977","-12,377","-22,107"
"119","00953B","群益優選非投等債","9.63","-0.05","-0.52","08/27","+1,700","+1,846","+2,820","+6,208","+10,567","+18,275","+7,904","+15,908","+40,437","+39,281"
"120","3265","台星科","186.5","+10","+5.67","08/27","-2,392","-1,821","-2,033","+6,177","+19,033","+16,713","+15,320","+16,425","+9,597","-3,498"
"121","2637","慧洋-KY","92.1","-2.5","-2.64","08/27","-5,542","-5,349","-1,205","+6,094","+12,896","+11,624","-28,481","-33,940","-224,977","-92,357"
"122","009826","貝萊德世界股票","10.13","-0.03","-0.3","08/27","0","+784","+1,114","+6,045","+13,115","","","","",""
"123","00685L","群益臺灣加權正2","11.96","+0.12","+1.01","08/27","-2,961","-2,961","+2,738","+5,924","+13,262","+38,901","+353,850","+382,972","+401,371","+385,052"
"124","8042","金山電","109","+4.5","+4.31","08/27","+1,910","+2,642","+3,513","+5,046","+12,133","+22,098","+28,512","+10,378","+19,396","+6,638"
"125","1708","東鹼","51","+0.3","+0.59","08/27","-146","-754","+303","+4,913","+5,020","+3,281","+52,093","+58,975","+54,472","+56,908"
"126","1711","永光","43.9","+0.4","+0.92","08/27","+4,282","+4,117","+2,915","+4,762","-747","-18,995","-12,904","+4,840","+37,371","+10,518"
"127","00918","大華優利高填息30","34.26","+0.14","+0.41","08/27","0","+304","+1,209","+4,592","+4,589","-18,624","-85,415","-36,315","-56,310","-135,673"
"128","3055","蔚華科","127.5","+3","+2.41","08/27","+2,603","+3,432","+3,858","+4,557","+13,558","+12,267","-10,079","-7,466","-15,930","-7,901"
"129","1707","葡萄王","89.3","-1.3","-1.43","08/27","+1,140","+1,978","+2,367","+4,382","+6,061","+15,803","+32,856","+44,193","+38,211","+43,500"
"130","6209","今國光","76.7","+0.2","+0.26","08/27","+1,522","+1,889","+1,653","+4,374","+4,026","+19,376","+36,410","+19,750","+43,605","+23,484"
"131","6538","倉和","200","-22","-9.91","08/27","+1,488","+3,099","+3,584","+4,319","+3,590","+5,796","+10,357","+11,116","+8,462","+10,790"
"132","6664","群翊","359.5","+4.5","+1.27","08/27","+1,106","+685","+719","+4,291","+72.4","-486","+17,049","+78,007","+60,537","+65,631"
"133","2436","偉詮電","67.5","+0.1","+0.15","08/27","+2,772","+2,995","+3,088","+4,277","+4,370","+2,591","-58,746","-28,840","-5,397","-27,793"
"134","1409","新纖","24.3","-0.7","-2.8","08/27","-757","-1,623","+1,647","+4,270","+10,993","+23,211","+133,620","+136,535","+95,460","+128,456"
"135","6409","旭隼","1030","-15","-1.44","08/27","+1,899","+2,319","+2,117","+4,246","+6,982","-4,290","+210,901","+371,376","+390,812","+402,759"
"136","3388","崇越電","96.3","+2","+2.12","08/27","+402","+1,998","+2,190","+4,148","+13,401","+11,495","+12,864","+26,554","+26,446","+26,649"
"137","6285","啟碁","247","+2","+0.82","08/27","+6,600","+6,861","+7,693","+4,065","-13,759","+7,528","+9,046","-224,073","-126,226","-230,368"
"138","8932","智通*","94.3","+6.8","+7.77","08/27","+459","+1,332","+1,859","+3,962","-11,859","+8,326","+67,418","","+110,344","+42,830"
"139","8027","鈦昇","185","+6","+3.35","08/27","+1,452","+1,115","+1,772","+3,962","-8,499","-26,142","+14,319","+17,683","+15,808","+31,052"
"140","6613","朋億*","275.5","+9.5","+3.57","08/27","+1,696","+2,619","+3,995","+3,944","+6,567","+12,896","+11,975","+4,915","+4,598","+2,355"
"141","6005","群益證","31.45","+0.35","+1.13","08/27","-922","-28.7","+1,641","+3,853","+1,047","+7,132","-150,664","-33,142","-71,719","-61,730"
"142","5608","四維航","16.7","-0.2","-1.18","08/27","+167","+54.6","+1,230","+3,736","+5,757","+4,899","+4,443","+7,366","-46.9","+3,859"
"143","2441","超豐","118.5","+4.5","+3.95","08/27","-253","+2,934","+225","+3,732","-12,682","+32,762","-100,855","-79,690","+26,046","-65,175"
"144","6712","長聖","161","-2","-1.23","08/27","+809","+1,079","+1,267","+3,708","+3,039","+3,835","+5,415","+23,407","+25,684","+29,056"
"145","3162","精確","72.6","-0.1","-0.14","08/27","+1,658","+3,267","+3,533","+3,607","+4,241","+6,909","+1,470","+3,743","+21,169","+7,302"
"146","6531","愛普*","895","-22","-2.4","08/27","+3,858","+3,136","+8,612","+3,593","-4,947","-7,410","+14,355","+4,075","-92,675","+25,041"
"147","6196","帆宣","492.5","-5","-1.01","08/27","-1,647","-1,298","+506","+3,561","+2,127","-23,359","-91,870","-74,998","-115,097","-45,570"
"148","8109","博大","130.5","0","0","08/27","+106","+493","+1,216","+3,540","+8,688","+9,934","+11,007","+11,122","+11,993","+10,246"
"149","3090","日電貿","174","+5.5","+3.26","08/27","+4,948","+4,948","+1,914","+3,539","+47,764","+120,917","+155,323","+88,253","+153,766","+102,188"
"150","2375","凱美","133","+2.5","+1.92","08/27","+667","+1,185","+1,780","+3,515","+12,983","+15,882","+3,088","+5,304","+15,592","-25,871"
"151","1712","興農","39.8","-0.05","-0.13","08/27","+620","+1,184","+1,748","+3,461","+6,720","+15,622","+32,363","+43,734","+42,952","+44,064"
"152","3131","弘塑","2485","-5","-0.2","08/27","+1,285","+2,262","+2,704","+3,402","-1,252","+2,036","-47,797","-106,374","-71,204","-101,804"
"153","4989","榮科","68.2","+1.9","+2.87","08/27","+2,828","+3,208","+3,441","+3,321","+4,010","+11,596","+19,159","+21,566","+33,733","+26,791"
"154","6271","同欣電","215","+5","+2.38","08/27","+501","+2,363","+1,701","+3,283","-4,088","+18,963","-8,159","-29,014","+18,113","+15,423"
"155","5464","霖宏","73.1","+2.1","+2.96","08/27","+732","+1,718","+2,198","+3,246","+4,947","+10,423","+12,103","+12,748","+12,607","+12,654"
"156","5471","松翰","61.7","+0.2","+0.33","08/27","+471","+1,761","+2,081","+3,241","+7,290","+13,745","+28,811","+37,911","+41,139","+37,893"
"157","4908","前鼎","190","-5.5","-2.81","08/27","+2,400","+3,959","+4,020","+3,231","+3,477","+3,176","-10,082","-7,705","-2,522","-5,461"
"158","3019","亞光","138.5","+0.5","+0.36","08/27","+3,924","+4,823","+6,687","+3,223","+8,784","-8,005","-55,457","-113,764","-60,509","-36,696"
"159","6719","力智","194.5","0","0","08/27","+782","+431","+2,002","+3,127","+6,592","+8,742","+8,398","+54,725","+58,280","+63,948"
"160","6588","東典光電","112","+1.5","+1.36","08/27","+334","+2,399","+2,399","+3,114","+3,243","+3,698","+3,723","+12,732","","+11,283"
"161","3605","宏致","131","+11.5","+9.62","08/27","+552","+2,510","+4,373","+3,030","+1,482","-1,410","-44,099","-40,491","-14,896","-33,944"
"162","00934","中信成長高股息","29.61","+0.15","+0.51","08/27","+133","+901","+1,829","+2,952","+3,628","+3,581","+3,715","+1,904","-6,804","+3,063"
"163","00720B","元大投資級公司債","31.93","-0.19","-0.59","08/27","+1,606","+1,098","+1,104","+2,834","+5,636","+5,568","+5,658","+5,620","-5,431","-314"
"164","2231","為升","92.9","-2.1","-2.21","08/27","-19","+579","+1,419","+2,799","+5,360","+1,386","+1,972","+3,553","+17,102","+729"
"165","6640","均華","1060","-15","-1.4","08/27","+747","+2,554","+2,077","+2,775","+5,922","+4,095","+16,366","+1,672","+2,925","-768"
"166","1515","力山","34.7","-0.7","-1.98","08/27","+842","+1,018","+1,217","+2,772","+9,998","+7,569","+8,893","+10,845","+9,811","+11,664"
"167","5434","崇越","529","-4","-0.75","08/27","+374","+639","+896","+2,744","-33,582","-20,282","+132,624","+54,579","+101,926","+23,342"
"168","2385","群光","108","0","0","08/27","+3,413","+4,586","+3,360","+2,736","-2,603","+19,933","-25,592","+248,226","+445,130","+393,405"
"169","4916","事欣科","102.5","-1","-0.97","08/27","-594","+110","+1,100","+2,733","+7,725","+23,574","+28,738","+7,671","+17,045","-4,677"
"170","00751B","元大AAA至A公司債","30.47","-0.2","-0.65","08/27","+1,612","+1,829","+1,854","+2,703","+7,088","+11,960","+13,450","-1,398","-19,231","-8,771"
"171","3479","安勤","129","0","0","08/27","+209","+745","+1,774","+2,686","+3,484","+3,962","+12,834","+16,870","+23,922","+21,779"
"172","6469","大樹","68.4","-0.7","-1.01","08/27","+326","+526","+841","+2,683","+6,664","+12,523","+3,429","-7,850","+32,859","+22,287"
"173","1316","上曜","11.15","-0.6","-5.11","08/27","+758","+1,209","+1,644","+2,670","+1,530","+984","+3,409","+2,548","-21,873","+1,936"
"174","00670L","富邦NASDAQ正2","200.8","+1.7","+0.85","08/27","+2,494","+2,612","+2,612","+2,612","+3,577","+170","-50,135","-50,155","+40,309","-5,331"
"175","1810","和成","25.25","-0.65","-2.51","08/27","+138","+317","+625","+2,553","+7,329","+8,472","+23,526","+18,329","+23,046","+15,405"
"176","2106","建大","16.85","-0.25","-1.46","08/27","+598","+1,003","+1,476","+2,537","+3,484","+6,021","+4,444","+12,707","+12,383","+13,631"
"177","6449","鈺邦","237","+4","+1.72","08/27","+1,004","+3,205","+2,948","+2,447","+3,015","+5,644","-1,694","-23,467","-19,064","-23,493"
"178","3526","凡甲","286","+4.5","+1.6","08/27","-198","-85.9","+1,506","+2,433","+2,921","+2,821","-2,501","-11,819","-13,660","-19,820"
"179","2612","中航","60.2","-1.8","-2.9","08/27","+394","+1,741","+2,001","+2,378","+2,063","+1,171","-109","+442","+7,963","-10,552"
"180","4566","時碩工業","65.7","-1","-1.5","08/27","+604","+778","+1,506","+2,360","+259","-924","+1,390","+3,147","+2,795","-366"
"181","009805","台新美國電力基建","15.25","-0.16","-1.04","08/27","0","+100","+176","+2,286","+2,286","+1,862","-15,263","-15,597","+1,385","-2,761"
"182","5498","凱崴","58.1","+4.8","+9.01","08/27","+435","+190","+503","+2,243","+615","-3,888","-4,973","+21,855","+23,671","+26,014"
"183","1727","中華化","98.1","+1.2","+1.24","08/27","+474","+1,319","+1,474","+2,224","+4,843","-4,241","-5,724","+6,321","-3,904","+293"
"184","1104","環泥","26.45","-0.15","-0.56","08/27","+450","+962","+1,111","+2,174","+4,160","+5,688","+22,914","+31,384","+23,945","+31,363"
"185","3617","碩天","243.5","-5","-2.01","08/27","+99.3","+274","+1,444","+2,145","-2,204","-11,503","-11,819","-14,133","-30,771","-43,245"
"186","4736","泰博","124.5","0","0","08/27","+74.1","+613","+1,467","+2,108","-92.3","-86.9","-7,270","+2,268","-6,093","-785"
"187","6291","沛亨","400.5","-16.5","-3.96","08/27","+1,040","+1,119","+1,082","+2,064","+1,145","+2,258","-4,090","+2,397","+5,980","-2,346"
"188","3217","優群","137.5","-0.5","-0.36","08/27","+179","+179","+1,070","+2,058","+6,529","+4,797","+13,051","+41,362","+54,606","+48,099"
"189","3704","合勤控","42","-0.45","-1.06","08/27","+546","+1,276","+1,928","+2,047","+3,609","+3,780","-7,721","-66,284","-4,621","-46,821"
"190","3209","全科","51.9","+0.5","+0.97","08/27","+1,285","+2,155","+2,650","+2,040","+2,158","+6,150","+12,170","+12,553","+2,343","+10,529"
"191","3703","欣陸","19.4","-0.25","-1.27","08/27","+661","+1,241","+1,579","+2,010","+5,457","+10,504","+4,820","+19,888","+18,323","+18,650"
"192","2388","威盛","73.3","+0.8","+1.1","08/27","-866","+288","+928","+2,003","-9,742","-60,691","-21,006","-75,403","-36,503","-53,837"
"193","3702","大聯大","100","-1.5","-1.48","08/27","-133","+10,087","+3,868","+1,989","+1,188","+34,138","-176,917","+46,165","-27,326","+35,160"
"194","8114","振樺電","195","-2.5","-1.27","08/27","+99.1","+20","+1,230","+1,901","-5,029","-11,455","-21,011","-27,593","+18,262","-347"
"195","7822","倍利科","953","+2","+0.21","08/27","-568","-13.5","-104","+1,858","+2,262","+8,174","","","",""
"196","00637L","元大滬深300正2","20.05","-0.02","-0.1","08/27","0","0","0","+1,833","+2,336","+2,130","+5,520","-14,963","-3,164","+7,622"
"197","8050","廣積","56.4","-0.9","-1.57","08/27","+1,028","+693","+744","+1,816","+4,846","+25,080","+20,054","+25,430","+25,107","+25,996"
"198","1714","和桐","16.7","+0.15","+0.91","08/27","+53.9","+68.9","+1,287","+1,811","+1,610","+18,130","+25,977","+29,883","+28,560","+30,767"
"199","7788","松川精密","327.5","+29.5","+9.9","08/27","+549","+1,667","+1,039","+1,794","+63.5","+2,584","+6,018","","",""
"200","7805","威聯通","514","+4","+0.78","08/27","+618","+1,904","+1,596","+1,790","+831","+514","+3,022","","",""
"201","00939","統一台灣高息動能","22.79","+0.07","+0.31","08/27","+392","+741","+1,024","+1,770","+3,579","+5,553","-28,232","-1,483","-6,793","-3,953"
"202","4973","廣穎","153","-1.5","-0.97","08/27","+1,026","+980","+691","+1,720","+2,661","+7,409","+14,097","+11,165","+11,323","+8,164"
"203","7749","意騰-KY","372","-1","-0.27","08/27","+1,049","+1,656","+1,352","+1,702","+2,882","+4,759","+5,230","+61,473","","+77,042"
"204","6435","大中","260","-3.5","-1.33","08/27","0","+501","+1,220","+1,701","+5,222","+11,798","+23,068","+29,010","+28,590","+26,790"
"205","6146","耕興","192.5","-0.5","-0.26","08/27","+96.6","+19.5","+403","+1,619","+2,665","+4,982","-12,966","-18,238","-12,937","-16,374"
"206","3587","閎康","252.5","-1.5","-0.59","08/27","+666","+1,741","+1,152","+1,597","-6,861","+4,803","+13,493","+21,424","+2,374","+19,688"
"207","00757","統一FANG+","138.7","+0.75","+0.54","08/27","+138","+275","+617","+1,577","+4,609","+2,689","-5,388","-29,912","-12,827","-9,121"
"208","1582","信錦","76.8","+0.9","+1.19","08/27","+1,494","+1,330","+1,525","+1,569","-1,504","-7,552","+2,369","+7,297","+34,417","+33,181"
"209","8464","億豐","366.5","-2","-0.54","08/27","-591","+558","+411","+1,557","+6,057","+12,678","+153,427","-174,119","+154,345","-142,618"
"210","6907","雅特力-KY","186","0","0","08/27","+188","+300","+283","+1,551","+4,062","+8,844","+9,607","","",""
"211","3016","嘉晶","99.6","-0.3","-0.3","08/27","+2,066","+1,338","+1,550","+1,511","-2,043","-10,799","+16,236","-1,927","-8,388","-13,363"
"212","6579","研揚","147","-1","-0.68","08/27","+590","+838","+1,270","+1,507","+3,655","+5,117","+10,348","+6,422","+9,841","+8,018"
"213","8473","山林水","45.9","-0.5","-1.08","08/27","+213","+833","+1,235","+1,501","+353","+1,370","-921","-1,357","+3,452","+1,393"
"214","7740","熙特爾-創","134","-2.5","-1.83","08/27","+408","+596","+1,364","+1,488","+1,644","+1,753","+4,771","+18,701","","+20,477"
"215","2236","百達-KY","121.5","+1","+0.83","08/27","+95.5","+360","+1,244","+1,475","+1,419","+4,421","+6,973","+5,774","+5,941","+5,952"
"216","2539","櫻花建","34.35","-0.15","-0.43","08/27","+951","+913","+1,242","+1,455","+3,504","-9,936","-7,832","+27,838","+79,390","+34,872"
"217","5864","致和證","35.95","+1.3","+3.75","08/27","+700","+905","+1,274","+1,451","+4,407","+8,258","+30,504","+30,505","+31,038","+32,707"
"218","8383","千附","66.1","-2","-2.94","08/27","+399","+420","+743","+1,450","+4,488","+7,143","+6,662","+6,262","+2,154","+1,990"
"219","4585","達明","300.5","-2","-0.66","08/27","-396","-366","-277","+1,434","+1,640","+3,003","+13,435","+13,342","","+26,577"
"220","3504","揚明光","89.5","-4.6","-4.89","08/27","+129","+316","+619","+1,425","+1,694","+1,718","+4,116","+9,825","+10,205","+9,245"
"221","00400A","主動國泰動能高息","15","+0.19","+1.28","08/27","0","0","+100","+1,406","+2,281","+4,339","+18,931","","",""
"222","2072","世紀風電","144","+0.5","+0.35","08/27","+267","+1,474","+1,444","+1,387","+1,694","+2,025","","","",""
"223","3709","鑫聯大投控","67.3","-0.4","-0.59","08/27","+313","+13.7","+343","+1,352","+2,061","-1,400","+3,105","-2,242","-11,513","-6,520"
"224","3485","敘豐","234","+3","+1.3","08/27","0","+534","+895","+1,319","+1,253","+2,678","","","",""
"225","2207","和泰車","520","-7","-1.33","08/27","+318","+631","+1,309","+1,318","-15,724","-39,511","-345,630","-18,692","+133,556","+137,072"
"226","6186","新潤","32.5","-0.45","-1.37","08/27","+440","+938","+1,068","+1,314","+3,714","+7,105","+4,773","+14,413","+24,303","+18,330"
"227","6231","系微","220.5","+4.5","+2.08","08/27","-21.7","-107","+500","+1,312","+1,262","-6,717","-38,329","-38,854","+6,426","-35,868"
"228","3135","凌航","181","-1.5","-0.82","08/27","+129","+517","+1,752","+1,279","+1,220","+3,796","+19,609","+13,854","","+18,905"
"229","5292","華懋","220","+1","+0.46","08/27","+176","+349","+746","+1,277","+1,589","+2,091","+4,295","+5,398","+7,084","+4,899"
"230","4739","康普","88.6","+0.4","+0.45","08/27","+1,865","+1,979","+1,963","+1,267","+1,340","+1,879","+22,517","+23,852","+14,133","+20,392"
"231","3622","洋華","53.5","+0.2","+0.38","08/27","+101","+96","+662","+1,252","+2,775","+2,593","+3,614","+9,136","+13,009","+11,863"
"232","2630","亞航","51.8","-0.9","-1.71","08/27","+53.7","+136","+478","+1,192","+2,402","+3,529","+7,266","+11,317","+12,549","+8,508"
"233","3025","星通","53.6","-0.2","-0.37","08/27","+97.4","+222","+614","+1,180","+1,051","+1,587","+6,424","+5,860","+10,142","+143"
"234","3357","臺慶科","223","+6","+2.76","08/27","+1,640","+2,354","+2,045","+1,171","+4,142","+10,123","-4,755","+14,179","+36,028","-7,697"
"235","2845","遠東銀","13.4","-0.05","-0.37","08/27","+554","+1,781","+1,865","+1,169","-3,638","-2,870","-17,554","+38,348","+39,935","+58,089"
"236","3006","晶豪科","269.5","-4.5","-1.64","08/27","-5,646","-3,943","-2,335","+1,164","-2,480","-16,606","-17,984","-32,808","-122,354","-80,998"
"237","5309","系統電","54.2","-0.5","-0.91","08/27","+1,778","+1,783","+1,464","+1,157","+1,395","+270","+27,374","+35,830","+48,643","+35,114"
"238","9925","新保","39.85","+0.05","+0.13","08/27","+515","+634","+570","+1,121","+3,615","+8,291","+6,225","+11,310","+15,983","+15,211"
"239","1218","泰山","14.55","-0.05","-0.34","08/27","+381","+674","+830","+1,117","+2,588","+5,992","+13,010","+6,219","+12,195","+4,623"
"240","6706","惠特","124","0","0","08/27","+1,426","+1,166","+866","+1,112","-4.59","-2,066","+26,290","-10,840","-6,294","-21,081"
"241","00931B","統一美債20年","13.06","-0.11","-0.84","08/27","+697","+697","+976","+1,107","+1,596","+2,900","+3,310","-2,576","-3,618","-7,704"
"242","8028","昇陽半導體","249","+0.5","+0.2","08/27","-448","+822","-381","+1,105","-8,115","-5,209","-14,431","-206,984","-156,501","-235,463"
"243","3010","華立","127","-2","-1.55","08/27","-142","+193","+869","+1,098","-9,910","-6,343","-26,200","-11,420","-36,969","-18,677"
"244","4956","光鋐","36.95","+0.95","+2.64","08/27","+424","+842","+1,026","+1,086","+476","+738","+1,382","-1,101","-477","-1,631"
"245","6937","天虹","292.5","+11.5","+4.09","08/27","+55.8","+218","+449","+1,077","+2,014","+3,276","+2,237","-14,505","+5,023","-10,963"
"246","006208","富邦台50","245.1","+1.95","+0.8","08/27","0","+1,039","+1,109","+1,062","+3,285","-67,967","-105,654","-37,193","-213,546","-52,584"
"247","0056","元大高股息","53.85","+0.25","+0.47","08/27","+539","-751","+8,659","+1,042","-55,264","-293,020","-383,367","-287,668","+48,887","-518,861"
"248","2365","昆盈","30","-0.4","-1.32","08/27","+174","+256","+612","+1,033","-190","-113","-813","-7,839","-7,332","-8,572"
"249","6215","和椿","98.4","+0.2","+0.2","08/27","+360","+449","+816","+1,021","+1,367","+2,643","+4,277","+632","+16,206","-3,160"
"250","7714","創泓科技","174.5","-9.5","-5.16","08/27","+55.7","+199","+267","+1,016","+1,686","+1,795","+2,805","+2,887","","+3,329"
"251","6127","九豪","50.8","-0.1","-0.2","08/27","+238","+253","+281","+1,014","+2,528","+2,796","-1,200","+2,560","+3,698","+2,410"
"252","00980A","主動野村臺灣優選","24.83","+0.12","+0.49","08/27","0","+77.6","+77.6","+1,010","+1,747","+7,533","+5,584","+11,527","+13,932","+10,416"
"253","5263","智崴","99.5","+0.5","+0.51","08/27","+157","+220","+379","+1,009","+952","+324","-1,606","-3,444","+2,338","+6,441"
"254","6477","安集","37.05","-1.1","-2.88","08/27","+125","+283","+584","+1,006","+5,093","+6,213","+4,949","+4,695","-1,943","+1,449"
"255","7786","東方風能","120","+1","+0.84","08/27","+263","+588","+817","+1,000","+1,433","+1,803","+7,700","","",""
"256","7828","創新服務","1800","+150","+9.09","08/27","+1,328","+2,106","+2,106","+975","-629","+802","","","",""
"257","3402","漢科","122.5","0","0","08/27","+245","+269","+388","+966","+2,656","+5,820","-11,803","-3,626","+18,416","+5,637"
"258","6903","巨漢","317","+3","+0.96","08/27","-694","-601","-151","+959","+554","+962","-1,076","+5,620","+8,196","+5,558"
"259","2332","友訊","20.4","+0.1","+0.49","08/27","-130","+1,554","-277","+956","+4,480","+25,895","+56,153","+57,013","+42,083","+56,410"
"260","6532","瑞耘","89.2","-1.4","-1.55","08/27","+9.07","+9.07","+497","+943","+1,564","+2,453","+2,385","+11,700","+9,164","+10,876"
"261","6121","新普","405.5","-3.5","-0.86","08/27","0","+198","+237","+940","-839","-15,021","-66,347","-13,293","+2,297","-19,157"
"262","3540","曜越","23.2","-0.7","-2.93","08/27","+167","+365","+532","+934","+904","+982","+68.3","+2,535","+2,597","+3,864"
"263","0053","元大電子","243.5","+1.95","+0.81","08/27","0","+23.9","+444","+921","+921","+841","+1,487","+1,487","+1,253","+1,294"
"264","6499","益安","75.3","+6.8","+9.93","08/27","+459","+495","+618","+917","-251","-1,378","+2,761","+3,548","+5,927","-1,370"
"265","00995A","主動中信台灣卓越","17.45","+0.32","+1.87","08/27","+224","+224","+712","+913","+950","+937","+2,612","+5,235","",""
"266","3014","聯陽","131.5","-0.5","-0.38","08/27","-39.6","-514","-75.5","+900","+5,383","+27,572","+114,093","+120,537","+149,518","+124,986"
"267","2425","承啟","38.3","+0.35","+0.92","08/27","-7.6","-19","+176","+899","+1,537","+6,544","+8,100","+6,140","+3,708","+3,449"
"268","5234","達興材料","303.5","+1.5","+0.5","08/27","+577","+1,718","+229","+895","-715","+7,197","+49,727","+61,331","-4,835","+52,066"
"269","8227","巨有科技","161","+1","+0.62","08/27","+504","+723","+480","+893","+1,790","+5,258","+1,886","+4,379","+10,146","+6,044"
"270","2439","美律","78.5","+0.2","+0.26","08/27","-1,338","-1,831","-1,659","+889","+4,000","+31,882","+77,952","+137,789","-41,850","+110,002"
"271","6188","廣明","68.8","-0.7","-1.01","08/27","+971","-1,294","-498","+880","-5,892","-11,480","-48,721","-106,349","+31,085","-13,251"
"272","3088","艾訊","124","+0.5","+0.4","08/27","+62.4","+162","+718","+878","-2,237","-4,525","-8,342","-1,914","-7,515","-5,306"
"273","00632R","元大台灣50反1","9.89","-0.06","-0.6","08/27","+242","+242","+576","+876","+2,816","-31,703","-50,348","+2,344","+45,192","+35,164"
"274","6643","M31","437","-5.5","-1.24","08/27","0","+130","+252","+869","-2,723","-3,061","-2,953","+12,007","+34,450","+23,867"
"275","3264","欣銓","235","+15.5","+7.06","08/27","0","+763","+4,458","+860","-5,760","-278","-73,098","-11,008","-40,313","-27,095"
"276","6739","竹陞科技","1140","+45","+4.11","08/27","0","0","+757","+854","+1,943","-1,662","-1,898","+18,787","+23,164","+9,653"
"277","8415","大國鋼","36.75","-0.5","-1.34","08/27","+302","+464","+380","+843","+794","+1,315","-5,299","-2,153","-3,066","-3,104"
"278","7795","長廣","564","+19","+3.49","08/27","+2,577","+937","+884","+828","+761","+7,117","","","",""
"279","2369","菱生","32.35","+0.9","+2.86","08/27","+1,480","-1,981","+126","+824","-4,678","+10,883","+26,460","+778","+17,771","+6,040"
"280","3441","聯一光","130","-7.5","-5.45","08/27","+147","+232","-368","+821","+1,319","+3,790","+6,190","+6,666","+7,003","+6,819"
"281","2611","志信","14.9","-0.2","-1.32","08/27","+30.5","+125","+564","+821","+757","+395","-274","-312","-443","-494"
"282","00985B","群益ESG投等債0-5","10.17","-0.04","-0.39","08/27","0","0","0","+820","+1,917","+1,907","+1,418","+2,425","","+7,022"
"283","00735","國泰臺韓科技","103.4","+0.1","+0.1","08/27","0","0","+99.2","+819","+2,926","+11,992","+23,925","+30,223","+33,749","+33,349"
"284","5225","東科-KY","60.5","-1.3","-2.1","08/27","+142","+99.3","+165","+816","+1,977","+3,419","+999","+8,303","+7,918","+13,680"
"285","7777","能率亞洲","40.15","-1.35","-3.25","08/27","+84.6","+644","+808","+808","+521","-324","+315","+2,008","","+2,991"
"286","3556","禾瑞亞","62.9","+0.2","+0.32","08/27","0","+37.3","+186","+804","+449","-138","+10,080","+11,821","+11,563","+12,068"
"287","7712","博盛半導體","160","+4","+2.56","08/27","+109","+92.9","+484","+802","+690","+965","-1,333","+1,497","+2,844","+1,555"
"288","6166","凌華","116.5","-0.5","-0.43","08/27","+318","+483","+738","+785","+1,371","+3,858","-749","-3,705","-8,536","-3,677"
"289","4772","台特化","265","-0.5","-0.19","08/27","+1,017","+652","+755","+785","+5,348","+2,543","+14,854","+161,808","+141,038","+201,067"
"290","3044","健鼎","490","+9","+1.87","08/27","-436","-5.93","-504","+781","-18,893","-10,446","-118,832","-172,992","-117,150","-221,922"
"291","6834","天二科技","94.2","+2.6","+2.84","08/27","+707","+1,122","+462","+781","+1,805","+1,858","+7,558","+6,436","+7,093","+6,149"
"292","009824","群益美國科技巨頭","10.01","+0.04","+0.4","08/27","+680","+693","+759","+765","+765","+225","","","",""
"293","6693","廣閎科","178.5","+11.5","+6.89","08/27","-402","+98.7","-243","+761","-2,548","+4,948","-187","+987","+883","-345"
"294","4968","立積","92","-1.6","-1.71","08/27","-103","+405","-14.5","+756","+2,144","-1,295","-728","+30,785","+65,825","+44,312"
"295","5285","界霖","83.4","-0.6","-0.71","08/27","+1,014","+512","+719","+753","+1,076","-309","+1,564","+1,757","+4,288","+854"
"296","6411","晶焱","80.1","+0.6","+0.75","08/27","+88.1","+184","+515","+750","+3,194","+4,378","+5,730","+4,924","+15,163","-785"
"297","00997A","主動群益美國增長","11.28","-0.09","-0.79","08/27","-88.8","+464","+749","+749","+746","-10,093","+9,582","","",""
"298","6226","光鼎","34","+3.05","+9.85","08/27","+3.07","+47.9","+153","+744","+1,179","+2,638","+3,049","+3,096","+3,096","+3,096"
"299","1722","台肥","44.6","0","0","08/27","-3,545","-3,505","-2,484","+743","+7,656","+11,667","-68,630","+47,537","+72,173","+53,285"
"300","3694","海華","50.8","-0.7","-1.36","08/27","+72.7","+109","+168","+737","+2,493","+14,562","+15,689","+19,688","+31,002","+28,830"
