代號,名稱,成交,漲跌 價,漲跌 幅,法人 買賣 日期,外資 連續 買賣 日數,外資 連續 買賣 張數,外資 連續 買賣 佔 成交 (%),外資 連續 買賣 佔發 行量 (%),投信 連續 買賣 日數,投信 連續 買賣 張數,投信 連續 買賣 佔 成交 (%),投信 連續 買賣 佔發 行量 (%),自營 商 連續 買賣 日數,自營 商 連續 買賣 張數,自營 商 連續 買賣 佔 成交 (%),自營 商 連續 買賣 佔發 行量 (%),三大 法人 連續 買賣 日數,三大 法人 連續 買賣 張數,三大 法人 連續 買賣 佔 成交 (%),三大 法人 連續 買賣 佔發 行量 (%)
3034,聯詠,538.0,1.0,0.19,08/13,24,29960,24.6,4.92,-1,-38,-1.01,-0.01,-10,-659,-1.58,-0.11,5,1727,11.0,0.28
00717,富邦美國特別股,15.05,0.04,0.27,08/13,23,4146,74.4,3.42,0,0,0.0,0.0,1,117,11.7,0.1,4,1317,81.3,1.09
009819,中信數據及電力,10.5,0.13,1.25,08/13,17,43573,37.9,7.19,0,0,0.0,0.0,12,35128,38.7,5.79,19,87462,71.0,14.4
3558,神準,131.0,1.0,0.77,08/13,15,437,28.3,0.74,0,0,0.0,0.0,4,4,0.91,0.01,15,433,28.0,0.73
5278,尚凡*,24.6,-0.05,-0.2,08/13,15,644,40.3,0.21,0,0,0.0,0.0,0,0,0.0,0.0,15,635,39.7,0.21
1907,永豐餘,29.9,-0.25,-0.83,08/13,14,8083,26.1,0.49,-1,-14,-0.86,0.0,4,125,1.86,0.01,14,8666,28.0,0.52
1216,統一,76.3,0.0,0.0,08/13,13,117255,43.9,2.06,-2,-33,-0.14,0.0,-9,-1651,-1.05,-0.03,15,123956,41.7,2.18
3141,晶宏,75.6,0.6,0.8,08/13,12,3952,27.9,5.24,0,0,0.0,0.0,-3,-47,-2.12,-0.06,12,4023,28.4,5.33
6121,新普,431.5,0.0,0.0,08/13,12,4342,31.5,2.35,2,42,1.86,0.02,-5,-95,-1.43,-0.05,12,4467,32.4,2.41
6235,華孚,38.8,-0.4,-1.02,08/13,12,1813,28.0,0.91,0,0,0.0,0.0,1,1,0.12,0.0,12,1806,27.9,0.9
6279,胡連,129.5,-1.0,-0.77,08/13,12,4023,28.1,3.38,-1,-1,-0.13,0.0,-1,-1,-0.08,0.0,12,4310,30.1,3.62
7721,微程式,64.6,0.6,0.94,08/13,12,190,18.3,0.34,0,0,0.0,0.0,0,0,0.0,0.0,7,76,18.6,0.14
8107,大億金茂,12.45,0.05,0.4,08/13,12,114,13.0,0.15,0,0,0.0,0.0,0,0,0.0,0.0,12,114,13.0,0.15
8411,福貞-KY,12.9,-0.15,-1.15,08/13,12,239,14.7,0.11,0,0,0.0,0.0,0,0,0.0,0.0,7,159,16.5,0.07
2108,南帝,30.3,-0.55,-1.78,08/13,11,6209,45.6,1.26,0,0,0.0,0.0,4,130,1.61,0.03,8,5908,48.3,1.2
2354,鴻準,62.8,-0.2,-0.32,08/13,11,32997,14.7,2.33,-1,-8,-0.05,0.0,2,495,1.47,0.03,11,34525,15.4,2.44
6104,創惟,93.5,0.2,0.21,08/13,11,1321,25.3,1.45,0,0,0.0,0.0,-3,-18,-1.43,-0.02,11,1320,25.2,1.45
6189,豐藝,49.55,-0.05,-0.1,08/13,11,2155,38.9,0.82,-1,-3,-0.65,0.0,2,5,0.59,0.0,11,2056,37.1,0.78
5351,鈺創,129.0,7.0,5.74,08/13,10,58181,24.4,17.7,0,0,0.0,0.0,1,5,0.06,0.0,10,59264,24.9,18.0
8215,明基材,25.2,-0.15,-0.59,08/13,10,1165,20.6,0.36,-3,-10,-0.72,0.0,-2,-47,-4.83,-0.01,-1,-43,-11.3,-0.01
0051,元大中型100,145.05,0.15,0.1,08/13,9,7,1.1,0.03,0,0,0.0,0.0,1,3,6.53,0.01,1,3,6.61,0.01
00900,富邦特選高股息30,18.94,0.0,0.0,08/13,9,18030,39.8,1.14,1,2500,51.8,0.16,-1,-593,-12.3,-0.04,33,90879,52.8,5.75
00946,群益科技高息成長,15.63,0.2,1.3,08/13,9,3901,18.9,0.86,0,0,0.0,0.0,5,4493,35.7,0.99,10,11253,49.7,2.47
1308,亞聚,13.6,-0.1,-0.73,08/13,9,3885,29.4,0.65,0,0,0.0,0.0,1,22,1.51,0.0,9,3781,28.7,0.64
1904,正隆,24.65,-0.5,-1.99,08/13,9,12655,37.1,1.14,0,0,0.0,0.0,4,345,1.5,0.03,9,12717,37.3,1.15
2376,技嘉,393.5,18.0,4.79,08/13,9,31658,34.7,4.73,2,296,0.81,0.04,2,597,1.63,0.09,4,14280,30.3,2.13
3006,晶豪科,277.5,3.5,1.28,08/13,9,28352,23.2,9.54,0,0,0.0,0.0,1,5,0.13,0.0,9,28887,23.6,9.72
3346,麗清,21.35,-0.1,-0.47,08/13,9,473,17.6,0.39,0,0,0.0,0.0,-1,0,-0.09,0.0,8,450,18.5,0.37
3564,其陽,48.35,1.15,2.44,08/13,9,255,20.3,0.43,0,0,0.0,0.0,-1,0,-0.02,0.0,9,255,20.3,0.43
009821,野村稀土關鍵資源,14.98,-0.07,-0.47,08/13,8,33772,27.6,5.24,0,0,0.0,0.0,13,57731,37.3,8.96,8,83241,67.9,12.9
009826,貝萊德世界股票,10.31,0.02,0.19,08/13,8,128,0.05,0.02,0,0,0.0,0.0,-9,-203250,-61.1,-37.1,-9,-203170,-61.1,-37.1
1304,台聚,12.2,0.1,0.83,08/13,8,4322,21.9,0.36,0,0,0.0,0.0,-2,-13,-0.29,0.0,7,4409,25.5,0.37
3708,上緯投控,103.0,-1.0,-0.96,08/13,8,1379,30.8,1.5,-2,-2,-0.11,0.0,-3,-37,-1.45,-0.04,8,1373,30.6,1.49
4563,百德,39.0,-0.8,-2.01,08/13,8,186,28.0,0.34,0,0,0.0,0.0,-2,-1,-0.33,0.0,8,186,28.0,0.34
6265,方土昶,58.9,2.1,3.7,08/13,8,9008,17.3,7.62,0,0,0.0,0.0,2,69,0.41,0.06,8,9130,17.5,7.73
6509,聚和,49.0,0.5,1.03,08/13,8,2209,27.4,1.12,-3,-7,-0.23,0.0,-12,-239,-1.73,-0.12,8,2039,25.3,1.03
6684,安格,49.95,-0.05,-0.1,08/13,8,364,35.1,0.82,0,0,0.0,0.0,3,0,0.13,0.0,8,360,34.7,0.81
8928,鉅明,23.65,0.0,0.0,08/13,8,30,14.8,0.06,0,0,0.0,0.0,1,0,0.78,0.0,8,30,14.8,0.06
9921,巨大,105.0,-4.0,-3.67,08/13,8,13986,28.4,3.57,0,0,0.0,0.0,-2,-123,-0.61,-0.03,8,14194,28.8,3.62
00897,富邦基因免疫生技,11.9,0.07,0.59,08/13,7,1244,27.6,0.88,0,0,0.0,0.0,11,2728,43.1,1.93,27,8905,40.2,6.32
1305,華夏,11.95,0.2,1.7,08/13,7,2507,28.4,0.43,0,0,0.0,0.0,4,65,1.23,0.01,7,2492,28.2,0.43
1319,東陽,79.2,0.0,0.0,08/13,7,6037,28.3,1.02,-8,-492,-2.2,-0.08,-2,-50,-0.82,-0.01,7,5496,25.8,0.93
2034,允強,20.05,-0.15,-0.74,08/13,7,6371,43.7,1.2,0,0,0.0,0.0,2,29,1.35,0.01,7,6439,44.2,1.22
2528,皇普,20.4,-0.2,-0.97,08/13,7,778,26.2,0.18,-1,-5,-3.14,0.0,1,1,0.61,0.0,5,402,20.9,0.09
2597,潤弘,169.0,2.0,1.2,08/13,7,630,39.0,0.2,-1,-2,-0.34,0.0,-1,-83,-15.5,-0.03,7,515,31.9,0.17
3003,健和興,69.3,-0.4,-0.57,08/13,7,3622,24.8,2.33,0,0,0.0,0.0,1,34,2.58,0.02,7,3622,24.8,2.33
3362,先進光,181.0,2.0,1.12,08/13,7,916,11.3,0.62,0,0,0.0,0.0,2,4,0.16,0.0,7,905,11.2,0.61
3376,新日興,189.5,-2.5,-1.3,08/13,7,1743,10.2,0.89,0,0,0.0,0.0,-1,-98,-5.15,-0.05,-1,-9,-0.49,0.0
4549,桓達,97.0,5.1,5.55,08/13,7,153,21.2,0.27,0,0,0.0,0.0,3,1,0.46,0.0,7,154,21.3,0.27
5321,美而快,62.0,5.1,8.96,08/13,7,338,14.9,0.57,0,0,0.0,0.0,2,1,0.08,0.0,7,339,15.0,0.57
6715,嘉基,390.5,-6.0,-1.51,08/13,7,535,11.2,0.8,0,0,0.0,0.0,4,21,0.75,0.03,4,230,8.1,0.34
8401,白紗科,23.05,-0.15,-0.65,08/13,7,51,20.6,0.07,0,0,0.0,0.0,0,0,0.0,0.0,7,52,20.8,0.07
00715L,期街口布蘭特正2,47.96,-0.67,-1.38,08/13,6,2942,6.29,2.85,0,0,0.0,0.0,5,13165,34.8,12.8,5,15118,39.9,14.7
009817,國泰日本不動產,9.19,0.04,0.44,08/13,6,1053,19.7,0.46,0,0,0.0,0.0,1,181,23.3,0.08,1,238,30.7,0.1
1440,南紡,13.65,0.05,0.37,08/13,6,4880,27.8,0.29,0,0,0.0,0.0,-2,-6,-0.14,0.0,4,4889,34.0,0.3
1565,精華,96.0,-0.4,-0.41,08/13,6,231,34.5,0.46,0,0,0.0,0.0,-1,-1,-0.88,0.0,6,246,36.7,0.49
2069,運錩,20.2,0.3,1.51,08/13,6,1347,26.7,0.81,0,0,0.0,0.0,1,1,0.13,0.0,4,877,32.8,0.53
3228,金麗科,149.0,3.0,2.05,08/13,6,159,12.4,0.22,0,0,0.0,0.0,2,8,1.6,0.01,4,110,12.7,0.15
3234,光環,141.0,8.0,6.02,08/13,6,4113,18.8,3.69,0,0,0.0,0.0,2,285,2.05,0.26,6,4411,20.2,3.96
3508,位速,17.6,0.0,0.0,08/13,6,48,16.2,0.05,0,0,0.0,0.0,0,0,0.0,0.0,6,48,16.2,0.05
3548,兆利,77.0,-0.8,-1.03,08/13,6,217,25.7,0.32,0,0,0.0,0.0,-5,-7,-0.93,-0.01,6,211,25.0,0.31
3625,西勝,16.75,-0.05,-0.3,08/13,6,269,18.1,0.24,0,0,0.0,0.0,-1,0,0.0,0.0,6,282,18.9,0.25
4169,泰宗,150.0,-2.0,-1.32,08/13,6,191,15.4,0.29,0,0,0.0,0.0,1,1,0.81,0.0,6,191,15.4,0.29
4552,力達-KY,17.55,-0.1,-0.57,08/13,6,156,28.2,0.13,0,0,0.0,0.0,0,0,0.0,0.0,6,169,30.6,0.15
4919,新唐,126.5,1.0,0.8,08/13,6,3575,11.7,0.85,-1,-12,-0.28,0.0,1,113,2.65,0.03,6,3404,11.2,0.81
5202,力新,12.2,-0.15,-1.21,08/13,6,210,24.1,0.24,0,0,0.0,0.0,-2,-1,-0.29,0.0,6,210,24.1,0.24
6112,邁達特,46.55,0.4,0.87,08/13,6,2508,37.6,1.33,0,0,0.0,0.0,1,4,0.6,0.0,6,2540,38.1,1.35
6194,育富,29.85,0.0,0.0,08/13,6,42,11.6,0.09,0,0,0.0,0.0,1,0,0.1,0.0,6,42,11.7,0.09
6840,東研信超,75.6,6.8,9.88,08/13,6,167,9.74,0.54,0,0,0.0,0.0,1,12,1.04,0.04,6,180,10.5,0.58
7772,耀穎,93.6,1.3,1.41,08/13,6,77,28.4,0.29,0,0,0.0,0.0,2,0,0.13,0.0,6,77,28.4,0.29
8908,欣雄,39.95,-0.05,-0.12,08/13,6,43,25.6,0.01,0,0,0.0,0.0,0,0,0.0,0.0,10,61,20.9,0.02
8940,新天地,15.15,-0.15,-0.98,08/13,6,14,6.78,0.02,0,0,0.0,0.0,1,1,1.69,0.0,2,7,6.57,0.01
0061,元大寶滬深,25.17,0.07,0.28,08/13,5,462,35.0,0.48,0,0,0.0,0.0,3,472,53.4,0.49,3,744,84.2,0.77
00861,元大全球未來通訊,90.0,1.85,2.1,08/13,5,122,16.6,0.17,0,0,0.0,0.0,4,338,52.2,0.48,4,410,63.3,0.59
00893,國泰智能電動車,44.24,0.55,1.26,08/13,5,732,38.5,0.2,0,0,0.0,0.0,2,221,27.0,0.06,10,2271,37.6,0.63
00895,富邦未來車,51.15,0.55,1.09,08/13,5,221,18.5,0.15,0,0,0.0,0.0,9,1477,40.9,1.02,5,936,78.2,0.65
00898,國泰基因免疫革命,10.37,0.09,0.88,08/13,5,9679,57.4,7.36,0,0,0.0,0.0,4,2297,15.4,1.75,32,24180,61.0,18.4
00967B,元大優息美債,9.04,-0.01,-0.11,08/13,5,20,0.9,0.01,0,0,0.0,0.0,2,126,22.9,0.07,2,131,23.8,0.07
00970B,台新BBB投等債20+,9.2,-0.01,-0.11,08/13,5,31,0.76,0.01,0,0,0.0,0.0,-3,-1287,-54.4,-0.34,-3,-1266,-53.6,-0.33
009820,元大納斯達克精選,10.13,0.06,0.6,08/13,5,4734,6.83,0.39,0,0,0.0,0.0,27,168523,57.1,13.8,10,78958,69.3,6.47
00988A,主動統一全球創新,17.66,0.9,5.37,08/13,5,33638,16.6,0.99,1,324,0.53,0.01,2,3330,3.44,0.1,5,27649,13.7,0.81
00997A,主動群益美國增長,11.76,0.24,2.08,08/13,5,10140,28.5,0.83,0,0,0.0,0.0,2,2413,13.6,0.2,5,14863,41.8,1.22
1110,東泥,16.6,0.3,1.84,08/13,5,467,33.5,0.08,0,0,0.0,0.0,1,2,0.73,0.0,5,474,34.0,0.08
1264,德麥,259.0,0.5,0.19,08/13,5,14,12.3,0.04,0,0,0.0,0.0,-9,-60,-29.6,-0.16,-9,-70,-34.7,-0.19
1446,宏和,14.0,0.0,0.0,08/13,5,132,17.5,0.1,0,0,0.0,0.0,1,1,0.42,0.0,1,27,11.4,0.02
1473,台南,19.95,-0.2,-0.99,08/13,5,48,15.8,0.03,0,0,0.0,0.0,2,5,4.23,0.0,5,53,17.4,0.04
1587,吉茂,24.5,0.0,0.0,08/13,5,255,31.1,0.32,0,0,0.0,0.0,1,1,0.4,0.0,5,256,31.2,0.32
1717,長興,78.2,-0.4,-0.51,08/13,5,29378,26.7,2.48,15,4829,2.22,0.41,-1,-132,-0.47,-0.01,9,39921,27.9,3.37
1813,寶利徠,11.5,0.05,0.44,08/13,5,6,5.12,0.01,0,0,0.0,0.0,1,1,2.01,0.0,6,7,4.77,0.01
1903,士紙,47.6,0.05,0.11,08/13,5,106,27.1,0.04,0,0,0.0,0.0,2,4,2.65,0.0,5,110,28.0,0.04
2102,泰豐,18.9,-0.1,-0.53,08/13,5,278,24.7,0.06,0,0,0.0,0.0,1,5,2.38,0.0,5,281,25.0,0.06
2239,英利-KY,19.4,0.05,0.26,08/13,5,38,8.38,0.03,0,0,0.0,0.0,1,1,3.96,0.0,5,40,8.87,0.03
2250,IKKA-KY,60.0,-0.3,-0.5,08/13,5,45,16.3,0.12,0,0,0.0,0.0,0,0,0.0,0.0,5,47,17.1,0.13
2330,台積電,2435.0,20.0,0.83,08/13,5,10858,9.89,0.04,5,1919,1.75,0.01,1,93,0.36,0.0,5,14083,12.8,0.05
2436,偉詮電,71.2,3.6,5.33,08/13,5,10019,28.4,5.01,-3,-325,-1.76,-0.16,2,434,3.25,0.22,2,4281,32.1,2.14
2454,聯發科,4225.0,210.0,5.23,08/13,5,6209,16.1,0.39,1,10,0.08,0.0,-2,-152,-0.83,-0.01,4,5830,18.3,0.36
2471,資通,50.3,0.2,0.4,08/13,5,329,47.1,0.7,0,0,0.0,0.0,-1,-2,-1.46,0.0,5,343,49.1,0.73
2515,中工,12.0,0.05,0.42,08/13,5,8025,27.3,0.5,0,0,0.0,0.0,-3,-98,-0.62,-0.01,5,8089,27.5,0.5
2739,寒舍,35.8,1.3,3.77,08/13,5,155,28.3,0.17,0,0,0.0,0.0,1,3,0.85,0.0,5,155,28.3,0.17
2849,安泰銀,14.45,0.0,0.0,08/13,5,140,24.4,0.01,0,0,0.0,0.0,-3,-52,-13.5,0.0,2,20,10.4,0.0
2890,永豐金,39.95,0.1,0.25,08/13,5,15751,19.0,0.11,3,1687,2.66,0.01,-4,-2070,-2.8,-0.01,3,13584,21.4,0.09
3019,亞光,139.0,1.5,1.09,08/13,5,2497,17.0,0.89,0,0,0.0,0.0,1,69,2.81,0.02,4,2766,22.2,0.99
3046,建碁,61.0,-1.3,-2.09,08/13,5,1528,28.0,1.95,0,0,0.0,0.0,5,11,0.21,0.01,5,1540,28.2,1.96
3051,力特,23.4,0.15,0.65,08/13,5,1029,37.3,0.62,0,0,0.0,0.0,1,11,2.06,0.01,5,1051,38.1,0.63
3059,華晶科,40.75,-0.05,-0.12,08/13,5,1856,23.3,0.6,0,0,0.0,0.0,-1,-2,-0.1,0.0,5,1855,23.3,0.6
3062,建漢,21.0,-0.3,-1.41,08/13,5,1055,16.7,0.32,0,0,0.0,0.0,-1,-39,-2.94,-0.01,5,1103,17.5,0.33
3128,昇銳,22.2,0.1,0.45,08/13,5,153,31.1,0.32,0,0,0.0,0.0,-2,0,-0.01,0.0,5,153,31.1,0.32
3171,炎洲流通,64.1,-0.6,-0.93,08/13,5,29,15.9,0.09,0,0,0.0,0.0,1,0,0.02,0.0,5,34,18.4,0.1
3205,佰研,48.6,-0.3,-0.61,08/13,5,67,30.9,0.1,0,0,0.0,0.0,0,0,0.0,0.0,5,68,31.3,0.1
3323,加百裕,31.65,-0.75,-2.31,08/13,5,612,18.8,0.61,0,0,0.0,0.0,0,0,0.0,0.0,5,597,18.3,0.6
3527,聚積,52.4,0.2,0.38,08/13,5,33,10.7,0.07,0,0,0.0,0.0,0,0,0.0,0.0,5,35,11.1,0.08
3556,禾瑞亞,64.9,-0.1,-0.15,08/13,5,314,15.8,0.49,0,0,0.0,0.0,1,1,0.18,0.0,5,300,15.1,0.47
3631,晟楠,36.25,0.25,0.69,08/13,5,122,18.8,0.15,0,0,0.0,0.0,1,0,0.01,0.0,5,121,18.7,0.15
4711,永純,16.55,0.05,0.3,08/13,5,92,15.1,0.15,0,0,0.0,0.0,-1,0,0.0,0.0,5,84,13.8,0.14
4736,泰博,141.0,7.0,5.22,08/13,5,785,35.3,0.82,0,0,0.0,0.0,-2,-2,-0.12,0.0,5,785,35.3,0.82
4737,華廣,57.3,1.2,2.14,08/13,5,156,52.3,0.2,0,0,0.0,0.0,1,1,0.92,0.0,5,157,52.7,0.2
4739,康普,87.5,0.5,0.57,08/13,5,1136,10.9,0.91,0,0,0.0,0.0,-2,-23,-0.81,-0.02,5,1155,11.1,0.93
4741,泓瀚,43.8,-0.3,-0.68,08/13,5,107,21.3,0.31,0,0,0.0,0.0,-1,0,-0.33,0.0,4,104,27.2,0.3
4931,新盛力,261.0,-6.0,-2.25,08/13,5,6329,10.7,9.65,0,0,0.0,0.0,-1,-11,-0.48,-0.02,5,6487,11.0,9.89
4933,友輝,55.5,0.1,0.18,08/13,5,107,15.5,0.13,0,0,0.0,0.0,-2,-1,-0.34,0.0,5,115,16.7,0.14
4974,亞泰,70.2,0.3,0.43,08/13,5,150,39.5,0.21,0,0,0.0,0.0,-1,0,-0.09,0.0,5,151,39.8,0.21
5251,天鉞電,25.8,0.2,0.78,08/13,5,104,21.3,0.31,0,0,0.0,0.0,-1,0,-0.1,0.0,5,104,21.3,0.31
5284,jpp-KY,300.5,1.0,0.33,08/13,5,312,22.7,0.59,0,0,0.0,0.0,-2,-4,-1.12,-0.01,5,320,23.3,0.61
5519,隆大,27.75,-0.25,-0.89,08/13,5,225,15.7,0.1,0,0,0.0,0.0,-1,-93,-15.9,-0.04,-1,-72,-12.3,-0.03
5603,陸海,14.25,0.05,0.35,08/13,5,32,14.0,0.03,0,0,0.0,0.0,-1,0,-0.71,0.0,5,32,13.9,0.03
6108,競國,21.7,1.75,8.77,08/13,5,2883,28.5,1.87,0,0,0.0,0.0,4,177,1.96,0.11,5,3056,30.3,1.98
6156,松上,22.2,0.2,0.91,08/13,5,663,13.5,0.62,0,0,0.0,0.0,1,0,0.05,0.0,5,660,13.5,0.61
6167,久正,10.4,-0.1,-0.95,08/13,5,333,30.7,0.23,0,0,0.0,0.0,1,0,0.07,0.0,5,333,30.7,0.23
6179,亞通,27.85,0.5,1.83,08/13,5,1846,25.6,1.04,0,0,0.0,0.0,-3,-16,-0.44,-0.01,5,1844,25.5,1.04
6213,聯茂,469.0,5.0,1.08,08/13,5,16167,15.7,4.45,1,2,0.03,0.0,-1,-88,-1.25,-0.02,8,22709,12.5,6.25
6241,鑫永洋,14.3,-0.05,-0.35,08/13,5,178,11.2,0.37,0,0,0.0,0.0,-1,0,-0.01,0.0,5,178,11.2,0.37
6270,倍微,30.8,-0.25,-0.81,08/13,5,333,23.3,0.46,0,0,0.0,0.0,1,0,0.06,0.0,5,333,23.3,0.46
6423,億而得,81.8,0.7,0.86,08/13,5,99,23.6,0.32,0,0,0.0,0.0,0,0,0.0,0.0,5,101,24.1,0.33
6472,保瑞,422.0,-2.0,-0.47,08/13,5,585,15.9,0.46,0,0,0.0,0.0,-3,-47,-2.45,-0.04,-1,-12,-2.77,-0.01
6491,晶碩,370.0,-8.0,-2.12,08/13,5,930,38.0,1.19,0,0,0.0,0.0,2,9,1.08,0.01,9,2067,34.5,2.65
6592,和潤企業,61.7,0.2,0.33,08/13,5,997,50.7,0.13,0,0,0.0,0.0,5,42,2.15,0.01,5,1030,52.4,0.14
6741,91APP*-KY,55.8,0.0,0.0,08/13,5,643,45.6,0.53,0,0,0.0,0.0,1,0,0.07,0.0,5,643,45.5,0.53
6781,AES-KY,1125.0,-20.0,-1.75,08/13,5,2152,26.3,2.52,-1,0,-0.02,0.0,-3,-44,-1.2,-0.05,-1,-5,-0.77,-0.01
6792,詠業,59.5,0.9,1.54,08/13,5,47,24.4,0.1,0,0,0.0,0.0,0,0,0.0,0.0,5,45,23.4,0.09
7717,萊德光電-KY,428.0,-8.5,-1.95,08/13,5,135,18.9,0.54,0,0,0.0,0.0,-1,-2,-1.01,-0.01,6,140,15.9,0.56
7769,鴻勁,6770.0,290.0,4.48,08/13,5,336,10.9,0.19,1,143,13.0,0.08,2,25,1.64,0.01,3,401,21.5,0.22
7799,禾榮科,365.0,3.0,0.83,08/13,5,98,11.7,0.06,0,0,0.0,0.0,1,1,0.87,0.0,5,102,12.2,0.06
8034,榮群,18.85,0.0,0.0,08/13,5,87,19.0,0.15,0,0,0.0,0.0,0,0,0.0,0.0,5,88,19.1,0.15
8249,菱光,42.95,0.45,1.06,08/13,5,716,39.6,0.52,0,0,0.0,0.0,1,1,0.21,0.0,5,720,39.8,0.52
8429,金麗-KY,6.01,-0.01,-0.17,08/13,5,95,14.7,0.05,0,0,0.0,0.0,1,2,2.17,0.0,4,93,15.9,0.05
8937,合騏*,24.5,0.55,2.3,08/13,5,67,14.8,0.02,0,0,0.0,0.0,1,0,0.01,0.0,5,66,14.6,0.02
8942,森鉅,42.8,2.75,6.87,08/13,5,745,28.9,0.37,0,0,0.0,0.0,6,18,0.68,0.01,5,763,29.6,0.38
9902,台火,13.85,0.0,0.0,08/13,5,75,18.7,0.08,0,0,0.0,0.0,5,6,1.49,0.01,5,81,20.2,0.08
9907,統一實,15.0,0.1,0.67,08/13,5,4789,44.1,0.3,-1,-26,-1.26,0.0,1,14,0.68,0.0,5,4764,43.9,0.3
9927,泰銘,69.6,0.0,0.0,08/13,5,157,22.6,0.13,0,0,0.0,0.0,1,8,8.67,0.01,5,195,28.1,0.16
9941,裕融,86.1,0.4,0.47,08/13,5,1877,27.0,0.33,-1,-1,-0.07,0.0,5,272,3.91,0.05,5,2246,32.3,0.39
9946,三發地產,19.0,0.15,0.8,08/13,5,347,22.0,0.11,0,0,0.0,0.0,-1,-4,-0.82,0.0,2,217,21.4,0.07
9955,佳龍,24.9,0.25,1.01,08/13,5,184,9.59,0.18,0,0,0.0,0.0,0,0,0.0,0.0,5,185,9.65,0.18
00400A,主動國泰動能高息,14.73,0.37,2.58,08/13,4,29833,20.1,1.44,0,0,0.0,0.0,4,55884,37.6,2.7,4,85717,57.7,4.14
00403A,主動統一升級50,10.3,0.2,1.98,08/13,4,182669,18.7,1.03,0,0,0.0,0.0,4,526926,54.1,2.97,4,709595,72.8,3.99
0050,元大台灣50,106.7,1.5,1.43,08/13,4,67016,21.9,0.3,-3,-5135,-2.3,-0.02,5,58355,15.6,0.26,4,112090,36.7,0.5
00631L,元大台灣50正2,36.29,0.84,2.37,08/13,4,27918,3.82,0.36,0,0,0.0,0.0,5,250227,27.7,3.2,5,274925,30.5,3.52
00663L,國泰臺灣加權正2,104.5,2.7,2.65,08/13,4,898,3.51,0.53,0,0,0.0,0.0,5,10942,34.2,6.51,5,11483,35.9,6.83
00876,元大全球5G,92.7,3.05,3.4,08/13,4,168,27.6,0.18,0,0,0.0,0.0,5,212,28.8,0.23,5,315,42.9,0.34
00919,群益台灣精選高息,30.41,0.22,0.73,08/13,4,35577,18.4,0.2,0,0,0.0,0.0,1,6405,12.9,0.04,5,60254,26.7,0.33
00930,永豐ESG低碳高息,24.22,0.07,0.29,08/13,4,185,11.8,0.14,0,0,0.0,0.0,11,2915,48.5,2.26,12,2810,39.4,2.18
00935,野村臺灣新科技50,59.0,1.7,2.97,08/13,4,6213,18.0,0.72,-1,-145,-1.32,-0.02,8,15721,21.2,1.82,4,14788,42.7,1.72
00951,台新日本半導體,18.67,0.63,3.49,08/13,4,1491,21.3,0.66,0,0,0.0,0.0,4,1528,21.9,0.67,4,3019,43.2,1.33
00954,中信日本半導體,19.87,0.62,3.22,08/13,4,1132,20.6,0.94,0,0,0.0,0.0,2,768,23.6,0.64,4,2042,37.2,1.69
00965,元大航太防衛科技,27.34,0.19,0.7,08/13,4,1653,12.0,0.39,-2,-700,-9.38,-0.17,11,19769,56.2,4.68,13,25618,66.6,6.06
00981A,主動統一台股增長,29.95,0.61,2.08,08/13,4,101924,15.7,0.98,0,0,0.0,0.0,4,166077,25.6,1.6,4,267201,41.2,2.57
00987A,主動台新優勢成長,16.15,0.31,1.96,08/13,4,335,4.41,0.2,0,0,0.0,0.0,4,3154,41.5,1.84,4,3489,45.9,2.04
00992A,主動群益科技創新,17.78,0.49,2.83,08/13,4,23933,17.4,0.98,0,0,0.0,0.0,4,27191,19.7,1.11,4,53024,38.5,2.16
1423,利華,35.5,-0.1,-0.28,08/13,4,20,27.2,0.02,0,0,0.0,0.0,0,0,0.0,0.0,4,21,28.6,0.02
1503,士電,201.5,2.5,1.26,08/13,4,526,8.56,0.1,-1,-1,-0.04,0.0,2,48,1.32,0.01,4,574,9.34,0.11
1513,中興電,171.0,5.5,3.32,08/13,4,13691,52.6,2.72,-1,-1,-0.01,0.0,4,956,3.68,0.19,4,14643,56.3,2.91
1524,耿鼎,26.95,-0.2,-0.74,08/13,4,303,25.3,0.18,0,0,0.0,0.0,0,0,0.0,0.0,4,296,24.7,0.18
1531,高林股,13.05,0.1,0.77,08/13,4,108,25.2,0.06,0,0,0.0,0.0,0,0,0.0,0.0,4,91,21.2,0.05
1569,濱川,42.1,0.8,1.94,08/13,4,193,20.0,0.13,0,0,0.0,0.0,-1,-4,-1.26,0.0,4,189,19.5,0.13
1582,信錦,75.1,-0.3,-0.4,08/13,4,546,18.3,0.38,0,0,0.0,0.0,1,0,0.06,0.0,4,576,19.3,0.4
1583,程泰,49.05,-0.6,-1.21,08/13,4,13,16.6,0.01,0,0,0.0,0.0,0,0,0.0,0.0,4,14,17.8,0.01
1605,華新,39.3,-0.7,-1.75,08/13,4,106762,38.6,2.41,-4,-33,-0.01,0.0,-3,-678,-0.33,-0.02,4,107305,38.8,2.42
1612,宏泰,34.3,-0.35,-1.01,08/13,4,1745,20.8,0.55,-1,-5,-0.53,0.0,1,4,0.48,0.0,4,1789,21.3,0.57
1618,合機,40.95,-0.4,-0.97,08/13,4,1210,23.8,0.63,0,0,0.0,0.0,0,0,0.0,0.0,4,1271,25.0,0.66
1710,東聯,14.8,-0.45,-2.95,08/13,4,2645,13.3,0.3,0,0,0.0,0.0,-2,-71,-0.86,-0.01,4,2624,13.2,0.3
1773,勝一,160.5,-0.5,-0.31,08/13,4,415,21.8,0.14,-7,-774,-20.0,-0.26,4,62,3.25,0.02,-3,-178,-13.3,-0.06
1784,訊聯,62.2,0.4,0.65,08/13,4,118,32.6,0.22,0,0,0.0,0.0,1,0,0.41,0.0,4,118,32.6,0.22
1802,台玻,56.9,-0.7,-1.22,08/13,4,7811,7.08,0.27,0,0,0.0,0.0,-1,-29,-0.14,0.0,4,8541,7.74,0.29
1906,寶隆,11.45,-0.65,-5.37,08/13,4,91,8.08,0.06,0,0,0.0,0.0,-1,-9,-2.77,-0.01,6,109,8.8,0.07
2109,華豐,14.75,0.0,0.0,08/13,4,79,19.9,0.03,0,0,0.0,0.0,1,1,1.31,0.0,4,85,21.4,0.03
2114,鑫永銓,88.3,-0.1,-0.11,08/13,4,37,29.7,0.05,0,0,0.0,0.0,2,2,2.8,0.0,5,42,28.3,0.05
2233,宇隆,203.5,-0.5,-0.25,08/13,4,336,12.9,0.56,0,0,0.0,0.0,2,62,3.92,0.1,4,397,15.3,0.66
2237,華德動能-創,27.35,-0.1,-0.36,08/13,4,231,9.1,0.18,0,0,0.0,0.0,0,0,0.0,0.0,4,231,9.1,0.18
2258,鴻華先進-創,31.95,0.0,0.0,08/13,4,588,29.2,0.03,0,0,0.0,0.0,1,8,2.0,0.0,4,571,28.3,0.03
2303,聯電,124.5,1.5,1.22,08/13,4,44163,8.03,0.35,-3,-21464,-5.73,-0.17,4,16228,2.95,0.13,4,39440,7.17,0.31
2312,金寶,33.15,-0.35,-1.04,08/13,4,12664,17.7,0.84,1,1,0.01,0.0,4,1043,1.46,0.07,4,13701,19.2,0.91
2337,旺宏,136.5,0.0,0.0,08/13,4,30430,6.43,1.54,-3,-161,-0.05,-0.01,1,153,0.17,0.01,4,38898,8.22,1.96
2338,光罩,40.7,0.25,0.62,08/13,4,790,18.1,0.22,0,0,0.0,0.0,-2,-6,-0.24,0.0,4,790,18.1,0.22
2353,宏碁,31.55,-0.2,-0.63,08/13,4,28582,33.7,0.94,1,224,0.85,0.01,2,1303,2.53,0.04,4,29867,35.2,0.98
2355,敬鵬,43.1,0.3,0.7,08/13,4,1651,17.3,0.42,0,0,0.0,0.0,-1,-38,-1.44,-0.01,4,1638,17.1,0.41
2369,菱生,32.95,-0.2,-0.6,08/13,4,1550,7.71,0.41,0,0,0.0,0.0,2,25,0.24,0.01,4,1536,7.64,0.4
2377,微星,168.0,-1.0,-0.59,08/13,4,20276,17.7,2.4,1,337,0.66,0.04,2,2407,2.47,0.28,4,23193,20.2,2.75
2385,群光,106.0,1.0,0.95,08/13,4,5336,35.3,0.7,-1,-1851,-31.2,-0.24,-2,-37,-0.41,0.0,4,3455,22.9,0.45
2420,新巨,57.7,0.9,1.58,08/13,4,763,35.5,0.5,0,0,0.0,0.0,0,0,0.0,0.0,4,753,35.1,0.49
2429,銘旺科,31.75,0.5,1.6,08/13,4,217,16.1,0.25,0,0,0.0,0.0,1,1,0.34,0.0,4,218,16.2,0.26
2457,飛宏,23.65,0.15,0.64,08/13,4,752,18.2,0.18,0,0,0.0,0.0,2,44,2.28,0.01,4,888,21.4,0.21
2489,瑞軒,32.0,-1.0,-3.03,08/13,4,3668,8.92,0.6,0,0,0.0,0.0,-3,-134,-0.52,-0.02,4,3534,8.6,0.58
3010,華立,131.0,-1.5,-1.13,08/13,4,2613,40.9,1.01,0,0,0.0,0.0,-1,-146,-13.5,-0.06,-1,-58,-5.36,-0.02
3023,信邦,312.0,-3.5,-1.11,08/13,4,2309,45.0,0.96,-3,-61,-1.75,-0.03,-4,-1053,-20.5,-0.44,4,1195,23.3,0.5
3030,德律,303.5,-4.0,-1.3,08/13,4,1128,20.3,0.48,-1,-12,-0.98,-0.01,-1,-38,-3.08,-0.02,4,1173,21.1,0.5
3037,欣興,1000.0,0.0,0.0,08/13,4,9445,31.8,0.58,-3,-873,-3.92,-0.05,2,228,1.33,0.01,4,8951,30.1,0.55
3040,遠見,38.0,0.3,0.8,08/13,4,66,24.3,0.1,0,0,0.0,0.0,0,0,0.0,0.0,4,66,24.3,0.1
3152,璟德,231.0,0.5,0.22,08/13,4,81,15.7,0.21,0,0,0.0,0.0,1,1,0.7,0.0,4,68,13.3,0.17
3206,志豐,34.75,-0.1,-0.29,08/13,4,101,44.7,0.17,0,0,0.0,0.0,0,0,0.0,0.0,4,105,46.5,0.18
3221,台嘉碩,49.35,0.35,0.71,08/13,4,1407,12.2,1.34,0,0,0.0,0.0,4,64,0.56,0.06,4,1472,12.8,1.4
3265,台星科,181.0,6.0,3.43,08/13,4,1738,19.3,1.28,0,0,0.0,0.0,-1,-9,-0.25,-0.01,4,1796,19.9,1.32
3294,英濟,31.65,-0.15,-0.47,08/13,4,488,31.7,0.37,0,0,0.0,0.0,0,0,0.0,0.0,4,490,31.9,0.37
3308,聯德,19.5,0.0,0.0,08/13,4,21,15.1,0.04,0,0,0.0,0.0,1,0,0.0,0.0,4,21,15.1,0.04
3317,尼克森,70.6,0.8,1.15,08/13,4,317,13.7,0.35,0,0,0.0,0.0,-2,-1,-0.06,0.0,4,316,13.7,0.35
3356,奇偶,62.9,2.9,4.83,08/13,4,1102,39.2,1.37,0,0,0.0,0.0,1,1,0.05,0.0,5,1107,36.4,1.38
3483,力致,74.0,-1.1,-1.46,08/13,4,96,8.13,0.1,0,0,0.0,0.0,1,0,0.02,0.0,4,96,8.13,0.1
3504,揚明光,76.0,-0.1,-0.13,08/13,4,343,8.62,0.3,0,0,0.0,0.0,5,42,0.64,0.04,4,382,9.61,0.33
3552,同致,45.5,0.7,1.56,08/13,4,118,37.2,0.12,0,0,0.0,0.0,1,0,0.29,0.0,4,120,37.7,0.12
3576,聯合再生,17.9,0.6,3.47,08/13,4,9476,22.1,0.58,0,0,0.0,0.0,4,26,0.06,0.0,4,9495,22.2,0.58
3583,辛耘,719.0,-15.0,-2.04,08/13,4,949,25.6,1.18,-4,-725,-19.5,-0.9,-1,-20,-1.7,-0.02,-1,-87,-7.49,-0.11
3628,盈正,67.3,0.9,1.36,08/13,4,50,29.6,0.11,0,0,0.0,0.0,2,1,0.8,0.0,4,51,30.3,0.11
3687,歐買尬,65.7,-0.4,-0.61,08/13,4,77,31.3,0.26,0,0,0.0,0.0,-2,-1,-0.53,0.0,4,77,31.2,0.25
3707,漢磊,65.6,2.1,3.31,08/13,4,2264,11.7,0.57,0,0,0.0,0.0,1,16,0.19,0.0,4,2277,11.8,0.57
4503,金雨,28.85,2.6,9.9,08/13,4,334,9.1,0.43,0,0,0.0,0.0,2,8,0.27,0.01,4,342,9.32,0.44
4538,大詠城,17.75,0.2,1.14,08/13,4,18,17.1,0.03,0,0,0.0,0.0,0,0,0.0,0.0,4,18,17.1,0.03
4562,穎漢,33.05,-0.45,-1.34,08/13,4,311,16.8,0.36,0,0,0.0,0.0,1,1,0.2,0.0,4,312,16.8,0.36
4583,台灣精銳,512.0,15.0,3.02,08/13,4,319,29.3,0.4,0,0,0.0,0.0,0,0,0.0,0.0,4,318,29.2,0.4
4588,玖鼎電力,52.6,-0.3,-0.57,08/13,4,60,31.1,0.14,0,0,0.0,0.0,0,0,0.0,0.0,5,65,27.8,0.15
4760,勤凱,283.0,25.5,9.9,08/13,4,116,7.47,0.36,0,0,0.0,0.0,-2,-20,-2.4,-0.06,4,94,6.02,0.29
4768,晶呈科技,325.5,3.5,1.09,08/13,4,198,14.2,0.42,0,0,0.0,0.0,1,0,0.02,0.0,4,203,14.6,0.43
4807,日成-KY,31.5,0.35,1.12,08/13,4,254,24.5,0.52,0,0,0.0,0.0,-2,-7,-1.65,-0.01,5,259,21.3,0.53
4906,正文,36.6,0.1,0.27,08/13,4,2490,13.8,0.57,0,0,0.0,0.0,4,295,1.64,0.07,4,2784,15.5,0.64
4927,泰鼎-KY,34.55,0.05,0.14,08/13,4,1267,13.7,0.48,0,0,0.0,0.0,1,2,0.09,0.0,4,1274,13.7,0.48
4935,茂林-KY,35.35,0.55,1.58,08/13,4,61,29.1,0.05,0,0,0.0,0.0,2,3,2.31,0.0,7,95,17.3,0.07
4956,光鋐,31.1,-0.6,-1.89,08/13,4,902,21.5,0.9,0,0,0.0,0.0,0,0,0.0,0.0,4,1006,24.0,1.0
5213,亞昕,21.0,0.05,0.24,08/13,4,242,24.8,0.03,0,0,0.0,0.0,0,0,0.0,0.0,4,242,24.8,0.03
5244,弘凱,33.95,-0.05,-0.15,08/13,4,193,49.8,0.28,0,0,0.0,0.0,1,1,1.3,0.0,4,194,50.1,0.28
5452,佶優,27.0,-0.2,-0.74,08/13,4,362,22.8,0.24,0,0,0.0,0.0,-3,-12,-1.14,-0.01,2,210,30.6,0.14
5489,彩富,42.4,0.25,0.59,08/13,4,62,16.3,0.06,0,0,0.0,0.0,0,0,0.0,0.0,4,62,16.3,0.06
6133,金橋,23.0,0.75,3.37,08/13,4,759,26.8,0.65,0,0,0.0,0.0,1,1,0.1,0.0,4,760,26.9,0.65
6136,富爾特,25.4,0.0,0.0,08/13,4,158,17.2,0.14,0,0,0.0,0.0,0,0,0.0,0.0,4,160,17.4,0.14
6208,日揚,81.5,-0.1,-0.12,08/13,4,252,18.5,0.27,0,0,0.0,0.0,2,1,0.19,0.0,4,252,18.5,0.27
6220,岳豐,26.05,-0.2,-0.76,08/13,4,526,35.3,0.36,0,0,0.0,0.0,-1,0,-0.04,0.0,4,526,35.2,0.36
6244,茂迪,25.7,1.4,5.76,08/13,4,4417,41.8,1.14,0,0,0.0,0.0,1,114,1.94,0.03,4,4534,42.9,1.17
6246,臺龍,12.85,-0.5,-3.75,08/13,4,51,9.97,0.13,0,0,0.0,0.0,0,0,0.0,0.0,4,52,10.1,0.14
6261,久元,79.7,0.5,0.63,08/13,4,502,35.1,0.39,0,0,0.0,0.0,-1,-6,-1.24,0.0,4,493,34.4,0.38
6443,元晶,27.7,0.95,3.55,08/13,4,3643,22.5,0.71,0,0,0.0,0.0,1,73,1.14,0.01,4,3695,22.8,0.72
6526,達發,624.0,5.0,0.81,08/13,4,239,21.4,0.14,-1,-1,-0.32,0.0,3,12,1.54,0.01,7,659,15.9,0.39
6585,鼎基,120.0,2.0,1.69,08/13,4,622,37.4,0.86,0,0,0.0,0.0,-1,-1,-0.39,0.0,4,623,37.4,0.86
6606,建德工業,27.2,0.35,1.3,08/13,4,164,17.7,0.15,0,0,0.0,0.0,2,11,2.41,0.01,5,165,16.7,0.15
6642,富致,86.7,0.7,0.81,08/13,4,717,15.7,1.92,0,0,0.0,0.0,5,61,1.12,0.16,5,778,14.2,2.08
6664,群翊,358.5,-8.0,-2.18,08/13,4,242,19.5,0.4,0,0,0.0,0.0,4,35,2.84,0.06,4,277,22.3,0.45
6735,美達科技,65.7,0.2,0.31,08/13,4,179,30.4,0.39,0,0,0.0,0.0,-1,0,-0.11,0.0,4,179,30.4,0.39
6742,澤米,43.9,-0.4,-0.9,08/13,4,287,30.0,0.4,0,0,0.0,0.0,0,0,0.0,0.0,4,287,30.0,0.4
6785,昱展新藥,100.0,0.0,0.0,08/13,4,43,21.8,0.06,0,0,0.0,0.0,-3,-3,-2.57,0.0,4,42,21.3,0.06
6877,鏵友益,128.5,1.0,0.78,08/13,4,69,32.6,0.15,0,0,0.0,0.0,-3,-4,-3.64,-0.01,4,67,31.5,0.14
6937,天虹,293.5,2.0,0.69,08/13,4,1033,34.1,1.53,-2,-65,-4.93,-0.1,4,121,4.0,0.18,4,1089,35.9,1.61
6949,沛爾生醫-創,1020.0,10.0,0.99,08/13,4,111,13.6,0.17,0,0,0.0,0.0,2,5,1.72,0.01,4,93,11.5,0.14
7730,暉盛-創,175.0,7.0,4.17,08/13,4,92,25.8,0.25,0,0,0.0,0.0,-1,-1,-0.55,0.0,4,95,26.6,0.26
7805,威聯通,685.0,-13.0,-1.86,08/13,4,118,26.7,0.36,0,0,0.0,0.0,5,13,2.78,0.04,4,130,29.5,0.39
8040,九暘,74.2,-0.9,-1.2,08/13,4,149,9.58,0.15,0,0,0.0,0.0,-2,-2,-0.33,0.0,5,149,7.1,0.15
8054,安國,84.8,0.2,0.24,08/13,4,494,15.2,0.45,0,0,0.0,0.0,-3,-20,-0.77,-0.02,4,475,14.6,0.44
8081,致新,269.0,1.0,0.37,08/13,4,2088,35.6,2.42,-3,-52,-1.68,-0.06,-2,-7,-0.48,-0.01,4,2068,35.2,2.4
8104,錸寶,31.6,-0.55,-1.71,08/13,4,247,21.9,0.24,0,0,0.0,0.0,1,1,0.29,0.0,4,248,22.0,0.24
8110,華東,46.15,-0.65,-1.39,08/13,4,3051,12.6,0.59,0,0,0.0,0.0,-2,-27,-0.2,-0.01,4,3114,12.9,0.6
8163,達方,32.15,0.25,0.78,08/13,4,804,21.7,0.29,0,0,0.0,0.0,2,3,0.13,0.0,4,798,21.6,0.29
910322,康師傅-DR,26.55,2.2,9.03,08/13,4,301,83.5,1.41,0,0,0.0,0.0,0,0,0.0,0.0,4,301,83.5,1.41
00404A,主動聯博動能50,9.74,0.07,0.72,08/13,3,1317,6.03,0.37,0,0,0.0,0.0,4,9789,31.1,2.74,10,16637,23.7,4.65
00407A,主動凱基台灣,9.83,0.17,1.76,08/13,3,60055,24.8,2.01,0,0,0.0,0.0,9,260821,44.8,8.74,9,319090,54.8,10.7
0052,富邦科技,62.4,0.9,1.46,08/13,3,8669,17.2,0.32,-3,-1450,-2.87,-0.05,7,50016,33.2,1.87,4,41095,59.0,1.54
00636,國泰中國A50,28.72,0.25,0.88,08/13,3,123,8.41,0.13,0,0,0.0,0.0,1,218,67.4,0.23,1,275,85.1,0.29
00639,富邦深100,17.41,0.16,0.93,08/13,3,95,9.22,0.1,0,0,0.0,0.0,3,572,55.5,0.59,3,667,64.7,0.69
00730,富邦臺灣優質高息,29.51,0.26,0.89,08/13,3,47,11.7,0.07,0,0,0.0,0.0,-1,-3,-2.1,0.0,5,283,44.4,0.41
00877,復華中國5G,39.07,1.17,3.09,08/13,3,380,3.75,0.23,0,0,0.0,0.0,3,2266,22.4,1.4,3,2646,26.1,1.63
00887,永豐中國科技50大,17.5,0.29,1.69,08/13,3,3650,23.3,0.83,0,0,0.0,0.0,1,739,13.3,0.17,1,2368,42.7,0.54
00940,元大台灣價值高息,12.56,0.13,1.05,08/13,3,7798,18.1,0.15,0,0,0.0,0.0,49,384027,40.5,7.19,36,272098,45.3,5.09
1240,茂生農經,56.4,0.0,0.0,08/13,3,12,22.3,0.03,0,0,0.0,0.0,0,0,0.0,0.0,3,12,22.3,0.03
1342,八貫,104.0,1.0,0.97,08/13,3,58,11.1,0.07,0,0,0.0,0.0,0,0,0.0,0.0,3,54,10.3,0.07
1584,精剛,17.95,-0.05,-0.28,08/13,3,180,21.2,0.08,0,0,0.0,0.0,-2,0,-0.08,0.0,3,180,21.1,0.08
1609,大亞,37.75,0.05,0.13,08/13,3,5030,37.7,0.64,0,0,0.0,0.0,-1,-98,-2.18,-0.01,3,5039,37.7,0.64
1789,神隆,18.85,0.0,0.0,08/13,3,141,16.6,0.02,0,0,0.0,0.0,5,51,2.32,0.01,3,166,19.5,0.02
1815,富喬,89.9,-0.1,-0.11,08/13,3,3217,22.1,0.55,0,0,0.0,0.0,-5,-311,-0.33,-0.05,4,4482,7.02,0.77
2351,順德,173.0,1.0,0.58,08/13,3,528,9.77,0.29,0,0,0.0,0.0,-1,-18,-0.84,-0.01,3,500,9.26,0.27
2399,映泰,44.4,-0.7,-1.55,08/13,3,1328,6.41,0.75,0,0,0.0,0.0,-1,-1,-0.02,0.0,3,1469,7.1,0.82
2421,建準,149.5,-1.0,-0.66,08/13,3,1133,18.3,0.39,0,0,0.0,0.0,1,5,0.24,0.0,3,1063,17.1,0.37
2423,固緯,77.3,2.3,3.07,08/13,3,193,36.1,0.13,0,0,0.0,0.0,2,5,1.32,0.0,3,197,36.9,0.14
2455,全新,384.0,-0.5,-0.13,08/13,3,799,7.1,0.43,-1,-21,-0.56,-0.01,2,263,3.42,0.14,4,1436,8.76,0.78
2462,良得電,19.55,-0.15,-0.76,08/13,3,117,22.3,0.08,0,0,0.0,0.0,-3,-2,-0.3,0.0,3,115,22.0,0.08
2542,興富發,46.4,1.6,3.57,08/13,3,7120,24.7,0.33,8,4249,8.0,0.2,2,191,0.82,0.01,3,9544,33.2,0.44
2722,夏都,21.85,0.05,0.23,08/13,3,3,2.84,0.0,0,0,0.0,0.0,5,10,6.61,0.01,3,8,7.51,0.01
2883,凱基金,31.5,0.3,0.96,08/13,3,15067,17.7,0.08,6,30852,16.4,0.17,-4,-1563,-1.36,-0.01,5,35002,24.6,0.19
2892,第一金,33.15,0.0,0.0,08/13,3,48133,30.8,0.33,1,1420,5.06,0.01,1,316,1.13,0.0,3,34518,22.1,0.24
2926,誠品生活,30.35,-0.3,-0.98,08/13,3,12,21.1,0.03,0,0,0.0,0.0,0,0,0.0,0.0,3,12,21.1,0.03
3052,夆典,11.25,0.4,3.69,08/13,3,742,32.2,0.32,0,0,0.0,0.0,1,1,0.06,0.0,3,743,32.3,0.32
3135,凌航,169.0,3.5,2.11,08/13,3,574,9.7,0.61,0,0,0.0,0.0,1,14,0.77,0.01,3,528,8.93,0.56
3189,景碩,851.0,-7.0,-0.82,08/13,3,1586,14.4,0.3,-1,-1024,-22.5,-0.19,4,1505,10.3,0.29,-1,-244,-5.38,-0.05
3191,雲嘉南,18.55,-0.1,-0.54,08/13,3,7,5.75,0.02,0,0,0.0,0.0,0,0,0.0,0.0,3,7,5.75,0.02
3338,泰碩,64.6,0.5,0.78,08/13,3,198,20.7,0.22,0,0,0.0,0.0,0,0,0.0,0.0,3,198,20.7,0.23
3528,安馳,90.0,0.7,0.78,08/13,3,117,8.38,0.18,0,0,0.0,0.0,3,26,1.89,0.04,3,143,10.3,0.21
3587,閎康,250.0,-3.0,-1.19,08/13,3,131,8.25,0.18,0,0,0.0,0.0,-5,-81,-2.45,-0.11,3,118,7.48,0.17
3605,宏致,132.0,12.0,10.0,08/13,3,4022,10.6,2.3,0,0,0.0,0.0,-1,-47,-0.34,-0.03,3,4128,10.9,2.36
3622,洋華,55.2,0.1,0.18,08/13,3,150,29.3,0.1,0,0,0.0,0.0,1,1,0.62,0.0,3,150,29.5,0.1
3661,世芯-KY,4190.0,135.0,3.33,08/13,3,1677,17.6,1.95,-3,-615,-6.43,-0.71,11,275,0.95,0.32,3,1151,12.0,1.34
3679,新至陞,109.5,0.5,0.46,08/13,3,34,23.3,0.05,-1,0,-1.78,0.0,0,0,0.0,0.0,3,32,21.6,0.05
3684,榮昌,54.0,0.5,0.93,08/13,3,9,8.84,0.03,0,0,0.0,0.0,1,0,0.51,0.0,3,8,8.23,0.03
3705,永信,54.4,0.4,0.74,08/13,3,48,7.93,0.02,0,0,0.0,0.0,3,13,2.13,0.0,3,61,10.1,0.02
3710,連展投控,5.24,0.16,3.15,08/13,3,291,29.5,0.1,0,0,0.0,0.0,0,0,0.0,0.0,3,291,29.5,0.1
4142,國光生,17.3,0.05,0.29,08/13,3,490,16.7,0.11,0,0,0.0,0.0,2,8,0.38,0.0,3,458,15.6,0.11
4577,達航科技,77.1,1.0,1.31,08/13,3,72,7.89,0.15,0,0,0.0,0.0,1,3,0.97,0.01,3,74,8.19,0.15
4590,富田-創,90.6,-0.6,-0.66,08/13,3,879,28.8,1.6,0,0,0.0,0.0,2,2,0.14,0.0,3,881,28.8,1.61
4743,合一,47.95,1.1,2.35,08/13,3,1550,31.4,0.32,0,0,0.0,0.0,-2,-11,-0.38,0.0,3,1546,31.3,0.32
4971,IET-KY,494.0,-6.0,-1.2,08/13,3,171,7.57,0.36,0,0,0.0,0.0,4,17,0.34,0.04,3,180,7.97,0.38
5283,禾聯碩,56.6,2.5,4.62,08/13,3,232,55.0,0.26,0,0,0.0,0.0,1,1,0.33,0.0,3,233,55.2,0.27
5291,邑昇,55.9,-1.0,-1.76,08/13,3,111,8.33,0.27,0,0,0.0,0.0,2,6,0.64,0.01,3,116,8.7,0.28
5548,安倉,20.5,0.25,1.23,08/13,3,32,19.0,0.05,0,0,0.0,0.0,1,0,0.43,0.0,3,32,19.1,0.05
5607,遠雄港,52.2,0.6,1.16,08/13,3,1001,37.0,0.27,0,0,0.0,0.0,1,22,1.85,0.01,3,1016,37.5,0.27
5903,全家,185.5,0.0,0.0,08/13,3,6,9.17,0.0,0,0,0.0,0.0,1,10,31.0,0.0,3,17,25.7,0.01
6125,廣運,50.1,-0.1,-0.2,08/13,3,285,20.4,0.11,0,0,0.0,0.0,-1,0,-0.03,0.0,3,285,20.4,0.11
6153,嘉聯益,17.25,0.05,0.29,08/13,3,1557,16.0,0.24,0,0,0.0,0.0,3,416,4.28,0.07,3,1972,20.3,0.31
6217,中探針,168.5,14.5,9.42,08/13,3,359,14.0,0.31,0,0,0.0,0.0,1,5,0.53,0.0,3,365,14.2,0.31
6231,系微,226.5,6.0,2.72,08/13,3,150,21.1,0.33,0,0,0.0,0.0,-6,-7,-0.38,-0.02,3,147,20.8,0.32
6415,矽力*-KY,465.0,16.0,3.56,08/13,3,1795,15.3,0.46,-14,-6247,-9.81,-1.61,1,47,1.55,0.01,1,1135,37.2,0.29
6426,統新,216.0,-6.0,-2.7,08/13,3,312,9.79,0.81,0,0,0.0,0.0,1,2,0.33,0.01,5,596,6.12,1.55
6488,環球晶,1025.0,92.0,9.86,08/13,3,2375,7.95,0.5,-3,-1974,-6.61,-0.41,3,180,0.6,0.04,2,1313,6.24,0.27
6515,穎崴,6745.0,-425.0,-5.93,08/13,3,100,8.73,0.28,-3,-55,-4.84,-0.15,1,7,0.85,0.02,2,52,5.41,0.14
6542,隆中,46.35,-0.05,-0.11,08/13,3,3,25.0,0.01,0,0,0.0,0.0,0,0,0.0,0.0,3,3,25.0,0.01
6570,維田,57.3,0.0,0.0,08/13,3,101,12.2,0.27,0,0,0.0,0.0,-1,-1,-0.41,0.0,3,113,13.7,0.3
6591,動力-KY,45.9,1.6,3.61,08/13,3,103,20.7,0.25,0,0,0.0,0.0,-1,-1,-0.31,0.0,3,102,20.4,0.25
6609,瀧澤科,39.55,-0.05,-0.13,08/13,3,153,33.4,0.21,0,0,0.0,0.0,0,0,0.0,0.0,3,154,33.6,0.21
6651,全宇昕,142.0,4.0,2.9,08/13,3,155,16.3,0.45,0,0,0.0,0.0,5,49,2.93,0.14,3,195,20.5,0.56
6657,華安,31.55,0.75,2.44,08/13,3,94,33.6,0.11,0,0,0.0,0.0,0,0,0.0,0.0,3,94,33.6,0.11
6669,緯穎,6070.0,45.0,0.75,08/13,3,311,7.43,0.17,-4,-711,-12.2,-0.38,1,22,1.67,0.01,1,16,1.23,0.01
6716,應廣,117.5,8.5,7.8,08/13,3,776,17.2,2.56,0,0,0.0,0.0,2,4,0.17,0.01,4,773,15.9,2.56
6732,昇佳電子,156.5,0.0,0.0,08/13,3,54,15.0,0.11,0,0,0.0,0.0,2,1,0.29,0.0,3,54,14.8,0.11
6739,竹陞科技,1045.0,15.0,1.46,08/13,3,55,9.92,0.24,-2,-32,-9.45,-0.14,4,3,0.36,0.01,3,25,4.53,0.11
6770,力積電,74.9,1.2,1.63,08/13,3,175147,17.3,3.72,1,87,0.02,0.0,4,8927,0.72,0.19,3,183616,18.2,3.9
6875,國邑*,32.25,0.1,0.31,08/13,3,34,10.8,0.03,0,0,0.0,0.0,-1,0,-0.01,0.0,3,34,10.9,0.03
6899,創為精密,50.6,-0.2,-0.39,08/13,3,8,15.8,0.02,0,0,0.0,0.0,0,0,0.0,0.0,5,9,11.3,0.02
6901,鑽石投資,17.35,0.45,2.66,08/13,3,2991,24.9,0.35,0,0,0.0,0.0,3,23,0.19,0.0,3,3014,25.1,0.35
6922,宸曜,206.5,2.5,1.23,08/13,3,430,22.9,1.58,0,0,0.0,0.0,1,16,4.86,0.06,4,451,20.1,1.66
6933,AMAX-KY,197.5,3.5,1.8,08/13,3,620,17.2,1.46,0,0,0.0,0.0,2,17,0.81,0.04,5,658,14.8,1.55
6934,心誠鎂,72.4,0.4,0.56,08/13,3,26,32.3,0.07,0,0,0.0,0.0,0,0,0.0,0.0,3,26,32.3,0.07
7715,裕山,32.0,-1.3,-3.9,08/13,3,71,21.1,0.22,0,0,0.0,0.0,0,0,0.0,0.0,3,70,20.9,0.21
7828,創新服務,1875.0,115.0,6.53,08/13,3,117,13.3,0.29,0,0,0.0,0.0,-2,-3,-0.47,-0.01,3,114,12.9,0.28
8105,凌巨,16.75,-0.4,-2.33,08/13,3,1260,18.9,0.29,0,0,0.0,0.0,1,5,0.26,0.0,3,1262,18.9,0.29
8255,朋程,152.0,4.0,2.7,08/13,3,208,11.5,0.2,0,0,0.0,0.0,2,55,3.7,0.05,3,255,14.1,0.25
8277,商丞,8.11,-0.01,-0.12,08/13,3,43,17.0,0.05,0,0,0.0,0.0,0,0,0.0,0.0,3,43,17.0,0.05
9933,中鼎,42.2,0.2,0.48,08/13,3,6224,40.6,0.66,-3,-13,-0.09,0.0,-9,-723,-2.69,-0.08,3,5826,38.0,0.62
00402A,主動安聯美國科技,9.9,0.11,1.12,08/13,2,2848,21.1,0.4,0,0,0.0,0.0,8,34091,59.8,4.77,8,38531,67.6,5.39
00405A,主動富邦台灣龍耀,8.62,0.2,2.38,08/13,2,15855,9.82,0.44,0,0,0.0,0.0,4,91077,34.3,2.51,4,102812,38.7,2.83
00410A,主動永豐科技趨勢,11.31,0.22,1.98,08/13,2,1508,9.57,1.07,0,0,0.0,0.0,-1,-649,-12.2,-0.46,-1,-270,-5.09,-0.19
00632R,元大台灣50反1,9.95,-0.11,-1.09,08/13,2,1216,0.42,0.05,0,0,0.0,0.0,-10,-694508,-32.2,-26.2,-5,-247067,-36.5,-9.33
00651R,復華香港反1,5.18,-0.03,-0.58,08/13,2,8,1.48,0.02,0,0,0.0,0.0,3,464,59.8,1.44,2,463,85.6,1.44
00653L,富邦印度正2,47.71,-0.02,-0.04,08/13,2,22,7.41,0.16,0,0,0.0,0.0,7,322,45.9,2.4,10,1270,62.6,9.48
00661,元大日經225,88.8,1.3,1.49,08/13,2,7,4.96,0.03,0,0,0.0,0.0,3,98,52.5,0.42,3,100,53.6,0.43
00678,群益那斯達克生技,42.4,0.18,0.43,08/13,2,9,1.86,0.11,0,0,0.0,0.0,1,37,15.3,0.44,1,38,15.7,0.45
00679B,元大美債20年,26.35,-0.04,-0.15,08/13,2,953,4.51,0.02,0,0,0.0,0.0,-1,-5399,-39.6,-0.09,-1,-5076,-37.2,-0.08
00687B,國泰20年美債,27.43,-0.03,-0.11,08/13,2,1080,6.46,0.03,0,0,0.0,0.0,-1,-1756,-20.4,-0.04,-1,-1211,-14.0,-0.03
00696B,富邦美債20年,28.39,-0.03,-0.11,08/13,2,653,13.0,0.11,0,0,0.0,0.0,-2,-737,-14.7,-0.12,-1,-87,-4.14,-0.01
00706L,期元大S&P日圓正2,19.0,0.01,0.05,08/13,2,8,0.64,0.01,0,0,0.0,0.0,1,651,71.6,0.49,1,656,72.1,0.49
00720B,元大投資級公司債,32.2,0.0,0.0,08/13,2,112,1.33,0.0,0,0,0.0,0.0,-1,-560,-14.9,-0.01,-1,-501,-13.3,-0.01
00761B,國泰A級公司債,33.88,0.0,0.0,08/13,2,58,16.7,0.0,0,0,0.0,0.0,-3,-227,-32.7,-0.01,-9,-507,-19.3,-0.02
00762,元大全球AI,114.65,1.9,1.69,08/13,2,176,51.0,0.36,0,0,0.0,0.0,1,8,4.92,0.02,5,173,27.4,0.36
00795B,中信美國公債20年,26.52,-0.02,-0.08,08/13,2,488,9.19,0.03,0,0,0.0,0.0,-6,-8294,-27.7,-0.55,-3,-2643,-24.4,-0.17
00830,國泰費城半導體,88.95,2.1,2.42,08/13,2,3908,39.8,0.48,1,100,1.45,0.01,-3,-2237,-16.0,-0.27,2,2997,30.5,0.37
00850,元大臺灣ESG永續,91.85,1.35,1.49,08/13,2,166,13.0,0.04,0,0,0.0,0.0,5,1106,38.1,0.27,5,991,34.1,0.24
00878,國泰永續高股息,33.78,0.26,0.78,08/13,2,1296,1.4,0.01,0,0,0.0,0.0,-9,-171280,-37.7,-0.92,-9,-218885,-48.2,-1.18
00885,富邦越南,18.48,0.01,0.05,08/13,2,241,7.62,0.04,0,0,0.0,0.0,15,14128,35.2,2.32,13,16944,47.9,2.78
00888,永豐台灣ESG,33.32,0.71,2.18,08/13,2,1059,5.57,0.15,0,0,0.0,0.0,4,14739,46.5,2.14,4,17444,55.1,2.54
00892,富邦台灣半導體,41.52,0.53,1.29,08/13,2,569,5.93,0.17,0,0,0.0,0.0,7,5651,18.3,1.72,7,5807,18.8,1.77
00896,中信綠能及電動車,28.1,0.29,1.04,08/13,2,660,12.6,0.17,0,0,0.0,0.0,4,4427,45.5,1.13,4,5797,59.6,1.48
00902,中信電池及儲能,13.82,0.14,1.02,08/13,2,907,47.5,0.4,0,0,0.0,0.0,2,266,13.9,0.12,2,1173,61.5,0.52
00904,台新臺灣半導體30,41.05,0.72,1.79,08/13,2,668,34.8,0.41,0,0,0.0,0.0,7,1916,29.9,1.17,5,1918,44.1,1.18
00905,FT臺灣Smart,26.44,0.36,1.38,08/13,2,373,17.9,0.1,0,0,0.0,0.0,7,2001,29.9,0.55,4,1707,48.7,0.47
00912,中信臺灣智慧50,34.63,0.54,1.58,08/13,2,231,18.6,0.38,0,0,0.0,0.0,7,1466,44.0,2.39,7,1807,54.3,2.95
00921,兆豐龍頭等權重,23.91,0.08,0.34,08/13,2,80,50.3,0.14,0,0,0.0,0.0,5,558,60.5,1.01,12,921,36.7,1.67
00922,國泰台灣領袖50,41.26,0.67,1.65,08/13,2,1091,9.16,0.05,0,0,0.0,0.0,7,12077,27.7,0.56,4,10629,43.6,0.49
00927,群益半導體收益,37.34,0.65,1.77,08/13,2,2828,12.6,0.21,0,0,0.0,0.0,4,6380,14.3,0.47,2,5651,25.2,0.42
00932,兆豐永續高息等權,17.87,0.06,0.34,08/13,2,18,2.21,0.02,0,0,0.0,0.0,11,3699,80.4,3.21,23,4471,47.5,3.88
00933B,國泰10Y+金融債,15.9,-0.01,-0.06,08/13,2,262,1.67,0.0,0,0,0.0,0.0,-5,-25585,-60.3,-0.4,-5,-27744,-65.4,-0.43
00939,統一台灣高息動能,22.39,0.14,0.63,08/13,2,537,12.2,0.05,0,0,0.0,0.0,2,1198,27.3,0.1,2,1735,39.5,0.15
00941,中信上游半導體,27.01,0.14,0.52,08/13,2,2239,32.4,0.49,0,0,0.0,0.0,1,2718,46.3,0.59,1,4942,84.2,1.07
00942B,台新美A公司債20+,13.96,-0.02,-0.14,08/13,2,8,0.85,0.0,0,0,0.0,0.0,2,172,18.3,0.01,2,180,19.1,0.01
00957B,兆豐US優選投等債,13.18,-0.01,-0.08,08/13,2,6,0.77,0.0,0,0,0.0,0.0,-3,-161,-14.1,-0.08,-3,-336,-29.5,-0.18
009802,富邦旗艦50,19.72,0.43,2.23,08/13,2,1804,27.7,0.34,0,0,0.0,0.0,8,8535,34.2,1.61,12,12175,22.5,2.29
009808,華南永昌優選50,31.39,0.41,1.32,08/13,2,155,32.5,0.39,0,0,0.0,0.0,4,616,38.8,1.54,4,549,34.6,1.37
009816,凱基台灣TOP50,15.52,0.26,1.7,08/13,2,34575,16.8,0.29,0,0,0.0,0.0,4,97793,26.1,0.81,4,128755,34.3,1.06
00981T,平衡凱基雙核收息,12.04,0.07,0.58,08/13,2,26,0.43,0.01,0,0,0.0,0.0,-6,-7937,-42.2,-3.48,-6,-7936,-42.2,-3.48
00982A,主動群益台灣強棒,23.18,0.36,1.58,08/13,2,7683,15.6,0.34,0,0,0.0,0.0,2,2435,4.95,0.11,2,10118,20.6,0.45
00984A,主動安聯台灣高息,15.4,0.09,0.59,08/13,2,1868,19.3,0.29,0,0,0.0,0.0,-1,-106,-2.31,-0.02,4,5288,30.0,0.81
00985B,群益ESG投等債0-5,10.33,-0.01,-0.1,08/13,2,115,1.8,0.02,0,0,0.0,0.0,-9,-11820,-33.5,-1.96,-10,-13880,-35.0,-2.3
00986A,主動台新龍頭成長,15.07,0.22,1.48,08/13,2,338,36.0,0.82,0,0,0.0,0.0,2,191,20.3,0.46,2,529,56.3,1.28
00989A,主動摩根美國科技,17.63,0.16,0.92,08/13,2,18,2.58,0.03,0,0,0.0,0.0,4,742,39.6,1.04,5,945,16.5,1.33
00991A,主動復華未來50,18.19,0.4,2.25,08/13,2,30406,17.8,0.6,0,0,0.0,0.0,5,55556,11.7,1.1,2,72934,42.8,1.44
00993A,主動安聯台灣,13.6,0.2,1.49,08/13,2,4184,26.3,0.55,0,0,0.0,0.0,8,15216,30.2,2.02,13,36280,28.1,4.81
00994A,主動第一金台股優,17.36,0.28,1.64,08/13,2,442,6.27,0.15,0,0,0.0,0.0,4,5524,44.8,1.82,4,6039,48.9,1.99
00998A,主動復華金融股息,18.19,0.21,1.17,08/13,2,2584,36.8,1.2,0,0,0.0,0.0,-2,-2861,-40.7,-1.33,1,692,15.6,0.32
00999A,主動野村臺灣高息,11.3,0.11,0.98,08/13,2,4730,11.4,0.42,0,0,0.0,0.0,8,80052,53.2,7.12,11,118875,56.9,10.6
1108,幸福,11.75,0.05,0.43,08/13,2,51,4.83,0.01,0,0,0.0,0.0,-3,-29,-1.51,-0.01,1,31,8.86,0.01
1235,興泰,35.85,0.3,0.84,08/13,2,4,16.2,0.0,0,0,0.0,0.0,1,2,12.9,0.0,2,6,24.3,0.0
1301,台塑,57.5,1.3,2.31,08/13,2,9185,19.2,0.14,-1,-4,-0.01,0.0,2,1027,2.15,0.02,2,10207,21.3,0.16
1309,台達化,13.0,-0.15,-1.14,08/13,2,1161,38.7,0.29,0,0,0.0,0.0,1,2,0.15,0.0,2,1128,37.6,0.28
1310,台苯,8.14,0.05,0.62,08/13,2,1019,17.6,0.19,0,0,0.0,0.0,1,8,0.22,0.0,2,1000,17.3,0.19
1313,聯成,11.95,0.55,4.82,08/13,2,1676,26.9,0.13,0,0,0.0,0.0,1,12,0.25,0.0,2,1679,27.0,0.13
1321,大洋,32.35,0.05,0.15,08/13,2,134,38.0,0.06,0,0,0.0,0.0,-1,-3,-1.45,0.0,2,137,38.9,0.06
1323,永裕,21.7,0.1,0.46,08/13,2,14,5.29,0.02,0,0,0.0,0.0,0,0,0.0,0.0,2,14,5.29,0.02
1326,台化,59.5,-0.1,-0.17,08/13,2,7804,18.8,0.13,0,0,0.0,0.0,5,1175,1.11,0.02,2,8501,20.5,0.15
1340,勝悅-KY,5.19,-0.01,-0.19,08/13,2,64,22.9,0.04,0,0,0.0,0.0,0,0,0.0,0.0,2,53,19.0,0.03
1410,南染,26.0,-0.05,-0.19,08/13,2,6,9.53,0.01,0,0,0.0,0.0,-1,-1,-4.62,0.0,2,6,9.53,0.01
1416,廣豐,11.75,0.35,3.07,08/13,2,500,8.37,0.27,0,0,0.0,0.0,-2,-4,-0.07,0.0,2,496,8.3,0.27
1419,新紡,64.9,-0.4,-0.61,08/13,2,9,12.1,0.0,0,0,0.0,0.0,1,2,5.06,0.0,2,11,14.8,0.0
1435,中福,25.5,1.8,7.59,08/13,2,49,50.8,0.04,0,0,0.0,0.0,0,0,0.0,0.0,2,49,50.8,0.04
1442,名軒,29.85,0.2,0.67,08/13,2,52,19.3,0.01,0,0,0.0,0.0,2,3,1.11,0.0,2,55,20.5,0.02
1444,力麗,7.22,-0.03,-0.41,08/13,2,645,24.1,0.06,0,0,0.0,0.0,1,3,0.29,0.0,2,633,23.6,0.06
1452,宏益,11.55,0.2,1.76,08/13,2,43,17.8,0.03,0,0,0.0,0.0,-1,-3,-1.76,0.0,2,45,18.6,0.03
1456,怡華,13.55,-0.25,-1.81,08/13,2,9,7.91,0.01,0,0,0.0,0.0,3,8,4.6,0.01,2,16,14.1,0.02
1457,宜進,14.55,0.15,1.04,08/13,2,55,14.0,0.02,0,0,0.0,0.0,1,1,0.84,0.0,2,43,10.9,0.01
1470,大統新創,24.0,0.55,2.35,08/13,2,7,14.2,0.01,0,0,0.0,0.0,0,0,0.0,0.0,2,7,14.2,0.01
1472,三洋實業,89.0,-0.5,-0.56,08/13,2,12,21.3,0.02,0,0,0.0,0.0,0,0,0.0,0.0,2,12,21.3,0.02
1474,弘裕,10.1,0.0,0.0,08/13,2,6,7.07,0.0,0,0,0.0,0.0,0,0,0.0,0.0,2,5,5.89,0.0
1515,力山,30.5,-0.75,-2.4,08/13,2,198,11.3,0.11,0,0,0.0,0.0,-4,-56,-0.91,-0.03,2,157,8.98,0.09
1525,江申,67.4,0.1,0.15,08/13,2,27,61.0,0.04,0,0,0.0,0.0,-1,-1,-2.43,0.0,2,26,58.7,0.04
1533,車王電,32.05,-0.05,-0.16,08/13,2,64,18.6,0.06,0,0,0.0,0.0,0,0,0.0,0.0,2,57,16.6,0.06
1536,和大,51.1,-0.9,-1.73,08/13,2,1299,38.6,0.47,0,0,0.0,0.0,-1,-7,-0.53,0.0,2,1342,39.9,0.48
1586,和勤,18.75,0.4,2.18,08/13,2,246,13.9,0.19,0,0,0.0,0.0,-1,0,-0.03,0.0,2,246,13.8,0.19
1617,榮星,18.6,-0.4,-2.11,08/13,2,412,26.9,0.24,0,0,0.0,0.0,-1,-8,-0.83,0.0,2,409,26.7,0.24
1623,大東電,214.0,1.0,0.47,08/13,2,24,14.4,0.04,0,0,0.0,0.0,-1,-1,-1.52,0.0,2,24,14.6,0.04
1711,永光,39.7,0.45,1.15,08/13,2,1438,9.6,0.26,0,0,0.0,0.0,4,223,0.73,0.04,2,1570,10.5,0.29
1721,三晃,19.95,-0.25,-1.24,08/13,2,423,27.5,0.23,0,0,0.0,0.0,0,0,0.0,0.0,2,423,27.5,0.23
1727,中華化,76.4,-2.9,-3.66,08/13,2,849,14.5,0.66,0,0,0.0,0.0,5,31,0.27,0.02,2,868,14.8,0.68
1805,寶徠,9.96,-0.09,-0.9,08/13,2,27,21.0,0.02,0,0,0.0,0.0,1,1,1.77,0.0,2,26,20.2,0.02
1808,潤隆,33.1,0.35,1.07,08/13,2,989,53.5,0.11,0,0,0.0,0.0,1,24,2.42,0.0,2,990,53.5,0.11
2027,大成鋼,50.4,3.55,7.58,08/13,2,42469,61.7,1.64,-1,-8628,-14.7,-0.33,-1,-644,-1.1,-0.02,2,33219,48.3,1.29
2049,上銀,381.0,12.0,3.25,08/13,2,3619,21.8,1.02,-2,-805,-4.84,-0.23,2,313,1.89,0.09,2,3128,18.8,0.88
2115,六暉-KY,23.0,-0.05,-0.22,08/13,2,10,4.88,0.01,0,0,0.0,0.0,1,1,1.18,0.0,2,11,5.37,0.01
2221,大甲,53.7,3.5,6.97,08/13,2,312,26.0,0.74,0,0,0.0,0.0,-1,-9,-1.2,-0.02,2,303,25.3,0.72
2228,劍麟,75.2,-0.1,-0.13,08/13,2,28,13.6,0.04,0,0,0.0,0.0,-1,-2,-1.99,0.0,2,26,12.5,0.03
2301,光寶科,269.5,10.0,3.85,08/13,2,12234,16.3,0.53,2,1608,2.14,0.07,1,425,1.12,0.02,2,14198,18.9,0.61
2305,全友,30.55,2.75,9.89,08/13,2,2488,18.5,1.21,0,0,0.0,0.0,1,6,0.06,0.0,2,2451,18.2,1.19
2323,中環,10.3,0.0,0.0,08/13,2,1873,18.2,0.17,0,0,0.0,0.0,1,33,0.44,0.0,2,1864,18.1,0.17
2324,仁寶,39.3,-0.6,-1.5,08/13,2,63637,16.6,1.44,-1,-43,-0.02,0.0,3,7281,1.78,0.17,2,70925,18.5,1.61
2328,廣宇,46.3,-0.2,-0.43,08/13,2,1694,42.4,0.33,0,0,0.0,0.0,-1,-76,-3.25,-0.01,2,1707,42.7,0.33
2331,精英,19.1,-0.2,-1.04,08/13,2,125,4.47,0.02,0,0,0.0,0.0,2,77,2.73,0.01,2,202,7.19,0.04
2340,台亞,31.4,-0.35,-1.1,08/13,2,1075,24.7,0.25,0,0,0.0,0.0,2,62,1.42,0.01,2,1137,26.1,0.26
2342,茂矽,39.25,0.85,2.21,08/13,2,508,7.42,0.32,0,0,0.0,0.0,4,4,0.04,0.0,2,511,7.46,0.32
2349,錸德,11.1,0.0,0.0,08/13,2,465,18.3,0.07,0,0,0.0,0.0,1,2,0.15,0.0,2,467,18.3,0.07
2356,英業達,68.8,-0.2,-0.29,08/13,2,32607,21.4,0.91,2,1196,0.79,0.03,2,1582,1.04,0.04,2,35386,23.2,0.99
2359,所羅門,157.0,14.0,9.79,08/13,2,3795,21.2,2.21,0,0,0.0,0.0,2,167,0.93,0.1,2,3962,22.1,2.31
2364,倫飛,81.3,2.8,3.57,08/13,2,744,38.5,1.42,0,0,0.0,0.0,0,0,0.0,0.0,2,744,38.5,1.42
2365,昆盈,31.25,0.05,0.16,08/13,2,435,23.1,0.2,0,0,0.0,0.0,1,9,0.77,0.0,2,444,23.5,0.2
2371,大同,26.25,-0.1,-0.38,08/13,2,5365,37.9,0.25,-3,-35,-0.12,0.0,1,31,0.66,0.0,2,5243,37.0,0.24
2374,佳能,70.9,-0.6,-0.84,08/13,2,361,8.4,0.11,0,0,0.0,0.0,-3,-30,-0.37,-0.01,2,333,7.75,0.1
2413,環科,45.4,-0.35,-0.77,08/13,2,378,15.4,0.3,0,0,0.0,0.0,1,1,0.1,0.0,2,366,14.9,0.29
2419,仲琦,24.9,-0.05,-0.2,08/13,2,247,30.6,0.08,0,0,0.0,0.0,-1,-1,-0.22,0.0,2,249,30.9,0.08
2451,創見,302.0,7.5,2.55,08/13,2,5531,39.7,1.28,-1,-1,-0.01,0.0,2,81,0.58,0.02,2,5611,40.2,1.3
2461,光群雷,17.85,-0.15,-0.83,08/13,2,912,22.2,0.52,0,0,0.0,0.0,1,1,0.1,0.0,2,912,22.2,0.52
2465,麗臺,105.0,9.5,9.95,08/13,2,3297,15.2,3.51,0,0,0.0,0.0,5,110,0.3,0.12,2,3382,15.6,3.6
2467,志聖,548.0,-4.0,-0.72,08/13,2,479,14.9,0.31,0,0,0.0,0.0,-1,-24,-1.6,-0.02,2,481,14.9,0.31
2468,華經,35.0,0.25,0.72,08/13,2,134,40.9,0.19,0,0,0.0,0.0,-2,-1,-0.33,0.0,2,133,40.6,0.19
2480,敦陽科,161.0,7.0,4.55,08/13,2,568,64.5,0.53,-1,-1,-0.13,0.0,2,11,1.2,0.01,2,577,65.6,0.54
2483,百容,40.05,3.6,9.88,08/13,2,639,17.6,0.59,0,0,0.0,0.0,1,5,0.21,0.0,2,604,16.6,0.56
2484,希華,75.9,2.0,2.71,08/13,2,3311,8.5,2.08,0,0,0.0,0.0,4,61,0.07,0.04,2,3348,8.59,2.1
2485,兆赫,43.65,-0.35,-0.8,08/13,2,1027,12.8,0.32,0,0,0.0,0.0,4,276,1.25,0.09,2,1117,13.9,0.35
2495,普安,39.7,-0.25,-0.63,08/13,2,813,26.3,0.3,0,0,0.0,0.0,-3,-37,-0.96,-0.01,2,777,25.1,0.28
2505,國揚,17.95,-0.2,-1.1,08/13,2,112,28.0,0.03,0,0,0.0,0.0,1,5,2.48,0.0,2,111,27.8,0.03
2509,全坤建,13.7,0.15,1.11,08/13,2,13,11.3,0.01,0,0,0.0,0.0,4,39,7.0,0.02,2,15,13.0,0.01
2516,新建,14.05,0.1,0.72,08/13,2,118,26.7,0.05,0,0,0.0,0.0,0,0,0.0,0.0,2,116,26.2,0.05
2520,冠德,35.3,0.05,0.14,08/13,2,1908,63.7,0.31,0,0,0.0,0.0,5,112,1.25,0.02,2,1961,65.5,0.32
2524,京城,35.3,0.65,1.88,08/13,2,98,50.0,0.03,0,0,0.0,0.0,1,2,1.58,0.0,3,97,37.1,0.03
2536,宏普,21.45,0.2,0.94,08/13,2,817,18.9,0.25,0,0,0.0,0.0,-1,-3,-0.12,0.0,2,824,19.1,0.25
2546,根基,104.0,4.4,4.42,08/13,2,326,28.4,0.25,0,0,0.0,0.0,-1,-9,-1.37,-0.01,2,317,27.6,0.24
2601,益航,6.18,0.02,0.32,08/13,2,812,23.8,0.1,0,0,0.0,0.0,1,3,0.28,0.0,2,815,23.9,0.1
2616,山隆,13.5,0.1,0.75,08/13,2,48,20.1,0.03,0,0,0.0,0.0,1,1,0.59,0.0,2,49,20.4,0.04
2642,宅配通,20.35,-0.05,-0.25,08/13,2,9,11.7,0.01,0,0,0.0,0.0,1,1,2.45,0.0,2,10,13.0,0.01
2643,捷迅,61.5,-1.2,-1.91,08/13,2,8,7.04,0.02,0,0,0.0,0.0,0,0,0.0,0.0,2,8,7.04,0.02
2718,全心投控,48.6,3.05,6.7,08/13,2,35,16.3,0.04,-1,0,-0.24,0.0,1,0,0.12,0.0,2,35,16.2,0.04
2719,燦星旅,21.0,-0.2,-0.94,08/13,2,2,11.6,0.0,0,0,0.0,0.0,1,1,6.34,0.0,2,3,16.5,0.0
2729,瓦城,161.0,0.0,0.0,08/13,2,2,8.01,0.0,0,0,0.0,0.0,0,0,0.0,0.0,2,2,7.72,0.0
2736,富野,11.45,-0.05,-0.43,08/13,2,33,32.7,0.04,0,0,0.0,0.0,1,0,0.1,0.0,2,33,32.7,0.04
2756,聯發國際,56.5,0.0,0.0,08/13,2,3,9.17,0.01,0,0,0.0,0.0,-1,0,-1.55,0.0,2,3,10.2,0.01
2762,世界健身-KY,83.5,-0.1,-0.12,08/13,2,28,21.4,0.02,0,0,0.0,0.0,-1,-1,-1.21,0.0,2,27,20.7,0.02
2851,中再保,37.85,1.15,3.13,08/13,2,1298,35.4,0.16,0,0,0.0,0.0,2,96,2.62,0.01,2,1394,38.0,0.17
2852,第一保,26.95,0.05,0.19,08/13,2,114,31.8,0.04,0,0,0.0,0.0,3,39,6.41,0.01,2,140,39.1,0.05
2867,三商壽,9.62,0.19,2.01,08/13,2,6515,26.0,0.11,0,0,0.0,0.0,1,118,0.94,0.0,2,6633,26.5,0.11
2885,元大金,69.7,1.1,1.6,08/13,2,4193,13.4,0.03,1,2322,12.2,0.02,-9,-2349,-1.25,-0.02,2,5744,18.4,0.04
2887,台新新光金,36.2,0.55,1.54,08/13,2,21419,23.1,0.09,5,28382,13.8,0.11,-4,-2077,-1.19,-0.01,5,62704,30.5,0.25
2887H,台新新光庚特二,42.05,0.2,0.48,08/13,2,54,27.0,0.02,0,0,0.0,0.0,0,0,0.0,0.0,2,54,27.0,0.02
2911,麗嬰房,7.1,0.1,1.43,08/13,2,97,37.7,0.09,0,0,0.0,0.0,1,1,0.61,0.0,2,93,36.1,0.09
2923,鼎固-KY,27.3,0.05,0.18,08/13,2,101,32.5,0.01,0,0,0.0,0.0,1,25,19.3,0.0,2,101,32.5,0.01
2937,集雅社,47.8,1.8,3.91,08/13,2,3,7.21,0.01,0,0,0.0,0.0,-2,-15,-36.1,-0.03,-5,-18,-25.9,-0.04
3002,歐格,17.0,-0.2,-1.16,08/13,2,29,17.1,0.03,0,0,0.0,0.0,1,0,0.02,0.0,2,29,17.1,0.03
3004,豐達科,128.0,2.0,1.59,08/13,2,62,8.56,0.1,-1,-14,-2.59,-0.02,1,8,1.51,0.01,2,55,7.61,0.09
3005,神基,114.5,0.0,0.0,08/13,2,1066,18.9,0.17,-1,-16,-0.46,0.0,-9,-524,-2.12,-0.08,2,991,17.6,0.16
3017,奇鋐,3200.0,290.0,9.97,08/13,2,1999,13.5,0.51,1,336,3.18,0.09,4,403,1.9,0.1,3,2621,14.6,0.67
3018,隆銘綠能,13.65,1.2,9.64,08/13,2,30,15.9,0.04,0,0,0.0,0.0,1,7,7.2,0.01,2,37,19.6,0.05
3031,佰鴻,23.2,-0.1,-0.43,08/13,2,161,21.5,0.09,0,0,0.0,0.0,5,8,0.39,0.0,2,163,21.8,0.09
3035,智原,177.0,-2.0,-1.12,08/13,2,1341,20.7,0.51,0,0,0.0,0.0,2,48,0.75,0.02,2,1390,21.5,0.53
3038,全台,20.5,0.0,0.0,08/13,2,95,26.4,0.06,0,0,0.0,0.0,1,2,0.99,0.0,2,97,27.0,0.06
3042,晶技,186.5,5.0,2.75,08/13,2,2575,8.07,0.75,0,0,0.0,0.0,4,1458,2.5,0.43,2,3562,11.2,1.04
3043,科風,20.6,0.0,0.0,08/13,2,85,31.7,0.22,0,0,0.0,0.0,-1,-1,-0.54,0.0,2,85,31.7,0.22
3047,訊舟,14.35,0.0,0.0,08/13,2,230,25.8,0.1,0,0,0.0,0.0,-3,-2,-0.17,0.0,2,230,25.8,0.1
3049,精金,11.35,0.6,5.58,08/13,2,334,3.84,0.04,0,0,0.0,0.0,1,10,0.14,0.0,2,344,3.96,0.04
3054,立萬利,48.6,0.25,0.52,08/13,2,70,49.7,0.09,0,0,0.0,0.0,-3,0,-0.06,0.0,2,70,49.7,0.09
3057,喬鼎,16.85,0.55,3.37,08/13,2,25,8.71,0.04,0,0,0.0,0.0,0,0,0.0,0.0,2,20,6.96,0.03
3088,艾訊,138.0,-2.0,-1.43,08/13,2,100,5.9,0.09,0,0,0.0,0.0,-6,-170,-1.56,-0.15,2,62,3.63,0.06
3147,大綜,234.0,4.5,1.96,08/13,2,165,15.6,0.38,0,0,0.0,0.0,2,3,0.33,0.01,2,168,16.0,0.38
3176,基亞,34.15,0.45,1.34,08/13,2,283,43.8,0.2,0,0,0.0,0.0,-1,0,0.0,0.0,2,283,43.8,0.2
3178,公準,59.0,0.2,0.34,08/13,2,50,30.2,0.11,0,0,0.0,0.0,1,0,0.21,0.0,2,49,29.8,0.11
3231,緯創,197.0,3.5,1.81,08/13,2,19151,16.6,0.6,1,7484,10.4,0.24,-1,-205,-0.28,-0.01,5,40373,14.2,1.27
3259,鑫創,14.1,0.0,0.0,08/13,2,13,16.4,0.02,0,0,0.0,0.0,-6,0,-0.22,0.0,2,13,16.4,0.02
3260,威剛,409.0,-0.5,-0.12,08/13,2,4837,23.8,1.45,0,0,0.0,0.0,-1,-42,-0.52,-0.01,2,4866,24.0,1.46
3272,東碩,13.8,-0.1,-0.72,08/13,2,4,10.1,0.01,0,0,0.0,0.0,-3,0,-0.17,0.0,2,4,9.99,0.01
3296,勝德,23.7,0.35,1.5,08/13,2,15,31.1,0.02,0,0,0.0,0.0,-1,-1,-3.22,0.0,2,16,33.2,0.02
3305,昇貿,117.0,1.0,0.86,08/13,2,706,14.6,0.49,0,0,0.0,0.0,-1,-59,-2.64,-0.04,2,702,14.6,0.49
3311,閎暉,32.7,0.7,2.19,08/13,2,117,27.2,0.12,0,0,0.0,0.0,0,0,0.0,0.0,2,119,27.7,0.12
3322,建舜電,11.6,0.25,2.2,08/13,2,177,27.1,0.13,0,0,0.0,0.0,2,2,0.25,0.0,2,179,27.4,0.13
3349,寶德,23.0,-0.2,-0.86,08/13,2,36,11.6,0.08,0,0,0.0,0.0,0,0,0.0,0.0,2,36,11.6,0.08
3390,旭軟,22.35,-0.1,-0.45,08/13,2,54,18.5,0.07,0,0,0.0,0.0,1,0,0.0,0.0,2,54,18.5,0.07
3416,融程電,188.0,0.5,0.27,08/13,2,65,10.1,0.08,0,0,0.0,0.0,2,4,0.56,0.0,2,69,10.6,0.09
3430,奇鈦科,119.0,6.0,5.31,08/13,2,148,10.1,0.44,0,0,0.0,0.0,1,0,0.01,0.0,2,148,10.1,0.44
3447,展達,27.85,0.25,0.91,08/13,2,53,33.1,0.07,0,0,0.0,0.0,0,0,0.0,0.0,2,54,33.8,0.07
3450,聯鈞,527.0,20.0,3.94,08/13,2,1134,28.8,0.78,0,0,0.0,0.0,10,517,0.53,0.36,6,8528,13.9,5.85
3455,由田,225.0,3.0,1.35,08/13,2,389,9.36,0.65,0,0,0.0,0.0,-1,-7,-0.24,-0.01,2,414,9.97,0.69
3466,德晉,25.5,-0.05,-0.2,08/13,2,40,17.9,0.05,0,0,0.0,0.0,1,0,0.46,0.0,2,40,17.9,0.05
3479,安勤,139.5,-1.0,-0.71,08/13,2,88,6.9,0.12,0,0,0.0,0.0,-3,-15,-0.55,-0.02,2,82,6.4,0.11
3490,單井,36.85,3.35,10.0,08/13,2,576,6.71,1.05,0,0,0.0,0.0,4,23,0.14,0.04,2,593,6.9,1.08
3492,長盛,22.4,0.55,2.52,08/13,2,19,10.6,0.05,0,0,0.0,0.0,2,1,0.57,0.0,2,20,11.2,0.06
3511,矽瑪,20.55,0.1,0.49,08/13,2,106,25.9,0.13,0,0,0.0,0.0,0,0,0.0,0.0,2,106,25.9,0.13
3512,皇龍,19.7,-0.05,-0.25,08/13,2,14,17.2,0.01,0,0,0.0,0.0,-1,0,-0.3,0.0,2,14,17.1,0.01
3515,華擎,236.0,11.5,5.12,08/13,2,1666,36.8,1.35,0,0,0.0,0.0,4,155,2.31,0.13,2,1801,39.8,1.46
3523,迎輝,15.0,-0.6,-3.85,08/13,2,8,20.3,0.01,0,0,0.0,0.0,0,0,0.0,0.0,2,8,20.3,0.01
3540,曜越,20.9,-0.1,-0.48,08/13,2,78,23.9,0.09,0,0,0.0,0.0,-2,-20,-6.01,-0.02,2,58,17.9,0.07
3550,聯穎,24.1,0.6,2.55,08/13,2,880,15.7,0.82,0,0,0.0,0.0,2,12,0.22,0.01,2,891,15.9,0.83
3551,世禾,179.5,0.0,0.0,08/13,2,69,10.6,0.11,-1,-68,-16.8,-0.11,-1,0,-0.1,0.0,-1,-10,-2.57,-0.02
3555,博士旺,167.0,3.0,1.83,08/13,2,13,14.3,0.03,0,0,0.0,0.0,-1,0,-0.01,0.0,2,13,14.4,0.03
3580,友威科,79.7,-0.7,-0.87,08/13,2,156,21.4,0.39,0,0,0.0,0.0,1,0,0.09,0.0,2,156,21.4,0.4
3597,映興,26.65,-0.1,-0.37,08/13,2,17,16.2,0.04,0,0,0.0,0.0,1,0,1.46,0.0,2,18,16.6,0.04
3617,碩天,238.0,3.0,1.28,08/13,2,71,8.75,0.08,0,0,0.0,0.0,2,8,0.95,0.01,2,79,9.71,0.08
3623,富晶通,21.6,-0.05,-0.23,08/13,2,9,19.3,0.03,0,0,0.0,0.0,0,0,0.0,0.0,2,9,19.3,0.03
3652,精聯,38.0,0.8,2.15,08/13,2,225,4.27,0.3,0,0,0.0,0.0,4,13,0.09,0.02,2,234,4.44,0.31
3673,TPK-KY,62.6,-0.6,-0.95,08/13,2,704,12.0,0.17,0,0,0.0,0.0,-2,-85,-1.46,-0.02,2,619,10.6,0.15
3680,家登,472.0,19.5,4.31,08/13,2,591,28.6,0.61,0,0,0.0,0.0,2,92,4.44,0.1,2,683,33.0,0.71
3686,達能,14.9,0.1,0.68,08/13,2,15,8.72,0.02,0,0,0.0,0.0,1,1,0.88,0.0,2,16,9.3,0.02
3689,湧德,111.5,1.0,0.9,08/13,2,375,13.8,0.42,0,0,0.0,0.0,2,30,1.1,0.03,2,405,14.9,0.45
3701,大眾控,40.9,-0.6,-1.45,08/13,2,296,25.7,0.12,0,0,0.0,0.0,3,14,0.73,0.01,2,299,26.0,0.13
3706,神達,91.7,-0.7,-0.76,08/13,2,10823,39.2,0.82,-5,-275,-0.48,-0.02,-1,-125,-1.29,-0.01,2,11013,39.9,0.83
3714,富采,58.6,0.3,0.51,08/13,2,4352,34.5,0.59,0,0,0.0,0.0,-1,-3,-0.06,0.0,2,4381,34.7,0.59
4108,懷特,11.2,0.25,2.28,08/13,2,44,6.24,0.02,0,0,0.0,0.0,-1,-2,-0.98,0.0,2,44,6.24,0.02
4138,曜亞,50.9,-0.5,-0.97,08/13,2,2,4.33,0.01,0,0,0.0,0.0,0,0,0.0,0.0,2,2,4.33,0.01
4139,馬光-KY,35.0,-1.0,-2.78,08/13,2,2,9.4,0.0,0,0,0.0,0.0,0,0,0.0,0.0,2,2,9.4,0.0
4155,訊映,15.1,0.3,2.03,08/13,2,211,21.4,0.15,0,0,0.0,0.0,-5,-14,-0.76,-0.01,2,205,20.8,0.14
4162,智擎,63.6,0.7,1.11,08/13,2,291,27.5,0.2,0,0,0.0,0.0,1,1,0.22,0.0,2,289,27.3,0.2
4168,醣聯,22.8,-0.05,-0.22,08/13,2,12,6.56,0.01,0,0,0.0,0.0,-4,-1,-0.22,0.0,2,12,6.31,0.01
4303,信立,47.6,0.6,1.28,08/13,2,535,23.2,0.57,0,0,0.0,0.0,-1,-1,-0.09,0.0,2,540,23.3,0.57
4304,勝昱,16.25,0.0,0.0,08/13,2,8,20.9,0.01,0,0,0.0,0.0,0,0,0.0,0.0,2,8,20.9,0.01
4306,炎洲,14.5,0.0,0.0,08/13,2,186,14.1,0.03,0,0,0.0,0.0,-3,-16,-0.86,0.0,2,172,13.0,0.03
4413,飛寶企業,18.75,1.7,9.97,08/13,2,8,4.34,0.03,0,0,0.0,0.0,0,0,0.0,0.0,3,8,4.15,0.03
4426,利勤,7.95,0.0,0.0,08/13,2,20,15.3,0.01,0,0,0.0,0.0,1,2,4.57,0.0,2,21,16.0,0.01
4432,銘旺實,16.4,-0.1,-0.61,08/13,2,8,6.91,0.02,0,0,0.0,0.0,0,0,0.0,0.0,2,8,6.95,0.02
4438,廣越,60.8,-0.5,-0.82,08/13,2,34,22.8,0.03,0,0,0.0,0.0,2,3,2.01,0.0,2,37,24.8,0.03
4533,協易機,28.2,1.4,5.22,08/13,2,348,8.43,0.2,0,0,0.0,0.0,2,49,1.2,0.03,2,397,9.63,0.22
4541,晟田,72.6,2.3,3.27,08/13,2,2369,20.5,3.5,0,0,0.0,0.0,-2,-150,-1.3,-0.22,2,2219,19.2,3.28
4545,銘鈺,32.6,-0.5,-1.51,08/13,2,25,16.6,0.03,0,0,0.0,0.0,-1,-1,-1.24,0.0,-1,-1,-1.16,0.0
4555,氣立,51.0,0.9,1.8,08/13,2,459,40.2,0.66,0,0,0.0,0.0,-1,0,-0.05,0.0,2,466,40.8,0.67
4564,元翎,16.9,0.05,0.3,08/13,2,180,15.8,0.08,0,0,0.0,0.0,-1,0,-0.05,0.0,2,182,16.0,0.08
4566,時碩工業,75.5,3.1,4.28,08/13,2,1881,21.5,1.71,0,0,0.0,0.0,-1,0,-0.01,0.0,2,1883,21.5,1.71
4571,鈞興-KY,170.5,-1.5,-0.87,08/13,2,129,21.7,0.24,-1,-1,-0.27,0.0,-1,-28,-7.48,-0.05,2,101,16.9,0.19
4585,達明,309.5,-1.5,-0.48,08/13,2,55,13.0,0.05,0,0,0.0,0.0,2,10,2.29,0.01,2,65,15.3,0.06
4714,永捷,10.55,-0.1,-0.94,08/13,2,353,30.0,0.16,0,0,0.0,0.0,-9,-229,-2.62,-0.1,2,297,25.3,0.13
4744,皇將,29.35,1.2,4.26,08/13,2,12,9.25,0.02,0,0,0.0,0.0,0,0,0.0,0.0,2,12,9.25,0.02
4754,國碳科,38.55,0.85,2.25,08/13,2,14,6.36,0.05,0,0,0.0,0.0,0,0,0.0,0.0,2,14,6.36,0.05
4755,三福化,119.5,0.0,0.0,08/13,2,69,25.3,0.07,0,0,0.0,0.0,-1,-5,-3.23,0.0,2,79,29.0,0.08
4770,上品,224.0,0.5,0.22,08/13,2,237,39.4,0.3,0,0,0.0,0.0,-1,0,-0.07,0.0,2,240,40.0,0.3
4771,望隼,201.5,-2.0,-0.98,08/13,2,262,47.6,0.45,0,0,0.0,0.0,5,15,0.7,0.02,2,273,49.6,0.46
4772,台特化,255.0,1.0,0.39,08/13,2,144,14.5,0.1,0,0,0.0,0.0,2,19,1.92,0.01,2,163,16.4,0.11
4907,富宇,46.6,0.8,1.75,08/13,2,58,24.1,0.05,0,0,0.0,0.0,1,0,0.01,0.0,2,58,23.9,0.05
4909,新復興,39.0,-0.15,-0.38,08/13,2,141,31.0,0.15,0,0,0.0,0.0,-1,0,-0.16,0.0,2,141,31.0,0.15
4934,太極,14.65,0.4,2.81,08/13,2,174,21.5,0.08,0,0,0.0,0.0,-1,-1,-0.2,0.0,2,173,21.3,0.08
4938,和碩,94.8,3.4,3.72,08/13,2,32904,39.9,1.23,-1,-104,-0.16,0.0,-1,-2154,-3.23,-0.08,5,34372,32.3,1.28
4966,譜瑞-KY,586.0,-5.0,-0.85,08/13,2,122,8.2,0.15,-1,-14,-1.65,-0.02,-6,-190,-3.41,-0.24,2,99,6.66,0.13
4967,十銓,280.5,1.0,0.36,08/13,2,1205,14.6,1.42,0,0,0.0,0.0,-1,-28,-0.61,-0.03,2,1185,14.3,1.4
4973,廣穎,163.5,5.0,3.15,08/13,2,741,14.4,1.13,0,0,0.0,0.0,2,14,0.27,0.02,2,755,14.6,1.16
4976,佳凌,37.05,0.0,0.0,08/13,2,1075,17.6,0.76,0,0,0.0,0.0,0,0,0.0,0.0,2,1077,17.6,0.76
5201,凱衛,25.75,-0.25,-0.96,08/13,2,4,7.07,0.01,0,0,0.0,0.0,0,0,0.0,0.0,2,4,7.07,0.01
5211,蒙恬,19.55,-0.5,-2.49,08/13,2,4,7.19,0.01,0,0,0.0,0.0,-3,-13,-12.5,-0.04,2,4,7.1,0.01
5222,全訊,122.0,4.0,3.39,08/13,2,165,24.5,0.18,0,0,0.0,0.0,5,111,8.7,0.12,2,271,40.3,0.3
5228,鈺鎧,43.3,0.9,2.12,08/13,2,124,10.4,0.33,0,0,0.0,0.0,1,0,0.01,0.0,2,123,10.3,0.32
5287,數字,156.0,3.5,2.3,08/13,2,17,5.97,0.03,-1,-1,-0.54,0.0,2,14,4.86,0.02,2,30,10.6,0.05
5289,宜鼎,1535.0,15.0,0.99,08/13,2,485,10.4,0.5,-1,-4,-0.18,0.0,-1,-22,-1.01,-0.02,2,475,10.2,0.49
5292,華懋,190.0,3.0,1.6,08/13,2,48,16.6,0.1,0,0,0.0,0.0,-1,-8,-6.72,-0.02,2,47,16.3,0.1
5344,立衛,13.8,-0.05,-0.36,08/13,2,3,8.96,0.0,0,0,0.0,0.0,0,0,0.0,0.0,2,3,9.24,0.0
5345,馥鴻,23.7,1.1,4.87,08/13,2,5,7.01,0.01,0,0,0.0,0.0,1,0,0.04,0.0,2,5,7.04,0.01
5353,台林,28.25,-0.15,-0.53,08/13,2,8,16.7,0.01,0,0,0.0,0.0,1,0,0.31,0.0,2,8,16.9,0.01
5381,光譜,24.6,0.25,1.03,08/13,2,185,36.2,0.09,0,0,0.0,0.0,0,0,0.0,0.0,2,185,36.2,0.09
5403,中菲,92.9,-0.1,-0.11,08/13,2,37,30.8,0.05,0,0,0.0,0.0,0,0,0.0,0.0,2,37,30.8,0.05
5410,國眾,36.25,1.05,2.98,08/13,2,213,25.7,0.23,0,0,0.0,0.0,-2,0,-0.05,0.0,2,213,25.7,0.23
5432,新門,135.5,10.5,8.4,08/13,2,49,12.7,0.24,0,0,0.0,0.0,-1,-1,-0.24,0.0,2,49,12.6,0.24
5469,瀚宇博,76.9,0.2,0.26,08/13,2,429,13.6,0.09,0,0,0.0,0.0,1,7,0.45,0.0,2,414,13.1,0.09
5474,聰泰,157.5,1.0,0.64,08/13,2,99,22.6,0.25,0,0,0.0,0.0,-1,-3,-1.76,-0.01,2,104,23.7,0.26
5490,同亨,30.65,0.1,0.33,08/13,2,141,10.8,0.15,0,0,0.0,0.0,1,1,0.15,0.0,2,142,10.9,0.15
5515,建國,50.4,4.5,9.8,08/13,2,1408,37.7,0.7,0,0,0.0,0.0,2,69,1.86,0.03,2,1478,39.6,0.73
5521,工信,10.75,0.45,4.37,08/13,2,2383,35.6,0.48,0,0,0.0,0.0,1,6,0.11,0.0,2,2389,35.7,0.49
5529,鉅陞,21.35,0.05,0.23,08/13,2,15,7.0,0.01,0,0,0.0,0.0,0,0,0.0,0.0,2,15,6.76,0.01
5534,長虹,78.4,0.1,0.13,08/13,2,283,24.1,0.09,0,0,0.0,0.0,3,126,6.36,0.04,2,337,28.7,0.11
5538,東明-KY,33.8,0.55,1.65,08/13,2,43,10.4,0.02,0,0,0.0,0.0,1,2,1.22,0.0,2,45,10.9,0.02
5907,大洋-KY,4.93,0.01,0.2,08/13,2,46,25.5,0.02,0,0,0.0,0.0,0,0,0.0,0.0,2,46,25.5,0.02
6026,福邦證,14.5,-0.15,-1.02,08/13,2,562,18.9,0.14,-1,-8,-0.82,0.0,0,0,0.0,0.0,2,554,18.6,0.14
6101,寬魚國際,35.9,0.6,1.7,08/13,2,60,20.0,0.05,0,0,0.0,0.0,-3,-4,-0.47,0.0,2,56,18.8,0.05
6115,鎰勝,45.25,0.05,0.11,08/13,2,49,25.9,0.03,0,0,0.0,0.0,2,10,5.29,0.01,2,59,31.2,0.03
6122,擎邦,47.05,0.45,0.97,08/13,2,185,38.2,0.24,-1,-1,-0.47,0.0,-3,-203,-28.0,-0.26,1,11,3.47,0.01
6124,業強,27.65,0.15,0.55,08/13,2,9,24.3,0.0,0,0,0.0,0.0,0,0,0.0,0.0,2,9,23.2,0.0
6128,上福,20.65,0.2,0.98,08/13,2,88,33.9,0.07,0,0,0.0,0.0,1,2,1.33,0.0,2,88,33.9,0.07
6144,得利影,13.6,-1.2,-8.11,08/13,2,6,1.88,0.02,0,0,0.0,0.0,1,1,0.51,0.0,2,7,2.1,0.02
6148,驊宏資,28.65,0.15,0.53,08/13,2,45,27.4,0.1,0,0,0.0,0.0,-1,0,-0.14,0.0,2,46,27.7,0.1
6150,撼訊,60.7,0.2,0.33,08/13,2,121,30.0,0.25,0,0,0.0,0.0,1,0,0.09,0.0,2,121,29.9,0.25
6164,華興,11.9,0.0,0.0,08/13,2,44,4.58,0.05,0,0,0.0,0.0,0,0,0.0,0.0,2,44,4.58,0.05
6168,宏齊,25.2,0.1,0.4,08/13,2,880,34.5,0.43,0,0,0.0,0.0,1,3,0.2,0.0,2,881,34.6,0.43
6185,幃翔,13.7,0.0,0.0,08/13,2,24,15.2,0.02,0,0,0.0,0.0,-2,0,-0.16,0.0,2,23,15.0,0.02
6187,萬潤,1270.0,115.0,9.96,08/13,2,2099,19.4,2.14,1,614,9.78,0.62,2,231,2.13,0.23,2,2697,24.9,2.74
6190,萬泰科,68.2,-0.6,-0.87,08/13,2,648,23.5,0.33,0,0,0.0,0.0,2,1,0.03,0.0,2,648,23.5,0.33
6191,精成科,86.8,-0.3,-0.34,08/13,2,647,18.5,0.13,0,0,0.0,0.0,-1,-5,-0.32,0.0,2,648,18.5,0.13
6197,佳必琪,312.0,6.5,2.13,08/13,2,701,23.4,0.57,0,0,0.0,0.0,1,46,2.43,0.04,2,730,24.3,0.6
6215,和椿,107.0,2.5,2.39,08/13,2,1067,22.7,1.29,0,0,0.0,0.0,2,39,0.83,0.05,2,1106,23.5,1.34
6223,旺矽,6495.0,-105.0,-1.59,08/13,2,99,8.97,0.1,-1,-39,-6.83,-0.04,-1,-13,-2.29,-0.01,-1,-21,-3.59,-0.02
6224,聚鼎,62.6,1.4,2.29,08/13,2,176,14.0,0.21,0,0,0.0,0.0,1,1,0.18,0.0,2,162,13.0,0.19
6234,高僑,36.05,-1.3,-3.48,08/13,2,86,11.6,0.09,0,0,0.0,0.0,-3,-10,-0.73,-0.01,2,78,10.5,0.08
6237,驊訊,34.5,-0.95,-2.68,08/13,2,77,16.3,0.1,0,0,0.0,0.0,2,1,0.2,0.0,2,78,16.5,0.1
6245,立端,87.1,-0.9,-1.02,08/13,2,129,10.7,0.09,0,0,0.0,0.0,-2,-25,-2.04,-0.02,2,104,8.62,0.07
6248,沛波,18.2,0.25,1.39,08/13,2,19,8.79,0.02,0,0,0.0,0.0,-1,0,0.0,0.0,2,19,8.78,0.02
6259,百徽,32.0,0.95,3.06,08/13,2,311,17.8,1.11,0,0,0.0,0.0,0,0,0.0,0.0,2,311,17.8,1.11
6263,普萊德,164.5,2.0,1.23,08/13,2,164,48.5,0.26,0,0,0.0,0.0,0,0,0.0,0.0,2,164,48.5,0.26
6266,泰詠,25.4,0.25,0.99,08/13,2,84,24.9,0.05,0,0,0.0,0.0,1,1,0.34,0.0,2,84,25.1,0.05
6271,同欣電,199.0,1.0,0.51,08/13,2,1363,15.1,0.65,0,0,0.0,0.0,-3,-217,-1.58,-0.1,2,1287,14.2,0.62
6283,淳安,20.1,-0.1,-0.5,08/13,2,29,17.1,0.02,0,0,0.0,0.0,-1,-1,-1.1,0.0,2,28,16.6,0.02
6284,佳邦,81.6,2.3,2.9,08/13,2,808,31.4,0.54,0,0,0.0,0.0,4,42,0.85,0.03,2,835,32.4,0.56
6294,智基,29.0,1.6,5.84,08/13,2,24,14.9,0.09,0,0,0.0,0.0,2,1,0.59,0.0,2,25,15.5,0.1
6412,群電,79.6,-0.2,-0.25,08/13,2,410,26.2,0.1,0,0,0.0,0.0,2,6,0.4,0.0,2,417,26.6,0.1
6419,京晨科,167.5,14.5,9.48,08/13,2,316,23.7,2.4,0,0,0.0,0.0,2,2,0.16,0.02,2,318,23.9,2.42
6438,迅得,147.5,-2.0,-1.34,08/13,2,199,31.1,0.24,0,0,0.0,0.0,-1,-3,-1.1,0.0,2,205,32.1,0.25
6465,威潤,47.7,0.2,0.42,08/13,2,96,32.6,0.16,0,0,0.0,0.0,2,2,0.52,0.0,2,98,33.1,0.17
6498,久禾光,74.5,-0.7,-0.93,08/13,2,57,28.0,0.12,0,0,0.0,0.0,0,0,0.0,0.0,2,57,28.0,0.12
6517,保勝光學,63.7,0.7,1.11,08/13,2,229,20.5,0.75,0,0,0.0,0.0,-2,0,-0.02,0.0,2,229,20.5,0.75
6531,愛普*,865.0,-13.0,-1.48,08/13,2,31,1.38,0.02,2,36,1.59,0.02,-1,-17,-1.84,-0.01,2,131,5.76,0.08
6548,長科*,74.5,-0.8,-1.06,08/13,2,778,20.3,0.08,0,0,0.0,0.0,-1,-107,-5.05,-0.01,4,1703,18.9,0.18
6573,虹揚-KY,16.85,0.0,0.0,08/13,2,60,11.8,0.07,0,0,0.0,0.0,-4,-24,-2.11,-0.03,2,55,10.8,0.07
6603,富強鑫,28.85,1.15,4.15,08/13,2,1914,17.0,1.14,0,0,0.0,0.0,-1,-146,-3.0,-0.09,2,2063,18.3,1.23
6640,均華,995.0,-5.0,-0.5,08/13,2,63,11.0,0.22,0,0,0.0,0.0,2,13,2.35,0.05,2,76,13.4,0.26
6643,M31,447.5,-9.0,-1.97,08/13,2,142,15.4,0.34,-1,-1,-0.18,0.0,-1,-15,-2.75,-0.04,4,179,9.88,0.43
6690,安碁資訊,168.0,5.0,3.07,08/13,2,34,24.0,0.11,0,0,0.0,0.0,2,1,0.99,0.0,2,35,25.0,0.12
6695,芯鼎,51.5,0.5,0.98,08/13,2,305,22.4,0.29,0,0,0.0,0.0,1,0,0.02,0.0,2,305,22.4,0.29
6706,惠特,122.5,-1.5,-1.21,08/13,2,453,11.2,0.58,0,0,0.0,0.0,-1,-41,-2.52,-0.05,2,434,10.7,0.55
6751,智聯服務,41.75,-0.45,-1.07,08/13,2,2,37.0,0.01,0,0,0.0,0.0,-1,0,-2.27,0.0,2,2,35.2,0.01
6753,龍德造船,144.0,2.0,1.41,08/13,2,355,13.2,0.3,0,0,0.0,0.0,-1,-24,-2.1,-0.02,2,373,13.8,0.32
6754,匯僑設計,41.95,0.0,0.0,08/13,2,5,13.4,0.01,0,0,0.0,0.0,1,1,4.32,0.0,2,6,16.1,0.01
6771,平和環保-創,41.5,1.5,3.75,08/13,2,40,20.3,0.13,0,0,0.0,0.0,-1,-6,-6.95,-0.02,-1,-5,-5.77,-0.02
6788,華景電,363.5,0.0,0.0,08/13,2,81,15.7,0.21,0,0,0.0,0.0,2,11,2.11,0.03,2,92,17.8,0.24
6829,千附精密,222.0,11.0,5.21,08/13,2,341,16.0,0.58,0,0,0.0,0.0,2,24,1.12,0.04,2,365,17.1,0.62
6862,三集瑞-KY,148.0,2.0,1.37,08/13,2,25,4.12,0.05,0,0,0.0,0.0,-3,-11,-1.33,-0.02,-1,-1,-0.18,0.0
6909,創控,41.6,-0.3,-0.72,08/13,2,47,12.3,0.07,0,0,0.0,0.0,1,1,0.61,0.0,2,48,12.6,0.07
6913,鴻呈,149.5,-0.5,-0.33,08/13,2,739,32.8,1.69,0,0,0.0,0.0,1,18,1.5,0.04,9,1763,23.9,4.02
6921,嘉雨思-創,68.5,4.6,7.2,08/13,2,23,21.3,0.07,0,0,0.0,0.0,-2,-12,-11.1,-0.04,2,11,10.2,0.03
6928,攸泰科技,49.3,0.9,1.86,08/13,2,48,36.3,0.06,0,0,0.0,0.0,-1,-1,-1.32,0.0,2,48,36.3,0.06
6986,和迅,43.2,-0.8,-1.82,08/13,2,10,9.59,0.02,0,0,0.0,0.0,-3,-31,-23.4,-0.06,-3,-24,-18.2,-0.05
7402,邑錡,105.0,1.0,0.96,08/13,2,112,13.9,0.32,0,0,0.0,0.0,1,1,0.3,0.0,2,111,13.7,0.31
7556,意德士,236.5,1.5,0.64,08/13,2,12,11.8,0.04,0,0,0.0,0.0,8,7,3.39,0.03,2,16,16.0,0.06
7709,榮田,72.6,0.0,0.0,08/13,2,10,10.0,0.03,0,0,0.0,0.0,1,1,0.99,0.0,2,11,10.8,0.03
7711,永擎,491.5,44.0,9.83,08/13,2,358,9.08,0.5,0,0,0.0,0.0,-1,-68,-3.35,-0.1,2,381,9.67,0.53
7713,威力德生醫,70.8,0.0,0.0,08/13,2,2,19.7,0.0,0,0,0.0,0.0,0,0,0.0,0.0,2,2,19.7,0.0
7728,光焱科技,594.0,-6.0,-1.0,08/13,2,7,37.5,0.05,0,0,0.0,0.0,-2,0,-2.14,0.0,2,7,35.4,0.05
7736,虎山,69.6,-0.3,-0.43,08/13,2,13,32.4,0.02,0,0,0.0,0.0,0,0,0.0,0.0,2,13,32.4,0.02
7751,竑騰,1315.0,0.0,0.0,08/13,2,171,32.1,0.64,-2,-152,-28.5,-0.57,2,7,1.26,0.02,-1,-4,-1.99,-0.01
7760,享溫馨,33.0,0.55,1.69,08/13,2,8,10.6,0.01,0,0,0.0,0.0,0,0,0.0,0.0,2,8,10.6,0.01
7780,大研生醫*,16.7,-0.1,-0.6,08/13,2,211,13.9,0.03,0,0,0.0,0.0,1,9,0.86,0.0,2,220,14.4,0.03
7788,松川精密,275.5,19.5,7.62,08/13,2,1160,25.1,1.45,0,0,0.0,0.0,2,95,2.06,0.12,2,1255,27.2,1.57
7803,雲象科技-創,19.65,0.05,0.26,08/13,2,5,13.7,0.01,0,0,0.0,0.0,-1,-1,-9.68,0.0,2,6,17.2,0.01
7810,捷創科技,200.5,0.5,0.25,08/13,2,53,25.2,0.26,0,0,0.0,0.0,2,2,0.82,0.01,2,55,26.0,0.27
7822,倍利科,892.0,12.0,1.36,08/13,2,85,23.3,0.19,0,0,0.0,0.0,2,8,2.26,0.02,2,93,25.6,0.2
8011,台通,16.1,-0.2,-1.23,08/13,2,143,8.78,0.09,0,0,0.0,0.0,0,0,0.0,0.0,2,145,8.9,0.09
8016,矽創,315.5,4.0,1.28,08/13,2,470,20.3,0.39,-1,-1,-0.07,0.0,-1,-12,-0.79,-0.01,2,479,20.8,0.4
8024,佑華,13.75,-0.25,-1.79,08/13,2,12,8.96,0.03,0,0,0.0,0.0,-1,0,-0.68,0.0,2,12,9.05,0.03
8042,金山電,116.5,3.5,3.1,08/13,2,1339,9.18,1.02,0,0,0.0,0.0,3,56,0.19,0.04,2,1386,9.5,1.05
8070,長華*,48.95,0.25,0.51,08/13,2,436,14.4,0.06,-1,-3,-0.21,0.0,5,201,2.18,0.03,5,1041,11.3,0.14
8074,鉅橡,56.5,-0.9,-1.57,08/13,2,235,22.5,0.27,0,0,0.0,0.0,-2,-4,-0.43,-0.01,2,231,22.0,0.27
8080,泰霖,28.5,0.7,2.52,08/13,2,7,11.6,0.01,0,0,0.0,0.0,1,0,0.52,0.0,2,7,12.0,0.01
8088,品安,49.0,-0.2,-0.41,08/13,2,283,11.7,0.46,0,0,0.0,0.0,-2,0,-0.02,0.0,2,282,11.6,0.46
8111,立碁,58.1,-0.7,-1.19,08/13,2,173,4.0,0.16,0,0,0.0,0.0,-1,-26,-1.4,-0.02,-1,-14,-0.74,-0.01
8131,福懋科,66.0,1.9,2.96,08/13,2,1683,20.7,0.38,0,0,0.0,0.0,-3,-98,-0.94,-0.02,2,1673,20.6,0.38
8176,智捷,10.2,0.29,2.93,08/13,2,83,22.2,0.12,0,0,0.0,0.0,1,1,0.31,0.0,2,84,22.4,0.12
8222,寶一,39.55,0.45,1.15,08/13,2,506,34.9,0.74,0,0,0.0,0.0,5,24,0.68,0.03,2,513,35.4,0.75
8234,新漢,69.8,0.0,0.0,08/13,2,91,6.7,0.06,0,0,0.0,0.0,1,11,1.86,0.01,2,100,7.37,0.07
8240,華宏,43.1,-0.3,-0.69,08/13,2,132,30.9,0.13,0,0,0.0,0.0,2,1,0.32,0.0,2,133,31.2,0.13
8261,富鼎,202.0,18.0,9.78,08/13,2,575,3.61,0.48,-2,-7,-0.04,-0.01,4,102,0.36,0.09,2,649,4.07,0.55
8390,金益鼎,100.5,0.5,0.5,08/13,2,108,12.2,0.11,0,0,0.0,0.0,-3,-49,-2.82,-0.05,2,82,9.22,0.09
8415,大國鋼,38.3,-0.35,-0.91,08/13,2,522,22.6,0.05,0,0,0.0,0.0,0,0,0.0,0.0,2,550,23.8,0.05
8421,旭源,13.7,0.15,1.11,08/13,2,115,7.53,0.18,0,0,0.0,0.0,2,18,1.18,0.03,2,133,8.72,0.21
8442,威宏-KY,43.7,-0.3,-0.68,08/13,2,52,41.1,0.07,-1,-1,-0.7,0.0,0,0,0.0,0.0,2,51,40.6,0.07
8443,阿瘦,11.5,0.1,0.88,08/13,2,16,36.4,0.02,0,0,0.0,0.0,1,1,2.66,0.0,2,17,38.6,0.03
8462,柏文,179.5,0.5,0.28,08/13,2,248,40.3,0.31,0,0,0.0,0.0,3,4,0.54,0.0,2,251,40.7,0.31
8467,波力-KY,103.5,1.0,0.98,08/13,2,9,11.1,0.02,0,0,0.0,0.0,0,0,0.0,0.0,2,9,11.1,0.02
8473,山林水,45.55,2.7,6.3,08/13,2,168,6.81,0.09,0,0,0.0,0.0,-1,-8,-0.41,0.0,2,166,6.72,0.09
8941,關中,45.0,0.9,2.04,08/13,2,8,19.8,0.02,0,0,0.0,0.0,0,0,0.0,0.0,2,8,19.8,0.02
9930,中聯資源,62.4,0.1,0.16,08/13,2,4,3.56,0.0,0,0,0.0,0.0,1,5,9.72,0.0,1,8,15.6,0.0
9931,欣高,33.85,0.0,0.0,08/13,2,6,31.3,0.0,0,0,0.0,0.0,-1,0,-0.16,0.0,2,6,31.2,0.0
