"排名","代號","名稱","市場","股價日期","K線","成交","漲跌價","漲跌幅","成交張數","成交額(百萬)","昨收","開盤","最高","最低","振幅(%)","PER","PBR","1個月走勢圖","3個月走勢圖","1年走勢圖","3年走勢圖","10年走勢圖"
"1","5274","信驊","櫃","05/12","","18005","+180","+1.01","304","5,515","17825","17955","18385","17780","3.39","153","114.19","","","","",""
"2","6515","穎崴","市","05/12","","9950","-140","-1.39","255","2,554","10090","10120","10255","9855","3.96","212","55.64","","","","",""
"3","7769","鴻勁","市","05/12","","6870","+490","+7.68","2,087","14,157","6380","6515","7000","6415","9.17","90.7","21.3","","","","",""
"4","6669","緯穎","市","05/12","","5790","+450","+8.43","4,214","24,029","5340","5480","5870","5415","8.52","19.4","7.68","","","","",""
"5","3443","創意","市","05/12","","5570","-160","-2.79","2,615","14,799","5730","5950","5950","5510","7.68","168","51.18","","","","",""
"6","6223","旺矽","櫃","05/12","","5480","+495","+9.93","1,001","5,439","4985","5315","5480","5250","4.61","164","36.83","","","","",""
"7","2059","川湖","市","05/12","","5445","-75","-1.36","959","5,265","5520","5450","5600","5280","5.8","48","16.46","","","","",""
"8","3661","世芯-KY","市","05/12","","5310","-65","-1.21","3,014","16,343","5375","5555","5640","5300","6.33","77.7","10.03","","","","",""
"9","2383","台光電","市","05/12","","4900","+50","+1.03","2,661","13,219","4850","4805","5080","4805","5.67","106","36.62","","","","",""
"10","3529","力旺","櫃","05/12","","4115","-345","-7.74","1,851","7,692","4460","4460","4460","4035","9.53","150","69.24","","","","",""
"11","7734","印能科技","櫃","05/12","","3980","+180","+4.74","166","653","3800","3850","4005","3770","6.18","119","17.16","","","","",""
"12","3653","健策","市","05/12","","3920","-95","-2.37","3,524","14,110","4015","4050","4150","3865","7.1","107","25.19","","","","",""
"13","6510","精測","櫃","05/12","","3860","+70","+1.85","1,042","4,043","3790","3865","3965","3760","5.41","113","12.91","","","","",""
"14","2454","聯發科","市","05/12","","3700","-180","-4.64","10,715","40,581","3880","3835","3910","3700","5.41","55.9","14.74","","","","",""
"15","3131","弘塑","櫃","05/12","","3140","+50","+1.62","804","2,532","3090","3095","3215","3025","6.15","69","19.03","","","","",""
"16","7750","新代","市","05/12","","3070","+275","+9.84","549","1,683","2795","3060","3070","2990","2.86","87.4","19.37","","","","",""
"17","3081","聯亞","櫃","05/12","","3055","+275","+9.89","4,194","12,722","2780","3055","3055","2955","3.6","401","66.67","","","","",""
"18","3533","嘉澤","市","05/12","","2800","-45","-1.58","1,161","3,290","2845","2815","2905","2800","3.69","39.9","8.15","","","","",""
"19","3008","大立光","市","05/12","","2795","+250","+9.82","3,210","8,684","2545","2600","2795","2580","8.45","17.5","1.98","","","","",""
"20","3665","貿聯-KY","市","05/12","","2775","-130","-4.48","3,445","9,958","2905","3000","3010","2775","8.09","59.6","11.6","","","","",""
"21","8299","群聯","櫃","05/12","","2725","+55","+2.06","15,579","42,682","2670","2780","2860","2645","8.05","26.4","8.13","","","","",""
"22","2345","智邦","市","05/12","","2525","-65","-2.51","5,777","14,893","2590","2675","2695","2520","6.76","47.8","21.61","","","","",""
"23","3017","奇鋐","市","05/12","","2520","-35","-1.37","5,011","12,858","2555","2625","2625","2520","4.11","51.3","22.16","","","","",""
"24","2360","致茂","市","05/12","","2440","+80","+3.39","4,455","10,909","2360","2450","2480","2400","3.39","88.1","32.4","","","","",""
"25","6683","雍智科技","櫃","05/12","","2370","+100","+4.41","268","624","2270","2285","2410","2270","6.17","133","22.53","","","","",""
"26","2330","台積電","市","05/12","","2255","+20","+0.89","47,762","107,354","2235","2235","2280","2210","3.13","34","10.79","","","","",""
"27","2308","台達電","市","05/12","","2195","-50","-2.23","12,870","28,439","2245","2225","2260","2190","3.12","81","19.03","","","","",""
"28","6442","光聖","市","05/12","","1905","-45","-2.31","3,779","7,517","1950","2050","2120","1905","11","81.2","21.67","","","","",""
"29","6805","富世達","市","05/12","","1850","-145","-7.27","2,905","5,503","1995","2020","2035","1845","9.52","47.2","17.09","","","","",""
"30","7751","竑騰","櫃","05/12","","1835","+85","+4.86","448","825","1750","1830","1870","1780","5.14","81","22.69","","","","",""
"31","5289","宜鼎","櫃","05/12","","1795","+35","+1.99","6,920","12,726","1760","1820","1910","1785","7.1","23.8","11.93","","","","",""
"32","3491","昇達科","櫃","05/12","","1765","-55","-3.02","2,750","4,923","1820","1865","1865","1745","6.59","225","33.57","","","","",""
"33","8210","勤誠","市","05/12","","1550","-5","-0.32","4,957","7,647","1555","1505","1590","1485","6.75","45.7","15.4","","","","",""
"34","1590","亞德客-KY","市","05/12","","1535","-15","-0.97","787","1,210","1550","1560","1560","1520","2.58","36.5","5.84","","","","",""
"35","5269","祥碩","市","05/12","","1525","+135","+9.71","5,519","8,187","1390","1435","1525","1385","10.1","21","3.16","","","","",""
"36","6640","均華","櫃","05/12","","1475","+70","+4.98","428","622","1405","1430","1480","1405","5.34","91","12.88","","","","",""
"37","6274","台燿","櫃","05/12","","1450","-5","-0.34","1,520","2,185","1455","1455","1460","1400","4.12","105","23.19","","","","",""
"38","2368","金像電","市","05/12","","1390","-10","-0.71","4,642","6,596","1400","1400","1465","1390","5.36","71.4","20.98","","","","",""
"39","6739","竹陞科技","櫃","05/12","","1345","-95","-6.6","657","894","1440","1405","1420","1325","6.6","83.4","30.62","","","","",""
"40","7828","創新服務","櫃","05/12","","1345","+120","+9.8","835","1,112","1225","1315","1345","1295","4.08","212","41.4","","","","",""
"41","6781","AES-KY","市","05/12","","1285","-35","-2.65","3,197","4,204","1320","1355","1370","1280","6.82","33.6","6.53","","","","",""
"42","7822","倍利科","市","05/12","","1270","-25","-1.93","269","346","1295","1310","1330","1250","6.18","90.5","51.84","","","","",""
"43","6187","萬潤","櫃","05/12","","1220","+110","+9.91","3,557","4,272","1110","1190","1220","1150","6.31","80.1","17.29","","","","",""
"44","4749","新應材","櫃","05/12","","1175","0","0","5,630","6,527","1175","1175","1210","1100","9.36","104","11.79","","","","",""
"45","3163","波若威","櫃","05/12","","1065","+25","+2.4","538","589","1040","1100","1130","1065","6.25","123","26.87","","","","",""
"46","3324","雙鴻","櫃","05/12","","1060","-10","-0.93","2,834","3,031","1070","1080","1085","1055","2.8","30.3","7.35","","","","",""
"47","6531","愛普*","市","05/12","","1055","+93","+9.67","9,460","9,286","962","973","1055","903","15.8","107","14.54","","","","",""
"48","8996","高力","市","05/12","","1055","0","0","2,887","3,126","1055","1095","1110","1050","5.69","116","23.25","","","","",""
"49","2404","漢唐","市","05/12","","993","-32","-3.12","4,734","4,745","1025","1040","1040","990","4.88","20.7","10.05","","","","",""
"50","3583","辛耘","市","05/12","","952","+86","+9.93","5,892","5,327","866","906","952","847","12.1","64.6","10.01","","","","",""
"51","3363","上詮","櫃","05/12","","920","+67","+7.85","5,614","5,167","853","912","938","888","5.86","5750","37.4","","","","",""
"52","1519","華城","市","05/12","","914","-7","-0.76","5,652","5,218","921","921","942","906","3.91","65.3","27.28","","","","",""
"53","6944","兆聯實業","市","05/12","","910","-13","-1.41","1,082","989","923","914","928","906","2.38","28.2","8.69","","","","",""
"54","8046","南電","市","05/12","","900","-8","-0.88","15,711","14,573","908","928","965","899","7.27","190","12.45","","","","",""
"55","5536","聖暉*","櫃","05/12","","885","-11","-1.23","1,999","1,755","896","900","903","859","4.91","31.1","8.37","","","","",""
"56","3037","欣興","市","05/12","","875","+14","+1.63","30,082","27,023","861","904","926","872","6.27","124","12.26","","","","",""
"57","3563","牧德","市","05/12","","815","+8","+0.99","1,214","981","807","813","820","795","3.1","52","10","","","","",""
"58","4971","IET-KY","櫃","05/12","","795","+72","+9.96","2,721","2,126","723","787","795","750","6.22","156","15.19","","","","",""
"59","7610","聯友金屬-創","市","05/12","","795","-35","-4.22","1,361","1,114","830","869","869","782","10.5","146","24.21","","","","",""
"60","6488","環球晶","櫃","05/12","","785","-50","-5.99","3,617","2,894","835","829","833","785","5.75","48.4","4.02","","","","",""
"61","6830","汎銓","市","05/12","","780","+26","+3.45","2,724","2,163","754","790","816","770","6.1","","13.28","","","","",""
"62","4583","台灣精銳","市","05/12","","777","-6","-0.77","244","187","783","787","787","751","4.6","68.2","6.44","","","","",""
"63","6409","旭隼","市","05/12","","764","0","0","1,093","835","764","767","775","757","2.36","21.9","6.49","","","","",""
"64","4966","譜瑞-KY","櫃","05/12","","761","+26","+3.54","16,142","12,253","735","787","787","723","8.71","22.9","2.63","","","","",""
"65","3167","大量","市","05/12","","760","+32","+4.4","786","589","728","736","770","736","4.67","93.5","19.65","","","","",""
"66","7728","光焱科技","櫃","05/12","","750","-31","-3.97","205","157","781","770","780","750","3.84","152","13.79","","","","",""
"67","4991","環宇-KY","櫃","05/12","","740","+54","+7.87","1,479","1,063","686","721","740","690","7.29","4933","25.97","","","","",""
"68","3293","鈊象","櫃","05/12","","738","+7","+0.96","2,003","1,475","731","731","748","722","3.56","19.2","10.91","","","","",""
"69","6526","達發","市","05/12","","734","-16","-2.13","2,247","1,656","750","750","753","724","3.87","42.4","6.35","","","","",""
"70","7805","威聯通","櫃","05/12","","730","-2","-0.27","99","72.2","732","736","738","728","1.37","16.4","3.06","","","","",""
"71","6446","藥華藥","市","05/12","","711","+5","+0.71","2,277","1,620","706","708","724","693","4.39","52.1","8.25","","","","",""
"72","6643","M31","櫃","05/12","","697","+14","+2.05","3,126","2,198","683","683","730","677","7.76","17425","16.16","","","","",""
"73","6584","南俊國際","櫃","05/12","","681","-6","-0.87","1,547","1,076","687","720","722","677","6.55","122","15.09","","","","",""
"74","6139","亞翔","市","05/12","","680","+1","+0.15","3,644","2,463","679","680","686","663","3.39","22.3","8.22","","","","",""
"75","6949","沛爾生醫-創","市","05/12","","680","-7","-1.02","212","143","687","699","699","660","5.68","","16.75","","","","",""
"76","2357","華碩","市","05/12","","673","-13","-1.9","6,513","4,421","686","686","693","672","3.06","11.2","1.86","","","","",""
"77","1560","中砂","市","05/12","","668","+39","+6.2","5,739","3,825","629","646","683","645","6.04","72","12.08","","","","",""
"78","4979","華星光","櫃","05/12","","659","-13","-1.93","19,147","13,016","672","703","717","652","9.67","121","23.36","","","","",""
"79","7717","萊德光電-KY","櫃","05/12","","659","-17","-2.51","407","273","676","698","701","655","6.8","108","16.35","","","","",""
"80","2467","志聖","市","05/12","","649","+59","+10","5,112","3,240","590","604","649","604","7.63","86.2","12.17","","","","",""
"81","6691","洋基工程","市","05/12","","633","-10","-1.56","404","257","643","644","644","632","1.87","25.6","10.05","","","","",""
"82","6831","邁科","市","05/12","","626","+32","+5.39","2,149","1,342","594","600","650","600","8.42","127","14.99","","","","",""
"83","3680","家登","櫃","05/12","","602","-14","-2.27","3,618","2,203","616","617","623","600","3.73","63.8","5.93","","","","",""
"84","6789","采鈺","市","05/12","","594","-6","-1","10,082","6,175","600","616","642","593","8.17","127","9.99","","","","",""
"85","3693","營邦","櫃","05/12","","593","+11","+1.89","1,888","1,115","582","601","605","570","6.01","38.3","4.89","","","","",""
"86","5904","寶雅","櫃","05/12","","561","-16","-2.77","297","168","577","576","577","559","3.12","17.8","9.35","","","","",""
"87","2379","瑞昱","市","05/12","","555","-29","-4.97","6,325","3,564","584","581","583","555","4.79","19.3","5.48","","","","",""
"88","3711","日月光投控","市","05/12","","555","+18","+3.35","30,778","17,219","537","537","579","533","8.57","59.2","7","","","","",""
"89","7744","崴寶","櫃","05/12","","555","+2","+0.36","117","64.4","553","550","563","540","4.16","34.1","7.28","","","","",""
"90","3406","玉晶光","市","05/12","","523","+13","+2.55","1,814","938","510","511","530","501","5.69","15.9","2.22","","","","",""
"91","6291","沛亨","櫃","05/12","","518","+46.5","+9.86","2,175","1,124","471.5","510","518","509","1.91","78.5","15.57","","","","",""
"92","6727","亞泰金屬","櫃","05/12","","515","+20","+4.04","4,064","1,960","495","452","517","451.5","13.2","75.7","9.86","","","","",""
"93","3105","穩懋","櫃","05/12","","512","-14","-2.66","32,043","16,930","526","555","559","510","9.32","128","5.22","","","","",""
"94","7749","意騰-KY","市","05/12","","508","-27","-5.05","1,417","732","535","530","530","507","4.3","43.2","6.31","","","","",""
"95","2395","研華","市","05/12","","494.5","+16","+3.34","6,169","3,036","478.5","487","500","484","3.34","38.3","8.65","","","","",""
"96","3189","景碩","市","05/12","","494","-9","-1.79","29,426","15,072","503","525","532","494","7.55","124","6.03","","","","",""
"97","4768","晶呈科技","櫃","05/12","","493","+4.5","+0.92","1,051","518","488.5","493.5","510","485.5","5.02","1264","15.58","","","","",""
"98","3034","聯詠","市","05/12","","487","-9.5","-1.91","9,533","4,650","496.5","497.5","500","476","4.83","20","4.12","","","","",""
"99","3044","健鼎","市","05/12","","481","-8.5","-1.74","6,498","3,191","489.5","496","508","481","5.52","23.4","4.34","","","","",""
"100","6715","嘉基","市","05/12","","480","-9.5","-1.94","2,053","1,013","489.5","490","514","477.5","7.46","225","8.81","","","","",""
"101","8358","金居","櫃","05/12","","477","+15","+3.25","27,295","13,311","462","476","500","474.5","5.52","91.4","14.78","","","","",""
"102","6415","矽力*-KY","市","05/12","","476.5","+8.5","+1.82","10,896","5,203","468","488","492","462","6.41","74.5","4.95","","","","",""
"103","8021","尖點","市","05/12","","471.5","+42.5","+9.91","8,738","4,112","429","470","471.5","460.5","2.56","171","13.89","","","","",""
"104","3450","聯鈞","市","05/12","","470.5","+42.5","+9.93","19,390","9,084","428","455","470.5","455","3.62","140","13.14","","","","",""
"105","2207","和泰車","市","05/12","","470","-5.5","-1.16","611","289","475.5","477","480.5","470","2.21","13.9","3.04","","","","",""
"106","6664","群翊","櫃","05/12","","467","+27.5","+6.26","2,510","1,146","439.5","449","469.5","443","6.03","31","6.69","","","","",""
"107","6788","華景電","櫃","05/12","","465","-2.5","-0.53","1,326","617","467.5","470","478","458","4.28","26.8","6.44","","","","",""
"108","6451","訊芯-KY","市","05/12","","456.5","+1","+0.22","6,956","3,230","455.5","465","479","443.5","7.79","1756","7.43","","","","",""
"109","5386","青雲","櫃","05/12","","448","+8.5","+1.93","540","234","439.5","435","448","425","5.23","8.87","6.66","","","","",""
"110","3260","威剛","櫃","05/12","","445.5","-11.5","-2.52","21,421","9,648","457","461","464.5","444","4.49","19.2","6.11","","","","",""
"111","5234","達興材料","市","05/12","","433","+18.5","+4.46","1,633","699","414.5","422","445","414.5","7.36","56.2","14.41","","","","",""
"112","6861","睿生光電","市","05/12","","426","+37","+9.51","497","206","389","400","427.5","390","9.64","111","12.17","","","","",""
"113","6903","巨漢","櫃","05/12","","424","+19","+4.69","2,166","910","405","405","438","403","8.64","39.9","8.54","","","","",""
"114","5434","崇越","市","05/12","","423.5","-7.5","-1.74","1,078","457","431","430","430","420","2.32","17.9","4.27","","","","",""
"115","8155","博智","櫃","05/12","","420","0","0","1,815","768","420","417","431.5","417","3.45","61","7.53","","","","",""
"116","2327","國巨*","市","05/12","","419.5","+28","+7.15","63,365","26,204","391.5","399","430","390.5","10.1","36.4","5.05","","","","",""
"117","6196","帆宣","市","05/12","","419.5","-5.5","-1.29","3,790","1,613","425","445","446.5","415","7.41","26.6","5.29","","","","",""
"118","7711","永擎","市","05/12","","415","-5.5","-1.31","740","295","420.5","390","415","390","5.95","25.4","6.27","","","","",""
"119","3030","德律","市","05/12","","408","+11","+2.77","1,406","565","397","399.5","410","391","4.79","35.3","9.21","","","","",""
"120","4958","臻鼎-KY","市","05/12","","407","-5","-1.21","40,078","16,737","412","417","434","406","6.8","58.9","3.51","","","","",""
"121","6472","保瑞","市","05/12","","404","-4.5","-1.1","2,834","1,128","408.5","403.5","413","388.5","6","16.9","3.34","","","","",""
"122","3211","順達","櫃","05/12","","402","-1","-0.25","16,611","6,823","403","415","430","399","7.69","40.1","7.13","","","","",""
"123","7795","長廣","市","05/12","","400","+36","+9.89","1,030","402","364","367.5","400","361","10.7","177","11.21","","","","",""
"124","3526","凡甲","櫃","05/12","","391.5","+3.5","+0.9","1,117","434","388","387","395","380","3.87","22.4","7.18","","","","",""
"125","3587","閎康","櫃","05/12","","385.5","+35","+9.99","6,270","2,407","350.5","378","385.5","372","3.85","63.2","5.3","","","","",""
"126","5284","jpp-KY","市","05/12","","382","+15","+4.09","2,793","1,044","367","367","389","357","8.72","31.7","5.46","","","","",""
"127","6121","新普","櫃","05/12","","382","-12","-3.05","1,692","649","394","391.5","391.5","378","3.43","12.5","1.84","","","","",""
"128","4728","雙美","櫃","05/12","","381","0","0","8","3.15","381","380.5","381","380","0.26","28.6","12.83","","","","",""
"129","5439","高技","櫃","05/12","","381","-10","-2.56","5,265","2,055","391","389.5","404","381","5.88","27.7","8.98","","","","",""
"130","2455","全新","市","05/12","","375","+15","+4.17","3,359","1,237","360","375","375","361.5","3.75","118","18.91","","","","",""
"131","4766","南寶","市","05/12","","373.5","-5.5","-1.45","2,011","768","379","385","396.5","371.5","6.6","18.4","3.26","","","","",""
"132","2049","上銀","市","05/12","","367.5","+16.5","+4.7","13,843","5,012","351","355","370.5","349.5","5.98","80.1","3.46","","","","",""
"133","6414","樺漢","市","05/12","","362","+3","+0.84","1,788","639","359","361.5","362","351","3.06","15.6","1.9","","","","",""
"134","2451","創見","市","05/12","","351","+7.5","+2.18","15,721","5,506","343.5","352","360","342.5","5.09","11.3","5.77","","","","",""
"135","1476","儒鴻","市","05/12","","344.5","-1","-0.29","1,073","371","345.5","345.5","349.5","340.5","2.6","16.7","3.44","","","","",""
"136","6561","是方","櫃","05/12","","344.5","-8.5","-2.41","155","54","353","356.5","356.5","344","3.54","21.7","8.91","","","","",""
"137","2382","廣達","市","05/12","","340","-3.5","-1.02","12,855","4,403","343.5","346.5","347.5","338","2.77","17.5","5.38","","","","",""
"138","6894","衛司特","櫃","05/12","","340","+0.5","+0.15","106","36.1","339.5","331","346","331","4.42","26.4","5.32","","","","",""
"139","4585","達明","市","05/12","","339","-3","-0.88","450","153","342","343","346","335.5","3.07","232","5.16","","","","",""
"140","7768","頌勝科技","市","05/12","","336","-18","-5.08","579","196","354","355","355","334","5.93","104","11.28","","","","",""
"141","8464","億豐","市","05/12","","334.5","-0.5","-0.15","1,238","411","335","335","338","322","4.78","15.1","3.59","","","","",""
"142","7799","禾榮科","市","05/12","","332.5","-2","-0.6","219","72.8","334.5","335","339","330","2.69","","4.62","","","","",""
"143","3026","禾伸堂","市","05/12","","330","+0.5","+0.15","2,669","886","329.5","328.5","339","325","4.25","42.5","5.65","","","","",""
"144","6725","矽科宏晟","櫃","05/12","","328","+4","+1.23","519","169","324","324","337","316.5","6.33","25.3","4.99","","","","",""
"145","4764","雙鍵","市","05/12","","324.5","+3.5","+1.09","328","106","321","337","337","318.5","5.76","173","11.46","","","","",""
"146","6679","鈺太","櫃","05/12","","324.5","-2.5","-0.76","475","155","327","329","334.5","320.5","4.28","38.4","3","","","","",""
"147","2376","技嘉","市","05/12","","321","-3.5","-1.08","12,395","3,975","324.5","327.5","329","315","4.31","17.6","3.64","","","","",""
"148","2408","南亞科","市","05/12","","321","+20","+6.64","217,596","68,140","301","312.5","325","301","7.97","28.7","5.16","","","","",""
"149","5475","德宏","櫃","05/12","","320","-11.5","-3.47","2,327","768","331.5","332","344","320","7.24","","45.58","","","","",""
"150","4772","台特化","櫃","05/12","","315","-2.5","-0.79","4,128","1,321","317.5","318.5","329.5","311.5","5.67","65.1","13.38","","","","",""
"151","6231","系微","櫃","05/12","","311.5","-4.5","-1.42","1,360","430","316","318.5","327","308","6.01","46.8","14.31","","","","",""
"152","7792","安葆","櫃","05/12","","311.5","-4.5","-1.42","280","87.2","316","316.5","316.5","309.5","2.22","35.7","5.12","","","","",""
"153","6217","中探針","櫃","05/12","","310","+28","+9.93","4,361","1,342","282","300","310","300","3.55","","12.15","","","","",""
"154","3413","京鼎","市","05/12","","308.5","0","0","2,218","689","308.5","308.5","315","306.5","2.76","14.4","2.05","","","","",""
"155","3485","敘豐","櫃","05/12","","308","-6.5","-2.07","681","203","314.5","309.5","314","285.5","9.06","52.2","7.97","","","","",""
"156","8499","鼎炫-KY","市","05/12","","306.5","+27.5","+9.86","420","126","279","294","306.5","291","5.56","30.3","1.54","","","","",""
"157","3023","信邦","市","05/12","","301.5","-0.5","-0.17","1,992","605","302","305.5","311","297.5","4.47","23.6","4.13","","","","",""
"158","2449","京元電子","市","05/12","","301","+1.5","+0.5","41,675","12,450","299.5","302.5","302.5","295","2.5","40.8","6.76","","","","",""
"159","4760","勤凱","櫃","05/12","","301","+21.5","+7.69","3,107","918","279.5","281.5","307","273","12.2","39.2","9.7","","","","",""
"160","6937","天虹","市","05/12","","300.5","+5","+1.69","873","264","295.5","297","311","294.5","5.58","92.7","5.91","","","","",""
"161","2233","宇隆","市","05/12","","298","-4.5","-1.49","623","187","302.5","309","309","295.5","4.46","44.5","4.54","","","","",""
"162","3455","由田","櫃","05/12","","292","+6","+2.1","538","157","286","292","295","290","1.75","109","6.81","","","","",""
"163","6138","茂達","櫃","05/12","","289.5","+4.5","+1.58","3,038","879","285","291","298","281.5","5.79","20.6","6.3","","","","",""
"164","0057","富邦摩台","市","05/12","","288.85","+0.5","+0.17","49","14.2","288.35","287.25","289.15","285.75","1.18","","1.0014","","","","",""
"165","6491","晶碩","市","05/12","","287.5","+2","+0.7","286","81.5","285.5","285.5","287.5","283.5","1.4","13.8","1.93","","","","",""
"166","6803","崑鼎","櫃","05/12","","286.5","-0.5","-0.17","160","45.9","287","287","288.5","285","1.22","15.5","2.94","","","","",""
"167","4967","十銓","市","05/12","","285.5","+1","+0.35","11,402","3,237","284.5","287","290.5","278","4.39","7.31","3.42","","","","",""
"168","6213","聯茂","市","05/12","","285.5","-15","-4.99","29,160","8,693","300.5","311","322","285","12.3","69.3","4.92","","","","",""
"169","6285","啟碁","市","05/12","","282","+23","+8.88","47,531","12,989","259","266","282.5","262","7.92","41.3","3.9","","","","",""
"170","00675L","富邦臺灣加權正2","市","05/12","","281.9","-1.75","-0.62","2,054","580","283.65","287.05","287.75","277.55","3.6","","1.0116","","","","",""
"171","6953","家碩","櫃","05/12","","277","-4","-1.42","243","67","281","281","281","271.5","3.38","34.7","5.16","","","","",""
"172","3036","文曄","市","05/12","","275.5","+11","+4.16","43,177","11,814","264.5","270","283","260","8.7","23.7","3.28","","","","",""
"173","6670","復盛應用","市","05/12","","274.5","+12","+4.57","867","235","262.5","262","277","262","5.71","12.2","2.46","","","","",""
"174","8016","矽創","市","05/12","","274","+5.5","+2.05","2,324","634","268.5","270.5","276.5","268.5","2.98","18.7","2.65","","","","",""
"175","1264","德麥","櫃","05/12","","273","+1.5","+0.55","23","6.19","271.5","271","273","271","0.74","13.3","2.76","","","","",""
"176","6290","良維","櫃","05/12","","272.5","-3","-1.09","3,048","836","275.5","272.5","281","271","3.63","31.7","6.12","","","","",""
"177","6881","潤德","櫃","05/12","","272.5","0","0","1","0.19","272.5","272.5","272.5","272.5","0","13.1","4.22","","","","",""
"178","7556","意德士","櫃","05/12","","271","+1","+0.37","129","35.5","270","275.5","280","271","3.33","38.2","5.67","","","","",""
"179","7722","LINEPAY","市","05/12","","271","-6","-2.17","156","42.4","277","275","275","268.5","2.35","36.3","1.71","","","","",""
"180","2486","一詮","市","05/12","","270.5","-11","-3.91","3,038","820","281.5","274.5","274.5","264.5","3.55","1230","12.1","","","","",""
"181","4977","眾達-KY","市","05/12","","270.5","+24.5","+9.96","23,093","5,996","246","240","270.5","239.5","12.6","60.4","5.38","","","","",""
"182","6426","統新","市","05/12","","265.5","+5.5","+2.12","8,427","2,296","260","273.5","280","265","5.77","","11.31","","","","",""
"183","3532","台勝科","市","05/12","","264.5","-3.5","-1.31","692","183","268","269","269","260","3.36","167","4.15","","","","",""
"184","3592","瑞鼎","市","05/12","","261","-2.5","-0.95","1,534","403","263.5","265","267.5","259.5","3.04","16.3","1.84","","","","",""
"185","2313","華通","市","05/12","","260","+18","+7.44","93,922","24,282","242","246","264.5","246","7.64","45.9","6.61","","","","",""
"186","8081","致新","市","05/12","","260","-4","-1.52","1,195","313","264","267","268","259","3.41","14.8","3.07","","","","",""
"187","4722","國精化","市","05/12","","258.5","+23.5","+10","7,264","1,789","235","235","258.5","230","12.1","150","8.47","","","","",""
"188","4576","大銀微系統","市","05/12","","258","+7.5","+2.99","8,874","2,287","250.5","251.5","264.5","249","6.19","102","7.47","","","","",""
"189","3374","精材","櫃","05/12","","255.5","+6.5","+2.61","33,752","8,522","249","248","265","236.5","11.4","49.5","6.84","","","","",""
"190","00685L","群益臺灣加權正2","市","05/12","","254.7","-1.25","-0.49","1,159","296","255.95","260.1","260.1","251","3.56","","1.0128","","","","",""
"191","6667","信紘科","櫃","05/12","","252","-10.5","-4","1,122","284","262.5","258","258.5","250.5","3.05","18.3","4.67","","","","",""
"192","2317","鴻海","市","05/12","","250","-2","-0.79","83,025","20,730","252","254","254","246","3.17","18.4","1.97","","","","",""
"193","8271","宇瞻","市","05/12","","249","-7","-2.73","10,672","2,670","256","265","271","241","11.7","12.1","5.05","","","","",""
"194","6435","大中","櫃","05/12","","248.5","+17","+7.34","2,258","560","231.5","242","254.5","240.5","6.05","23.1","4.89","","","","",""
"195","6533","晶心科","市","05/12","","245.5","-7.5","-2.96","1,343","329","253","252.5","252.5","240","4.94","","2.75","","","","",""
"196","7765","中華資安","市","05/12","","243.5","-6","-2.4","114","28","249.5","246.5","249","242","2.81","22","4.51","","","","",""
"197","8027","鈦昇","櫃","05/12","","241.5","+18.5","+8.3","4,428","1,045","223","230","242.5","227.5","6.73","","9.6","","","","",""
"198","3675","德微","櫃","05/12","","240","-8.5","-3.42","2,155","530","248.5","245.5","257","240","6.84","85.1","4.98","","","","",""
"199","8114","振樺電","市","05/12","","239.5","+21.5","+9.86","5,333","1,242","218","222.5","239.5","219.5","9.17","12.9","2.5","","","","",""
"200","8028","昇陽半導體","市","05/12","","238.5","+4.5","+1.92","21,724","5,327","234","236","253.5","232.5","8.97","54.6","8.18","","","","",""
"201","4908","前鼎","櫃","05/12","","237","+9.5","+4.18","558","132","227.5","233","243","233","4.4","120","10.73","","","","",""
"202","7810","捷創科技","櫃","05/12","","237","+4","+1.72","439","106","233","242","248.5","233","6.65","37.9","5.07","","","","",""
"203","2727","王品","市","05/12","","235.5","+0.5","+0.21","333","78.1","235","236.5","236.5","233","1.49","14.1","5.09","","","","",""
"204","6613","朋億*","櫃","05/12","","235","-5.5","-2.29","370","87.1","240.5","240.5","242","231.5","4.37","17.6","3.43","","","","",""
"205","2301","光寶科","市","05/12","","234.5","+10.5","+4.69","91,946","22,065","224","245","246","230","7.14","34.5","6.04","","","","",""
"206","3581","博磊","櫃","05/12","","234","-2.5","-1.06","225","52.9","236.5","240","240","229","4.65","289","13.49","","","","",""
"207","6197","佳必琪","市","05/12","","234","+5","+2.18","3,529","806","229","231.5","234.5","222","5.46","22.8","6.26","","","","",""
"208","5292","華懋","市","05/12","","233","+10","+4.48","411","94.1","223","226","233","224","4.04","23.5","5.1","","","","",""
"209","1623","大東電","市","05/12","","231.5","-11","-4.54","416","97.4","242.5","240","241","230.5","4.33","16.4","3.82","","","","",""
"210","3515","華擎","市","05/12","","231.5","-1","-0.43","787","182","232.5","234.5","235","229","2.58","14.6","2.54","","","","",""
"211","4770","上品","市","05/12","","230.5","-9.5","-3.96","700","164","240","240.5","240.5","230","4.38","22.6","2.24","","","","",""
"212","1477","聚陽","市","05/12","","228.5","+10.5","+4.82","4,893","1,105","218","218.5","230.5","216.5","6.42","16.5","4.34","","","","",""
"213","3227","原相","櫃","05/12","","228.5","-3","-1.3","2,480","564","231.5","232","233","224","3.89","18.5","2.75","","","","",""
"214","3264","欣銓","櫃","05/12","","228.5","+3","+1.33","11,200","2,546","225.5","227.5","234","222","5.32","34.3","5.35","","","","",""
"215","3228","金麗科","櫃","05/12","","226.5","-15","-6.21","1,848","430","241.5","236","248.5","222","11","","25.42","","","","",""
"216","6239","力成","市","05/12","","226.5","+1","+0.44","18,062","4,077","225.5","227.5","233","219","6.21","26.9","2.87","","","","",""
"217","6568","宏觀","櫃","05/12","","226.5","+0.5","+0.22","409","93.8","226","226.5","234.5","226.5","3.54","55.8","4.56","","","","",""
"218","2912","統一超","市","05/12","","226","-1.5","-0.66","1,493","340","227.5","227.5","230","226","1.76","20.6","5.06","","","","",""
"219","0053","元大電子","市","05/12","","224.9","+0.65","+0.29","56","12.4","224.25","224.4","225.7","221.35","1.94","","1.0042","","","","",""
"220","006208","富邦台50","市","05/12","","224.55","+0.1","+0.04","6,517","1,457","224.45","224.5","225.4","221.3","1.83","","0.9993","","","","",""
"221","2472","立隆電","市","05/12","","223","-2","-0.89","16,652","3,657","225","221.5","234","209.5","10.9","25.5","4.04","","","","",""
"222","3130","一零四","市","05/12","","222","0","0","15","3.42","222","222","223","222","0.45","15.1","4.3","","","","",""
"223","3555","博士旺","櫃","05/12","","220.5","+2.5","+1.15","295","66.3","218","218","232","218","6.42","31.8","11.44","","","","",""
"224","3006","晶豪科","市","05/12","","220","-2","-0.9","40,934","8,945","222","227","227.5","210","7.88","26.4","4.79","","","","",""
"225","3551","世禾","櫃","05/12","","216","-2","-0.92","3,496","755","218","218","219.5","211.5","3.67","26","2.62","","","","",""
"226","6146","耕興","櫃","05/12","","215","+1.5","+0.7","244","52.4","213.5","215","217","213","1.87","19.7","3.56","","","","",""
"227","6829","千附精密","櫃","05/12","","215","-10.5","-4.66","3,466","747","225.5","215","224","209","6.65","51.6","6.24","","","","",""
"228","4441","振大環球","市","05/12","","214.5","+13","+6.45","258","54.7","201.5","209","217","207","4.96","15.1","2.22","","","","",""
"229","6278","台表科","市","05/12","","214.5","-1","-0.46","19,358","4,174","215.5","220","222","210","5.57","24.5","2.79","","","","",""
"230","2603","長榮","市","05/12","","214","0","0","8,784","1,885","214","216","216.5","213.5","1.4","6.76","0.82","","","","",""
"231","3135","凌航","市","05/12","","213.5","+19","+9.77","6,048","1,282","194.5","209","213.5","208","2.83","33.7","7.76","","","","",""
"232","4542","科嶠","櫃","05/12","","213.5","+19","+9.77","397","82.2","194.5","198","213.5","198","7.97","167","10.22","","","","",""
"233","8227","巨有科技","櫃","05/12","","212.5","-13.5","-5.97","1,855","397","226","227","227","208.5","8.19","103","7.38","","","","",""
"234","6811","宏碁資訊","櫃","05/12","","211","-1.5","-0.71","176","37.1","212.5","213.5","213.5","209.5","1.88","13.9","4.11","","","","",""
"235","006204","永豐臺灣加權","市","05/12","","210.35","+0.85","+0.41","6","1.17","209.5","209.7","210.35","207.75","1.24","","1.0048","","","","",""
"236","1795","美時","市","05/12","","210","-23","-9.87","11,572","2,438","233","211","213.5","210","1.5","11.6","2.32","","","","",""
"237","6257","矽格","市","05/12","","210","-2.5","-1.18","12,870","2,713","212.5","213.5","214","208","2.82","31.4","4.65","","","","",""
"238","7703","銳澤","櫃","05/12","","209.5","-1","-0.48","138","29","210.5","212","212","208","1.9","24","3.4","","","","",""
"239","2247","汎德永業","市","05/12","","209","-3","-1.42","181","37.9","212","210.5","210.5","208","1.18","13.2","1.36","","","","",""
"240","3035","智原","市","05/12","","208.5","+13","+6.65","40,874","8,047","195.5","200.5","210.5","187","12","74.2","4.16","","","","",""
"241","6672","騰輝電子-KY","市","05/12","","206","-3","-1.44","3,942","825","209","209.5","215","204.5","5.02","37.3","3.96","","","","",""
"242","2474","可成","市","05/12","","205.5","-2.5","-1.2","3,226","663","208","207","207.5","202","2.64","18.1","0.85","","","","",""
"243","00670L","富邦NASDAQ正2","市","05/12","","204.8","-0.6","-0.29","1,547","317","205.4","206.05","206.4","204","1.17","","1.0051","","","","",""
"244","1503","士電","市","05/12","","204.5","-2","-0.97","3,465","707","206.5","208","208","201","3.39","32.6","2.94","","","","",""
"245","3376","新日興","市","05/12","","204","-2.5","-1.21","3,078","625","206.5","206.5","206.5","201","2.66","125","2.32","","","","",""
"246","6761","穩得","櫃","05/12","","204","-6","-2.86","1,687","354","210","213","219.5","203.5","7.62","29.6","4.34","","","","",""
"247","4931","新盛力","櫃","05/12","","202.5","+15.5","+8.29","32,312","6,516","187","198","205.5","192","7.22","64.7","10.78","","","","",""
"248","2428","興勤","市","05/12","","201.5","+8.5","+4.4","2,831","565","193","193","204.5","193","5.96","18.3","2.2","","","","",""
"249","6449","鈺邦","市","05/12","","198.5","+18","+9.97","3,918","758","180.5","182","198.5","177.5","11.6","26.9","3.76","","","","",""
"250","6147","頎邦","櫃","05/12","","196","-0.5","-0.25","31,804","6,260","196.5","196.5","201.5","193","4.33","57.1","3.11","","","","",""
"251","8069","元太","櫃","05/12","","195.5","+17.5","+9.83","61,919","12,075","178","195.5","195.5","188.5","3.93","21.4","3.28","","","","",""
"252","6719","力智","市","05/12","","195","+5","+2.63","1,233","239","190","192.5","196","190","3.16","27.1","1.44","","","","",""
"253","3357","臺慶科","櫃","05/12","","194","+7.5","+4.02","7,844","1,489","186.5","187","196","180","8.58","19.8","2.25","","","","",""
"254","3617","碩天","市","05/12","","194","-8.5","-4.2","642","126","202.5","202.5","202.5","193","4.69","13.4","1.9","","","","",""
"255","4571","鈞興-KY","市","05/12","","194","-3.5","-1.77","614","120","197.5","199","199","191.5","3.8","20.2","3.19","","","","",""
"256","6658","聯策","市","05/12","","194","+17.5","+9.92","728","140","176.5","193.5","194","187","3.97","74","5.12","","","","",""
"257","6782","視陽","市","05/12","","190","-4.5","-2.31","447","85.4","194.5","194.5","196","189.5","3.34","12.8","2.84","","","","",""
"258","8091","翔名","櫃","05/12","","190","-10","-5","1,245","238","200","197","197","188","4.5","32.3","2.75","","","","",""
"259","3611","鼎翰","櫃","05/12","","189.5","-1.5","-0.79","82","15.5","191","191","191.5","188","1.83","9.65","1.67","","","","",""
"260","5903","全家","櫃","05/12","","189.5","0","0","40","7.66","189.5","189.5","189.5","189","0.26","27.3","5.14","","","","",""
"261","6996","力領科技","櫃","05/12","","189","+6","+3.28","208","39.1","183","184","192.5","183.5","4.92","14.5","3.21","","","","",""
"262","8454","富邦媒","市","05/12","","189","-5","-2.58","651","124","194","194","195","188","3.61","18","4.84","","","","",""
"263","2492","華新科","市","05/12","","188.5","+17","+9.91","41,347","7,442","171.5","175","188.5","167.5","12.2","36.1","1.71","","","","",""
"264","1597","直得","市","05/12","","187","+5","+2.75","1,703","315","182","189","189","180","4.95","158","6.81","","","","",""
"265","1256","鮮活果汁-KY","市","05/12","","186.5","+9.5","+5.37","328","62.3","177","193","193","186.5","3.67","16.7","1.69","","","","",""
"266","6870","騰雲","櫃","05/12","","186.5","-3.5","-1.84","72","13.4","190","190","190","183.5","3.42","26.3","3.71","","","","",""
"267","6263","普萊德","櫃","05/12","","184.5","+16.5","+9.82","357","65.9","168","184.5","184.5","184.5","0","22.2","6.55","","","","",""
"268","4771","望隼","市","05/12","","184","-4.5","-2.39","456","85","188.5","191","192","184","4.24","14.5","2.7","","","","",""
"269","7788","松川精密","市","05/12","","184","+1.5","+0.82","822","153","182.5","183.5","192","180.5","6.3","50.7","2.48","","","","",""
"270","6271","同欣電","市","05/12","","183","-2.5","-1.35","4,248","782","185.5","186.5","186.5","182.5","2.16","27.1","1.45","","","","",""
"271","6922","宸曜","櫃","05/12","","183","+4","+2.23","171","30.8","179","180","183.5","175","4.75","26.5","4.75","","","","",""
"272","8147","正淩","櫃","05/12","","183","+13.5","+7.96","4,451","812","169.5","182","186","175","6.49","59.4","5.12","","","","",""
"273","3217","優群","櫃","05/12","","182.5","+4.5","+2.53","4,099","747","178","184.5","186","178.5","4.21","14.6","3.16","","","","",""
"274","2351","順德","市","05/12","","182","-8.5","-4.46","9,592","1,746","190.5","190","190.5","177.5","6.82","110","4.76","","","","",""
"275","2752","豆府","櫃","05/12","","181.5","-0.5","-0.27","16","2.95","182","182.5","182.5","181.5","0.55","12.1","3.5","","","","",""
"276","3289","宜特","櫃","05/12","","181.5","0","0","4,866","894","181.5","186","188","180.5","4.13","37.7","3.36","","","","",""
"277","3596","智易","市","05/12","","181","-3","-1.63","2,191","400","184","184","186","180.5","2.99","14.3","2.54","","","","",""
"278","4919","新唐","市","05/12","","181","-3","-1.63","48,845","9,116","184","186","197","179.5","9.51","","5.75","","","","",""
"279","3715","定穎投控","市","05/12","","180.5","-1","-0.55","8,671","1,569","181.5","182","184","179","2.75","66.9","4.74","","","","",""
"280","1773","勝一","市","05/12","","179.5","+3.5","+1.99","1,270","228","176","178","183","175","4.55","24.8","4.54","","","","",""
"281","6933","AMAX-KY","市","05/12","","179","+16","+9.82","594","103","163","167","179","166.5","7.67","35.5","3.31","","","","",""
"282","2072","世紀風電","市","05/12","","178.5","-1","-0.56","358","64.2","179.5","180","181","178.5","1.39","12.2","1.47","","","","",""
"283","2753","八方雲集","市","05/12","","178.5","-1","-0.56","256","45.7","179.5","179","179.5","178","0.84","13.9","3.13","","","","",""
"284","3265","台星科","櫃","05/12","","178.5","-2","-1.11","1,803","323","180.5","181.5","182","177.5","2.49","31.3","4.03","","","","",""
"285","3430","奇鈦科","櫃","05/12","","178","+10","+5.95","9,099","1,490","168","155","179.5","151.5","16.7","56.5","5.26","","","","",""
"286","3147","大綜","櫃","05/12","","177.5","-3.5","-1.93","243","43.5","181","183","183.5","175.5","4.42","19.9","4.84","","","","",""
"287","4961","天鈺","市","05/12","","177.5","+7","+4.11","4,229","749","170.5","178","180","173","4.11","21.4","1.21","","","","",""
"288","006203","元大MSCI台灣","市","05/12","","177.45","+0.7","+0.4","14","2.55","176.75","176.9","177.9","175.3","1.47","","1.0023","","","","",""
"289","7738","東聯互動","櫃","05/12","","176","-2.5","-1.4","29","5.14","178.5","178","178","175.5","1.4","12","2.39","","","","",""
"290","3152","璟德","櫃","05/12","","175.5","0","0","736","128","175.5","176","176.5","170.5","3.42","18.8","2.93","","","","",""
"291","7730","暉盛-創","市","05/12","","175","-6","-3.31","82","14.9","181","184","185","175","5.52","101","6.49","","","","",""
"292","7772","耀穎","櫃","05/12","","175","-11.5","-6.17","742","132","186.5","190","192","173","10.2","94.1","5.97","","","","",""
"293","8083","瑞穎","櫃","05/12","","175","+0.5","+0.29","25","4.3","174.5","175.5","176","174","1.15","16.5","4.65","","","","",""
"294","8416","實威","櫃","05/12","","175","0","0","5","0.82","175","175.5","175.5","175","0.29","13","2.96","","","","",""
"295","3570","大塚","櫃","05/12","","173.5","-2","-1.14","275","47.4","175.5","180","180","169","6.27","12.4","2.72","","","","",""
"296","2707","晶華","市","05/12","","172.5","+1","+0.58","398","69","171.5","173","174.5","172.5","1.17","12.3","6.21","","","","",""
"297","6438","迅得","市","05/12","","171.5","+0.5","+0.29","1,454","249","171","172","173","169","2.34","32.7","2.63","","","","",""
"298","3416","融程電","市","05/12","","170.5","-1","-0.58","742","127","171.5","173","174","170","2.33","23.4","4.23","","","","",""
"299","6732","昇佳電子","櫃","05/12","","170.5","+3.5","+2.1","440","75.1","167","168","173","168","2.99","26.9","2.04","","","","",""
"300","5347","世界","櫃","05/12","","170","-4.5","-2.58","48,960","8,330","174.5","174","175","164.5","6.02","39.5","4.97","","","","",""
