"排名","代號","名稱","成交","漲跌價","漲跌幅","成交張數","更新日期","當日增減(%)","2日增減(%)","3日增減(%)","5日增減(%)","10日增減(%)","1個月增減(%)","3個月增減(%)","半年增減(%)","1年增減(%)","今年增減(%)"
"1","00707R","期元大S&P日圓反1","31.86","+0.1","+0.31","21","05/18","-100","-100","-100","-100","-100","","-100","","",""
"2","00746B","富邦A級公司債","35","-0.14","-0.4","1,141","05/18","","","","-100","-100","-100","","-100","-100","-100"
"3","00788B","元大10年IG電能債","29.36","-0.15","-0.51","130","05/18","","","","-100","-100","-100","-100","-100","-100","-100"
"4","009810","玉山全球藍籌100","20.56","-0.24","-1.15","381","05/18","-100","-100","-100","-100","-100","-100","-100","-100","","-100"
"5","3049","精金","12.05","-0.15","-1.23","6,384","05/18","-100","-100","-100","-100","-100","-100","-100","-100","-100","-100"
"6","4987","科誠","81.5","-0.1","-0.12","11","05/18","","","","-100","-100","-100","-100","-100","-100","-100"
"7","00989B","台新美國非投等債","9.96","-0.01","-0.1","304","05/18","0","0","0","-96.4","-95.9","-97.7","","","",""
"8","00768B","復華20年美債","49.47","-0.44","-0.88","317","05/18","0","0","0","-83.3","0","0","-50","-87.5","","-80"
"9","00851","台新全球AI","64.2","-0.6","-0.93","14","05/18","0","0","0","-83.3","-85.7","-83.3","","-50","-85.7","-66.7"
"10","00726B","國泰新興投等債","32.46","-0.16","-0.49","182","05/18","0","0","0","-75","0","0","-83.3","-83.3","0","0"
"11","00875","國泰網路資安","43.52","+0.6","+1.4","324","05/18","0","0","0","-75","-83.3","-80","-66.7","-66.7","-93.3","-66.7"
"12","4205","中華食","72.9","-0.1","-0.14","27","05/18","0","0","-75","-75","-75","-75","0","-95.5","-98.7","-95.5"
"13","00661","元大日經225","78.9","-0.5","-0.63","234","05/18","-72.7","-73.9","-73.3","-73.3","-70","-69.2","-66.7","-71.4","-65.7","-69.2"
"14","00636","國泰中國A50","28.36","-0.32","-1.12","750","05/18","0","+11.8","+11.8","-70.8","-67","-66.7","-73.8","-83.6","-97.1","-80.6"
"15","00907","永豐優息存股","14.51","-0.1","-0.68","1,075","05/18","-12.1","-46.3","-73.4","-70.1","-75","-25.6","-12.1","-74.1","-95.5","-38.3"
"16","009809","富邦淨零ESG50","15.22","-0.19","-1.23","1,477","05/18","0","-33.3","-33.3","-66.7","0","+100","-33.3","-89.5","","-55.6"
"17","9926","新海","49.1","+0.1","+0.2","83","05/18","-13","-39.4","-39.4","-66.7","-67.7","-78.7","+1,900","+900","+900","+1,900"
"18","00926","凱基全球菁英55","25.27","-0.08","-0.32","1,676","05/18","-4","-4","-22.6","-64.7","-65.2","-66.7","-88.8","-70.4","-83.4","-90.7"
"19","8069","元太","219","+9","+4.29","5,323","05/18","+3.48","+4.42","-19","-64.3","-43.6","-36.2","-22","-14.6","+22.5","-3.92"
"20","1268","漢來美食","159","+1","+0.63","99","05/18","-5.26","-53.8","-57.1","-63.3","-64.7","-66.7","-82.2","-86","-58.1","-82.5"
"21","2729","瓦城","161","-3","-1.83","126","05/18","-58.3","-63","-63","-63","-77.8","-85.3","-28.6","0","-66.7","0"
"22","4430","耀億","16.65","-0.35","-2.06","20","05/18","0","-30","-33.3","-61.6","-75.2","-75.9","-75.4","-76.3","-84.9","-75.7"
"23","00859B","群益0-1年美債","41.12","+0.21","+0.51","3,467","05/18","0","0","0","-60","-60","-60","-83.3","","","-85.7"
"24","00714","群益道瓊美國地產","21.02","-0.25","-1.18","13","05/18","-57.1","-57.1","-57.1","-57.1","-57.1","-66.7","-99.1","-99.1","+200","-99"
"25","00917","中信特選金融","21.27","-0.16","-0.75","689","05/18","0","-11.9","-54.3","-56.5","-71.4","-59.1","-61.3","+1,800","+906","+714"
"26","0055","元大MSCI金融","33.49","-0.17","-0.51","220","05/18","-6.76","0","+1.47","-50.4","-15.9","+40.8","+123","+1,050","+165","-25"
"27","00682U","期元大美元指數","20.41","+0.24","+1.19","16","05/18","-40","-50","-50","-50","-50","-50","+50","-50","-81.2","-50"
"28","00703","台新MSCI中國","20.03","-0.18","-0.89","16","05/18","0","0","-50","-50","0","0","-83.3","-96.7","-98.4","-83.3"
"29","00897","富邦基因免疫生技","9.54","-0.14","-1.45","435","05/18","0","0","-34.6","-50","-56.4","-43.3","-70.7","-71.2","-91.2","-91.3"
"30","4506","崇友","118.5","0","0","33","05/18","0","0","0","-50","0","-66.7","-75","-95.7","-99.2","-75"
"31","4568","科際精密","40.35","+0.25","+0.62","13","05/18","0","0","-25","-46.1","-60.7","-14.3","-15.8","+71.4","+200","+2.13"
"32","00731","復華富時高息低波","74.45","-0.4","-0.53","593","05/18","0","0","-45.5","-45.5","-57.1","-57.1","-76","-93.5","-96.2","-92.5"
"33","1217","愛之味","9.33","-0.17","-1.79","789","05/18","+0.88","-38.5","-39.7","-43.9","-43.9","-40.4","-12","-18.6","-43.2","-2.02"
"34","00852L","國泰美國道瓊正2","30.88","-0.86","-2.71","176","05/18","+2.98","+1.17","-2.81","-42.7","-23.8","-66.5","-59.9","+57.3","-86.1","+106"
"35","6486","互動","81.2","-0.8","-0.98","367","05/18","-39.1","-39.2","-41.2","-41.8","-44.5","-39.7","+29.8","+75","+151","-44.7"
"36","00640L","富邦日本正2","96.55","-0.85","-0.87","259","05/18","-5.25","-7.41","-8.71","-41.5","-45.8","-63.5","-62.6","+22.2","-17.7","-17.5"
"37","6109","亞元","10.85","-0.2","-1.81","1,073","05/18","0","0","0","-41.1","-43.1","-50.7","-59.5","-72","-93","-69.7"
"38","8210","勤誠","1380","-30","-2.13","1,281","05/18","-3.56","-11.1","-16","-41","-42.8","-39.5","+7.05","+69.2","-7.56","+19.6"
"39","00668","國泰美國道瓊","56.7","-0.6","-1.05","20","05/18","0","0","0","-40.3","+640","+517","+640","-14.9","+164","-39.3"
"40","4440","宜新實業","18.3","-0.35","-1.88","898","05/18","0","-13.7","-24.1","-40.1","-34.3","-54.4","-66.4","-79.5","-77.9","-76.1"
"41","2751","王座","52.3","-1.2","-2.24","7","05/18","-40","-62.5","-50","-40","-50","-57.1","-25","","","+200"
"42","6141","柏承","31.05","+2.8","+9.91","1,463","05/18","0","-37.9","-37.9","-40","-40","-45.5","-92.2","-94","-96.1","-93.5"
"43","00995A","主動中信台灣卓越","16.24","-0.09","-0.55","8,139","05/18","-1.47","-26.4","-34.6","-39.3","-40.8","-37.2","+13.5","","",""
"44","8147","正淩","190.5","+1.5","+0.79","1,838","05/18","-1","-7.02","-6.96","-39.1","-48.6","-35.4","+49.3","+59.8","+55","+75.5"
"45","009820","元大納斯達克精選","10.06","-0.09","-0.89","28,936","05/18","-22.3","-28.3","-28.5","-36.8","-4.99","","","","",""
"46","8942","森鉅","42.1","-0.4","-0.94","338","05/18","-6.73","-24.3","-27.5","-36.3","-8.83","-2.57","+8.4","+6.17","+80.9","+22.4"
"47","00764B","群益25年美債","27.22","-0.21","-0.77","9,697","05/18","0","-15.8","-23.8","-36","-50","-70.4","-70.9","-91.8","-98.1","-86.3"
"48","5209","新鼎","165","0","0","68","05/18","-5.88","-42.9","-40.7","-36","+45.5","-44.8","-70.9","","","-57.9"
"49","6806","森崴能源","14.05","-1.55","-9.94","201","05/18","-14.4","-21.1","-35.8","-35.9","-37.8","-41.1","-64.7","-76.2","-70.3","-71.2"
"50","00923","群益台ESG低碳50","37.55","-0.13","-0.35","3,903","05/18","+1.69","-1.45","-2.16","-35.4","-3.04","-17.1","-64.5","+634","+8.82","+497"
"51","3325","旭品","12","-0.05","-0.41","236","05/18","0","-22.8","-22.8","-34.8","-37.2","-41.1","-52.9","-70.6","-82.2","-67"
"52","8487","愛爾達-創","78.5","+0.3","+0.38","36","05/18","-33.3","-32.1","-33.3","-34.5","+125","+125","+157","+3,500","","+3,500"
"53","00996A","主動兆豐台灣豐收","13.65","0","0","11,443","05/18","-10.7","-16.8","-13.7","-34","-31.6","+75.6","","","",""
"54","009819","中信數據及電力","10.06","-0.1","-0.98","11,733","05/18","+5.3","-9.45","-23.7","-32.4","-40","","","","",""
"55","1438","三地開發","20.25","-0.25","-1.22","42","05/18","-1.61","+3.39","-30.7","-32.2","-41.9","-44","-71.4","-84.9","-90.5","-77.2"
"56","1236","宏亞","23.35","-1.1","-4.5","116","05/18","-12.2","-13","-11.4","-32.2","-18.1","+7.18","+40.6","+55.2","+6.01","+64.4"
"57","00645","富邦日本","53.95","-0.4","-0.74","204","05/18","-25.6","-27.5","-19.4","-31","-21.6","-34.1","-50","-67","-54","-31"
"58","6227","茂綸","119","-5.5","-4.42","4,945","05/18","-17.3","-29.9","-29.8","-30.8","-27.4","-29.8","-29.4","-28","-19","-25.6"
"59","6683","雍智科技","1800","+65","+3.75","860","05/18","-5.78","-22.8","-25.5","-29.7","-29.7","-14.5","-5.64","","","+179"
"60","3036","文曄","263.5","-6.5","-2.41","8,559","05/18","+5.83","-8.2","-8.89","-29.5","+13.5","+63.7","+206","+151","+59.8","+160"
"61","5478","智冠","97.9","+0.1","+0.1","224","05/18","-26.4","-26.2","-29.8","-29.1","-29.1","-18.5","-21.6","-17.3","-20.1","-25.4"
"62","1809","中釉","37.6","-1","-2.59","3,027","05/18","+0.38","-2.64","-7.88","-28.4","+5.44","+7.53","+40.1","+72.7","+42.3","+82.7"
"63","1721","三晃","29.3","-2.1","-6.69","5,575","05/18","0","-18.9","-27.9","-27.9","-29.1","-72.4","-82.3","-94.5","-96.6","-90.6"
"64","8488","吉源-KY","10.85","+0.96","+9.71","358","05/18","-18.8","-18.8","-18.8","-27.8","-13.3","-18.8","-43.5","-53.6","-68.3","-40.9"
"65","00913","兆豐台灣晶圓製造","43.51","-0.21","-0.48","1,249","05/18","-34.4","-35.4","-26.3","-27.6","-12.5","+7.69","-84.2","+4,100","+1,300","+16.7"
"66","6624","萬年清","46.6","-0.05","-0.11","23","05/18","-3.61","-2.6","-2.09","-27.5","-34.2","-27.2","-34.6","","","-39.3"
"67","6967","汎瑋材料","73","+0.9","+1.25","25","05/18","0","-0.84","-8.56","-27.5","-21.9","+1.73","+69.1","","","-15.2"
"68","8908","欣雄","40.5","+0.25","+0.62","159","05/18","-1.01","-1.01","-15.9","-27.4","-34.4","-40.2","+460","+232","+244","+256"
"69","7734","印能科技","3705","-45","-1.2","520","05/18","-8.85","-16.9","-18.1","-27.4","-35.5","-48.1","-2.45","","","+586"
"70","00987A","主動台新優勢成長","16.54","+0.04","+0.24","7,345","05/18","-1.48","-14.5","-13.2","-27.4","-27.9","-31.2","+156","","","+6.53"
"71","6525","捷敏-KY","110.5","+5.5","+5.24","1,515","05/18","-0.41","-22.8","-25.3","-26.9","+30.2","+71.5","+41.6","+40.9","+90.9","+46.3"
"72","1108","幸福","13.7","-0.15","-1.08","411","05/18","-11.9","-2.8","+1.79","-26.8","-26.7","-23.4","+4.45","+14.3","+29.1","+21.3"
"73","1709","和益","18","-0.2","-1.1","1,068","05/18","-26.4","-27.3","-26.7","-26.7","-25.6","-31.2","-18.8","-19.6","-12.6","-29.5"
"74","00911","兆豐洲際半導體","54.6","-1.1","-1.97","463","05/18","-0.72","-24.3","-22.6","-26.7","+82.7","+281","+523","+242","+108","+342"
"75","6103","合邦","37.9","+0.25","+0.66","2","05/18","0","0","0","-26.3","-26.3","-22.2","","","",""
"76","3388","崇越電","99","+1.8","+1.85","1,768","05/18","-2.47","-35.9","-39","-26.3","-17.3","+49.6","+1,733","+1,858","+2,381","+1,806"
"77","5516","雙喜","10.9","+0.2","+1.87","11","05/18","0","0","0","-25.8","-25.8","-32.4","-59.3","-86.3","-92.2","-74.7"
"78","00998A","主動復華金融股息","15.75","-0.18","-1.13","1,463","05/18","+0.6","-17.7","-18.1","-25.8","-17.7","-41.4","","","",""
"79","1443","立益物流","26.3","+0.1","+0.38","21","05/18","0","-25.5","-25.5","-25.5","+40","+25","-28.6","-64.6","-68.5","-65.7"
"80","1560","中砂","649","+7","+1.09","1,363","05/18","-0.16","-3.5","+2.98","-25.5","-10.5","+6.49","-17.1","-56.8","-25.4","-39.7"
"81","3557","嘉威","25.25","-1.75","-6.48","192","05/18","+0.5","-6.07","-8.64","-25.1","-25.1","-3.13","-16.6","-32.1","-39.8","-15.4"
"82","3372","典範","19.2","-0.35","-1.79","605","05/18","-25","-25","-25","-25","-25","-40","-84.2","-99.7","-99.9","-99.4"
"83","6173","信昌電","166","+11","+7.1","1,810","05/18","-3.26","-5.49","-10.2","-24.6","-16.2","+0.66","+42.1","+55","+294","+57.2"
"84","6206","飛捷","130","0","0","2,431","05/18","+3.28","-2.66","-9.29","-24.5","-16.4","-16.2","-25.3","-31.3","-51.9","-23.7"
"85","3011","今皓","12.4","+0.05","+0.4","497","05/18","-0.28","-4.72","-16.3","-24.5","-34.6","-28.9","+33.3","+48.5","+64.3","+11"
"86","00900","富邦特選高股息30","16.69","+0.01","+0.06","10,233","05/18","+14.9","+38.5","+29.8","-24.4","-38.5","-53.9","-62.3","-94.1","-89.5","-87"
"87","2465","麗臺","76","-1.3","-1.68","1,737","05/18","-8.96","-13.1","-17","-24.3","-26.6","+306","+203,100","+371","+212","+1,010"
"88","00735","國泰臺韓科技","96.9","-0.1","-0.1","2,767","05/18","-2.3","-17.1","-13.1","-24.3","+35.1","+16.5","+329","+1,932","+11,376","+559"
"89","6023","元大期","97.9","-0.8","-0.81","242","05/18","-31.2","-31.4","-29.2","-24.1","-44.2","-16.5","-38.1","-19.3","-39.6","-41.3"
"90","1714","和桐","9.75","-0.09","-0.91","4,573","05/18","-15.9","-14.8","-14","-23.9","-22.6","-14.8","+46.1","+21.3","+24.6","+22.2"
"91","00949","復華日本龍頭","20.05","-0.08","-0.4","1,063","05/18","0","-7.69","-23","-23.8","-5.26","-9.43","+42.6","-52.5","-84.1","-19.1"
"92","4442","竣邦-KY","51","0","0","92","05/18","+3.57","+11.5","-35.6","-23.7","+16","-12.1","-50.8","","","-69.1"
"93","00885","富邦越南","19.27","+0.02","+0.1","3,862","05/18","-0.6","-1.42","-6.42","-23.6","-32.9","-63.9","-80.5","-85.1","-60.6","-82.4"
"94","1109","信大","14.6","-0.25","-1.68","493","05/18","-25.8","-24.4","-23.2","-23.4","-32.1","-36","-51.9","-52.3","-55.7","-51.3"
"95","00985A","主動野村台灣50","20.7","-0.21","-1","8,152","05/18","-0.44","-12.9","-18.7","-22.5","+6.17","-1.84","+52.8","+1.7","","+40.2"
"96","3501","維熹","39.8","-0.15","-0.38","386","05/18","-0.46","-0.46","-13.7","-22.4","-23.9","-25.2","-21.4","+32.3","+56.8","+41.3"
"97","6508","惠光","23.45","-0.55","-2.29","114","05/18","-21.9","-21.9","-22.1","-22.3","-27.8","-32.3","+217","+228","+113","+228"
"98","1730","花仙子","52.7","+0.1","+0.19","27","05/18","0","-12.5","-36.4","-22.2","-22.2","+40","-12.5","+16.7","-30","+16.7"
"99","9925","新保","40.15","-0.05","-0.12","252","05/18","0","-22.2","-22.2","-22.2","-22.2","+75","-80.6","-22.2","-30","-50"
"100","6561","是方","338","-0.5","-0.15","122","05/18","-9.04","-18.8","-20.8","-22.2","-24.6","-22.8","-11.1","-24.8","+0.97","-34"
"101","4919","新唐","148.5","-6","-3.88","17,042","05/18","-5.85","-12.4","-19.7","-21.9","-3.81","-2.48","+204","+248","+337","+223"
"102","009812","野村日本東證","12","-0.03","-0.25","1,137","05/18","0","+12.5","-20.6","-21.7","-23.9","-11.5","-83.1","-43.8","","+20"
"103","1423","利華","40.8","-0.3","-0.73","6","05/18","-1.43","-9.21","-19.8","-21.6","-24.2","-44.8","+68.3","-8","-70.3","+86.5"
"104","1590","亞德客-KY","1450","-15","-1.02","762","05/18","-0.55","-9.45","-14.2","-21.6","-39.5","+52.9","-12.5","-16.5","+44.4","+5.81"
"105","4931","新盛力","187.5","+4","+2.18","8,471","05/18","+1.59","-12.1","-7.77","-21.4","-15.2","-1.89","+13.1","+12.2","-7.39","-11.2"
"106","4556","旭然","38.8","+0.25","+0.65","253","05/18","-32.1","-37.2","-35","-21.4","-39.5","-59.8","-38.8","-53","-66.8","-41.4"
"107","2414","精技","49.1","+0.8","+1.66","308","05/18","-2.59","-8.74","-14.9","-21.3","-14.2","-18.3","-16.8","-42.7","-76.1","-26"
"108","6259","百徽","23.35","-0.1","-0.43","444","05/18","+0.2","-5.41","-45.4","-21.2","-8.58","-28.6","+17.8","","","+17.5"
"109","3556","禾瑞亞","51.2","-1","-1.92","461","05/18","-18","-18.6","-19.2","-21.1","-15.6","+60.9","+84.7","+103","+41.1","+103"
"110","3669","圓展","36.8","-0.95","-2.52","371","05/18","-20.1","-20.6","-21","-21","-36.2","-22.4","-4.13","-9.62","-10.7","-22.2"
"111","00927","群益半導體收益","34.9","-0.12","-0.34","20,253","05/18","+1.57","-1.68","-12.7","-20.9","+18.6","-42.3","+53.6","+938","+159","+805"
"112","3592","瑞鼎","251.5","+3","+1.21","477","05/18","-0.11","+3.14","-2.54","-20.8","-14.2","-9.62","-13.4","+34.6","+49.5","-23.3"
"113","1735","日勝化","25.3","-0.75","-2.88","394","05/18","-1.07","-3.8","-4.35","-20.8","-5.86","-22.7","+69","+88.5","+137","-2.11"
"114","1216","統一","74.7","-1","-1.32","10,539","05/18","+6.92","0","-11.7","-20.7","-2.17","+12.4","-25.2","+0.46","-15.5","+17.5"
"115","6224","聚鼎","73.4","+1.7","+2.37","1,183","05/18","-0.55","-15.7","-20.3","-20.7","-3.91","+20.7","+208","+163","+173","+197"
"116","5425","台半","77.9","+5.9","+8.19","20,703","05/18","-1.36","-8","-8.86","-20.6","+20.6","+15.9","+61.4","+20.1","+18.4","+39.9"
"117","3416","融程電","168.5","+5.5","+3.37","578","05/18","+2.21","-3.58","-3.26","-20.4","+0.43","+4.23","-17","-19.5","+97.9","-19.3"
"118","4441","振大環球","204.5","-1.5","-0.73","40","05/18","+1.77","-3.36","-3.36","-20.1","-2.54","+6.48","","","",""
"119","5236","凌陽創新","163","+2","+1.24","242","05/18","+1.63","-0.53","-16.9","-20.1","-14.4","+15.8","-21.8","-44.3","-19.4","-25.3"
"120","1232","大統益","148","-0.5","-0.34","44","05/18","0","0","0","-20","-20","-20","-77.8","-50","-76.5","-50"
"121","7584","樂意","28.55","+0.15","+0.53","6","05/18","0","0","+12","-20","+3.7","-6.67","+3.7","","",""
"122","00401A","主動摩根台灣鑫收","12.35","-0.03","-0.24","7,357","05/18","-20.6","-21.7","-20.7","-19.9","-46.7","-45.5","","","",""
"123","2707","晶華","172.5","+0.5","+0.29","123","05/18","-2.33","-3.45","-2.89","-19.6","-16.4","-6.67","-2.89","-36.4","-71.2","-31.4"
"124","6510","精測","3720","-15","-0.4","622","05/18","-0.31","-6.47","-9.4","-19.6","-7.29","+4.43","+141","+9.09","+74.2","+93.9"
"125","00910","第一金太空衛星","75.8","+1.35","+1.81","3,474","05/18","+18.6","+13.8","+9.59","-19.5","-18.2","-16.3","-25.1","+72.3","+291","+73.3"
"126","8917","欣泰","52.6","-0.6","-1.13","33","05/18","-10.7","-10.7","-10.7","-19.4","-26.5","-52.8","+2,400","+733","+2,400","+733"
"127","4949","有成精密","87.5","+1.8","+2.1","1,430","05/18","-3.36","-4.8","-15","-19.3","-11","+0.75","+64.6","+25.3","+30.7","+20.5"
"128","3570","大塚","172","+0.5","+0.29","25","05/18","0","+4.08","+4.08","-19","+143","+82.1","+24.4","","","+155"
"129","2342","茂矽","39.65","-0.8","-1.98","3,850","05/18","-7.18","-13.1","-20.8","-19","+5.41","+31.7","+14.7","+7.55","+32","+18.5"
"130","00888","永豐台灣ESG","30.31","-0.35","-1.14","6,591","05/18","-5.6","-2.08","-8.1","-18.8","-11.2","-67.6","+3,556","+854","+545","+339"
"131","2316","楠梓電","126.5","-3","-2.32","8,578","05/18","+3.4","-0.86","-10.1","-18.7","-10","+2.83","+4.2","-16.2","+78.4","-0.12"
"132","3045","台灣大","114","-0.5","-0.44","12,852","05/18","+57.5","+99.7","+18.2","-18.7","-0.65","+47.8","-36.8","-70.8","+118","+11.3"
"133","5607","遠雄港","48.4","+0.7","+1.47","479","05/18","-3.32","-10.3","-10.7","-18.6","-18.3","-13","+2.01","-17.4","-14.6","-3.12"
"134","6596","寬宏藝術","96.7","-0.8","-0.82","340","05/18","-15.9","-17.3","-20.4","-18.6","-8.54","-12.6","-52.9","-36","-21.7","-29.7"
"135","3026","禾伸堂","359.5","+32.5","+9.94","2,022","05/18","-2.19","-5.88","-10.2","-18.6","-38.9","-41.1","+293","+293","+2,895","+250"
"136","6642","富致","76.7","+6.9","+9.89","349","05/18","+2.49","-8.67","-16.9","-18.4","-9.58","-23.5","-11.4","+1.68","+52.8","-33.2"
"137","2467","志聖","594","+7","+1.19","1,507","05/18","-1.17","-0.56","-1.53","-18.2","-29.9","-26.3","-14.7","-32.6","+61.9","-38.8"
"138","6944","兆聯實業","924","+27","+3.01","1,084","05/18","-0.56","-4.13","-4.13","-18","-10.1","-17.6","+43","","","+33.3"
"139","00994A","主動第一金台股優","16.7","-0.23","-1.36","10,787","05/18","-1.24","-12.6","-11.8","-17.5","-14.6","-11.5","+1,918","","",""
"140","6788","華景電","403.5","-4.5","-1.1","971","05/18","-0.69","-14.4","-14.8","-17.5","-16.8","-29","+5.04","-3.33","+24.8","-40.7"
"141","6020","大展證","21.3","+0.3","+1.43","41","05/18","+1.02","+2.06","-6.6","-17.5","+86.8","+96","+63.6","+139","+102","+136"
"142","3171","炎洲流通","67.7","-0.2","-0.29","26","05/18","+2.38","+2.38","+2.38","-17.3","-37.7","-71.3","-91.2","-90.7","-52.7","-91"
"143","3354","律勝","31.35","-1.65","-5","987","05/18","+0.66","-3.49","-9.01","-17.3","+31.4","+21.3","+51.5","+88.7","+84.4","+44.3"
"144","7728","光焱科技","696","-13","-1.83","149","05/18","-7.33","-11.6","-9.04","-17.2","+7.03","-10.7","-14.7","","","+10.6"
"145","6609","瀧澤科","42.55","+1.45","+3.53","627","05/18","-2.18","-4.32","-4.85","-17.1","-11","-0.53","-5.52","-12.8","-27.5","-8.28"
"146","4745","合富-KY","17.85","-0.85","-4.55","128","05/18","-3.21","-2.16","-4.23","-17","-33.9","-62.3","-66.5","-63.1","-19.6","-81.8"
"147","9931","欣高","33.75","0","0","119","05/18","-2.59","-8.87","-9.6","-16.9","-39.2","-51.7","+1,514","+528","+438","+606"
"148","00912","中信臺灣智慧50","29.96","-0.49","-1.61","887","05/18","-44.4","+66.7","+66.7","-16.7","+150","-90.2","-28.6","-76.2","-98.6","-82.8"
"149","00932","兆豐永續高息等權","16.3","-0.03","-0.18","1,342","05/18","0","0","0","-16.7","-68.8","-87.8","-86.5","-97.2","-97.9","-94.8"
"150","2007","燁興","6.89","-0.09","-1.29","409","05/18","-16.7","-16.7","-16.7","-16.7","-16.7","-96.3","-97.9","-99.3","-99.7","-98.4"
"151","7782","光速火箭","26.75","-0.05","-0.19","15","05/18","0","-16.7","-16.7","-16.7","-54.5","","","","",""
"152","8047","星雲","50.3","-0.9","-1.76","48","05/18","0","0","0","-16.7","-16.7","-28.6","-70.6","-73.7","-99.6","-70.6"
"153","3010","華立","125","-3.5","-2.72","1,551","05/18","-5.81","-6.48","-17.3","-16.6","-13.4","+8.41","+14.2","-8.6","+32.1","-17.8"
"154","6203","海韻電","68.6","+0.5","+0.73","181","05/18","-1.61","-3.67","-8.93","-16.6","+8.58","+5.46","-3.67","-29.8","-30.5","-36.9"
"155","3716","中化控股","34.15","+0.45","+1.34","225","05/18","+0.82","-6.83","-10.1","-16.6","-12.8","-11.9","-23","-22","-39","-23.9"
"156","4401","東隆興","14.75","-0.05","-0.34","171","05/18","-0.92","-16.6","-16.9","-16.6","-15.4","-14.2","-27.7","-13","+7.76","-26"
"157","00896","中信綠能及電動車","25.95","-0.12","-0.46","2,045","05/18","+0.57","+0.28","-12.4","-16.5","-15.6","+59","+139","+253","+253","-73.2"
"158","2455","全新","387","+28.5","+7.95","2,921","05/18","-2.28","-4.65","-6.82","-16.5","-31","-20.5","-30.8","+24.3","-31.2","-0.61"
"159","00670L","富邦NASDAQ正2","201.5","-5.1","-2.47","1,765","05/18","-1","-13.1","-14.6","-16.5","-22.2","-28.5","0","+7.2","-56","-5.27"
"160","1215","卜蜂","141.5","+1.5","+1.07","1,891","05/18","+1.81","+1.08","+1.08","-16.4","-41.8","-59.6","-31.1","-61.8","-41.6","-60.7"
"161","2065","世豐","33.5","0","0","53","05/18","-4.19","-6.98","-11.1","-16.2","-62","-75.9","+12.7","-10.6","-31.9","+8.84"
"162","00899","FT潔淨能源","27.42","-0.1","-0.36","198","05/18","0","-19","-20.3","-16.1","-79","-69.3","-68.9","-74.5","-35.6","-71"
"163","3221","台嘉碩","44.6","+4.05","+9.99","7,433","05/18","-8.97","-9.41","-12.1","-16","-9.15","-7.13","+67","+129","+182","+179"
"164","6278","台表科","210","-10.5","-4.76","21,255","05/18","-10.9","-11","-14.6","-16","-18.4","-15.2","+482","+416","+545","+330"
"165","00656R","國泰中國A50反1","5.86","+0.08","+1.38","347","05/18","0","0","0","-15.9","+7.41","+12.6","-54.7","-64.5","-64.5","-55"
"166","2753","八方雲集","175.5","-1.5","-0.85","502","05/18","+0.71","+0.71","+2.15","-15.9","-26.3","-24.5","+0.71","-48","-81.2","+2.89"
"167","4927","泰鼎-KY","47.95","-0.45","-0.93","9,976","05/18","-2.86","-9.38","-7.81","-15.9","-17","+2.32","+18.7","+16.1","+149","+1.57"
"168","6916","華凌","16.95","-0.95","-5.31","181","05/18","-13.6","-14.4","-14.4","-15.9","-14.9","-7.68","-18","-14.7","-48.9","-30.7"
"169","2064","晉椿","12.9","+0.05","+0.39","4","05/18","0","0","-5.88","-15.8","-38.5","-57.9","-62.8","-88.7","-91.3","-50"
"170","2451","創見","328.5","-7.5","-2.23","5,277","05/18","-1.82","-4.44","-11.9","-15.5","-30.2","+6.35","-6.56","+98.1","+836","-0.11"
"171","2107","厚生","24.85","-0.35","-1.39","422","05/18","+0.76","-2.94","-2.22","-15.4","-15.9","-18.5","-31.2","-65.3","-86.2","-47.4"
"172","00400A","主動國泰動能高息","13.05","-0.15","-1.14","63,542","05/18","-13.5","-14.7","-16.4","-15.4","+7.67","+116","","","",""
"173","6865","偉康科技","28.2","-1.65","-5.53","76","05/18","-6.86","-6.61","-9.72","-15.3","-15.3","-15.6","-53.7","","","-53.4"
"174","6823","濾能","79.9","-2.1","-2.56","225","05/18","-1.73","-0.82","-12.3","-15.3","-32.5","+66","+447","","",""
"175","1219","福壽","12.5","-0.3","-2.34","983","05/18","-16.1","-16.2","-15.2","-15.2","+35.8","+52.7","+0.54","+75.8","-36.8","+54.6"
"176","4148","全宇生技-KY","33.6","-1.4","-4","173","05/18","-12.3","-12.4","-10.8","-15.2","-19.1","-12.1","+8.61","-14.8","+27.7","+12.1"
"177","6166","凌華","113.5","+1.5","+1.34","7,895","05/18","-6.35","-2.09","-20.8","-15.2","-13.3","+2.88","+67.1","+27.2","+35.5","+31.3"
"178","00666R","富邦恒生國企反1","9.08","+0.15","+1.68","48","05/18","-0.18","-7.85","-15.1","-15.1","-15.4","+10.9","-3.57","-54.6","-66.2","-47.3"
"179","00920","富邦ESG綠色電力","25.65","-0.56","-2.14","1,909","05/18","+4.08","-20.3","-21.5","-15","-32","-40","-76.7","-63.3","+219","-64.8"
"180","00642U","期元大S&P石油","32.62","+1.62","+5.23","6,062","05/18","-10.3","-9.22","-9.54","-14.8","-16.5","-35.3","+550","+128","+203","+71.5"
"181","5439","高技","381","-10","-2.56","5,899","05/18","-8.97","-9.21","-8.54","-14.8","-14.6","-11.9","-26.2","-48.6","-58.3","-41.1"
"182","3289","宜特","165.5","-1.5","-0.9","2,466","05/18","-5.87","-10.4","-10.2","-14.7","-27.9","-40.5","+3.22","+36.6","+74","+34.5"
"183","1303","南亞","84.2","-1.1","-1.29","43,497","05/18","-7.93","-7.82","-6.34","-14.7","+10.7","-8.29","+7.73","+31.1","+234","-20.9"
"184","3709","鑫聯大投控","81.3","+0.2","+0.25","2,314","05/18","+1.82","-1.16","-3.28","-14.7","-0.87","+0.68","+9.94","-39.1","+25.2","+0.66"
"185","1737","臺鹽","31.4","-0.05","-0.16","66","05/18","-12.5","-12.5","-12.5","-14.6","-10.3","-10.3","-16.7","-54.5","-69.8","-55.1"
"186","1785","光洋科","143.5","-9.5","-6.21","24,502","05/18","-4.76","-4.37","-9.92","-14.6","-9.68","-9.37","+79.5","+50.4","+42.8","+34.5"
"187","2069","運錩","19.5","-0.2","-1.02","515","05/18","-8.06","-15.7","-20","-14.6","-7.08","+5.3","+30.3","-18.7","-0.85","-9.02"
"188","6024","群益期","56","-0.5","-0.88","285","05/18","-10.9","-9.04","-6.04","-14.5","-12.3","-39.4","-23","+134","+14","+11"
"189","6509","聚和","47.55","+1.7","+3.71","5,151","05/18","+0.99","-2.62","-0.76","-14.4","-11.8","-28.1","+48.5","+51.3","+43.6","+46.6"
"190","4551","智伸科","145.5","-5.5","-3.64","990","05/18","-0.4","-4.3","-3.71","-14.3","-18.8","-22.6","-21.8","-25","+137","-26.9"
"191","6672","騰輝電子-KY","180.5","-1","-0.55","2,402","05/18","+2.6","-12.9","-14.3","-14.2","-24.3","+6.31","+62.7","+67.6","+184","+52.1"
"192","6716","應廣","93.9","+1.9","+2.07","457","05/18","-5.16","-3.33","-1.64","-14.1","+10.1","+133","+35.9","+167","+165","+302"
"193","2458","義隆","145","+2.5","+1.75","2,088","05/18","+1.08","+0.5","-2.07","-14","-8.78","-10.2","+43.1","+28.1","+103","+48.1"
"194","3374","精材","250.5","-27.5","-9.89","21,226","05/18","-1.72","-6.29","+3.2","-13.9","+10","+44","-8.8","+32.8","+44.4","+54.2"
"195","9946","三發地產","16.8","0","0","936","05/18","-0.85","+0.49","-2.44","-13.9","-1.92","-7.61","-16.9","-39.1","-54.9","-29.5"
"196","6282","康舒","50.8","+1.2","+2.42","19,529","05/18","-2.67","-4.5","-4.58","-13.7","-2.37","-9.57","-10.1","+26.1","+68.1","+1.59"
"197","6425","易發","84.7","-4.3","-4.83","3,116","05/18","-2.61","-7.47","-9.12","-13.7","-6.56","-18","-13.3","-22.9","+23.4","-25.3"
"198","00947","台新臺灣IC設計","35.25","-0.44","-1.23","9,045","05/18","-2.78","-2.82","-25.2","-13.6","+110","+273","-10.8","+1,113","+299","+452"
"199","1904","正隆","19.1","-1.25","-6.14","4,919","05/18","+4.09","-10.2","-21","-13.6","-20.1","-20.9","+46.6","+98.3","+24.9","+88.1"
"200","00955","中信日本商社","16.01","-0.48","-2.91","10,792","05/18","-2.72","-9.57","-12.4","-13.6","-37.5","-35.6","-65.2","+81.5","-45.4","+17.2"
"201","1762","中化生","37.15","+1.3","+3.63","670","05/18","-1.48","-14.4","-2.27","-13.5","-1.6","-0.12","+16.9","-3.25","+28","-8.58"
"202","6115","鎰勝","46.65","-0.05","-0.11","242","05/18","-1.69","-4.92","-14.7","-13.4","-40.8","-38.3","+107","+123","+132","+65.7"
"203","1591","駿吉-KY","47.1","-3.5","-6.92","1,048","05/18","-5.46","-8.32","-10.4","-13.4","-18.4","+17.4","-9.14","-9.61","+1.82","+1.11"
"204","6240","松崗","17.95","+0.15","+0.84","8","05/18","+0.5","-1.15","-0.66","-13.4","-9.46","-14.3","-24.9","-34.3","-30.2","-42.2"
"205","2892","第一金","28.75","-0.55","-1.88","28,921","05/18","-4.34","-5.03","-14.1","-13.3","-40.9","+24.5","+42.7","+302","+139","+24.5"
"206","6127","九豪","49.2","+2.75","+5.92","16,187","05/18","+15.5","+5.21","-12.1","-13.2","+12.2","-19.4","+19.1","+243","+59.8","+17.5"
"207","3042","晶技","147","+3","+2.08","16,677","05/18","+0.47","+2.21","+2.95","-13.2","-3.96","-13.4","+321","+294","+816","+305"
"208","2601","益航","4.8","+0.05","+1.05","1,104","05/18","0","0","-10.1","-13.2","-20","-33.6","-68.8","-76.6","-87.2","-73.6"
"209","3628","盈正","62.9","0","0","136","05/18","0","-5.17","-12.3","-13.2","-14","-18.4","-16","-35.5","+130","-28.8"
"210","9908","大台北","29.1","0","0","282","05/18","-5.31","-0.43","-3.73","-13.1","-23.4","-52.5","+527","+1,350","+1,833","+527"
"211","7721","微程式","73.2","+0.2","+0.27","328","05/18","-2.26","-24.6","-28.6","-13.1","-12.6","-41","+751","","",""
"212","3543","州巧","36.9","+0.45","+1.23","764","05/18","-0.62","-3.12","-5.08","-13","-18.1","-26.2","-16.6","+70.7","+281","+40.6"
"213","1315","達新","60.3","-0.2","-0.33","16","05/18","0","0","-1.64","-13","-14.3","-29.4","-4.76","0","+20","-13"
"214","2301","光寶科","207.5","+3","+1.47","26,981","05/18","+2.69","+10.6","+16.9","-13","+4.28","+13.5","+5.14","-18.8","+116","-9.36"
"215","1434","福懋","15.15","-0.05","-0.33","1,241","05/18","0","-0.15","-17.1","-12.9","-9.7","-5.84","+9.34","+71.8","+78.7","+42.2"
"216","8358","金居","428","+38.5","+9.88","3,174","05/18","-2.36","-5.5","-8.55","-12.9","-8.61","-0.7","+36.3","-19.1","+183","+1.4"
"217","6265","方土昶","45.75","+0.75","+1.67","6,824","05/18","+0.85","+1.58","-6.16","-12.8","-0.24","+8.07","+15.4","+24.8","+173","-3.92"
"218","4764","雙鍵","300","+8.5","+2.92","579","05/18","-4.69","-6.63","-7.51","-12.8","+7.81","-19.1","+42.3","+584","+4,916","+14.3"
"219","1319","東陽","80","+1.4","+1.78","2,705","05/18","-9.17","-9.1","-10","-12.7","-8.19","-8.02","+14.7","+19.2","+170","+6.16"
"220","3093","港建*","51","+0.5","+0.99","1,166","05/18","-3.48","-4.1","-9.75","-12.6","-7.94","-45.7","+191","+177","+259","+184"
"221","3024","憶聲","17.8","+0.95","+5.64","7,458","05/18","-0.26","-2.77","-2.84","-12.6","-13.9","-9.02","-17.3","-35.3","-25.4","-29.3"
"222","7709","榮田","83.8","+7.6","+9.97","680","05/18","-3.88","-4.09","-4.29","-12.5","-27.5","-34.7","+656","","",""
"223","4977","眾達-KY","209","-17.5","-7.73","6,661","05/18","+0.06","-1.52","-8.42","-12.5","-2.55","+0.76","-4.01","-0.15","+37.9","-12.8"
"224","6658","聯策","203","+9","+4.64","524","05/18","+0.77","-5.32","-8.57","-12.5","-21.3","-11.5","+1.81","+53.8","+18.7","-2.11"
"225","4737","華廣","57","-3.6","-5.94","115","05/18","+2.52","-5.59","-10.9","-12.4","-25.9","-30","-3.89","+15.3","+28.1","+17.1"
"226","6170","統振","50.3","0","0","131","05/18","-0.08","-1.37","-5.94","-12.3","-23.7","-23.1","-22.9","-41","-44.3","-37.3"
"227","4416","三圓","11.55","0","0","213","05/18","-3.17","-10.8","-10.1","-12.3","-12.3","-1.83","-67.6","+74","-17.1","-3.6"
"228","3467","台灣精材","62.7","-2.5","-3.83","183","05/18","-1.13","-11.1","-11.9","-12.3","+64.6","+107","+335","+2,262","","+412"
"229","6796","晉弘","60.4","-0.5","-0.82","135","05/18","+1.66","-0.65","+5.86","-12.3","-16.1","-15.2","+18.5","+42.1","+62.4","+55.1"
"230","2340","台亞","34.9","+0.1","+0.29","4,746","05/18","+0.26","-3.9","-6.69","-12.1","-16.3","+12.8","+58.9","+15.6","+51.3","+37"
"231","4973","廣穎","120.5","+3.5","+2.99","4,848","05/18","+2.52","-3.25","+5.86","-12.1","-0.9","+20.4","+2.52","+13.5","+89.8","+32.3"
"232","8155","博智","411","+12","+3.01","2,224","05/18","-2.36","-9.39","-8.9","-12","-16.6","-13.2","-10.2","-8.24","-27.4","-29.5"
"233","1235","興泰","38.85","-0.75","-1.89","12","05/18","-12","-12","-12","-12","-12","-14","-27.7","-29.1","-36.6","-27.4"
"234","8042","金山電","107.5","+9.4","+9.58","2,307","05/18","-7.69","-9.97","-17.2","-12","+61.9","+51.1","+69.8","+176","+649","+69.8"
"235","6526","達發","689","+1","+0.15","1,201","05/18","+0.1","-4.82","-3.53","-11.9","+22.3","+43.6","+54.3","+66.2","+91.7","+71.1"
"236","8089","康全電訊","20.1","+0.1","+0.5","207","05/18","-1.03","-1.98","-11.8","-11.8","-12.3","-32.3","-41.4","-56.7","-54.1","-44.5"
"237","2426","鼎元","63.8","+1.9","+3.07","3,927","05/18","-4.3","-6.88","-7.83","-11.8","-11.4","+12","+269","+289","+357","+261"
"238","009804","聯邦台精彩50","20.64","-0.09","-0.43","1,650","05/18","+1.69","+1.69","-6.25","-11.8","-11.1","-75.7","+37.9","-13","+39.5","+90.5"
"239","1295","生合","52.2","+1.6","+3.16","93","05/18","-0.66","-1.96","-5.66","-11.8","-3.23","+41.5","+134","","","+525"
"240","8433","弘帆","52.9","+0.7","+1.34","17","05/18","0","-2.47","-9.2","-11.7","-5.95","-74.6","-26.9","-10.7","-64.2","-10.2"
"241","4749","新應材","1005","-10","-0.99","2,048","05/18","-0.68","-5.92","-7.64","-11.7","+19","+61.4","+96.1","+133","","+125"
"242","2357","華碩","635","-6","-0.94","3,968","05/18","-6.43","-7.83","-10.6","-11.7","-3.71","-2.52","-21.3","+63.5","+118","+19.3"
"243","00701","國泰股利精選30","31.62","-0.23","-0.72","996","05/18","0","0","-7.14","-11.7","-9.9","-21.6","-42.4","-84.9","-52.8","-70.7"
"244","6276","安鈦克","28.45","-0.7","-2.4","79","05/18","+0.23","-0.46","-0.69","-11.6","-12.9","-11.8","-9.41","-21","-5.04","-14.1"
"245","5488","松普","10.3","+0.1","+0.98","208","05/18","+0.08","-11.2","-6.96","-11.6","+12.8","+11.6","+11.5","-37.8","-53.4","-24.3"
"246","2027","大成鋼","39.4","-0.45","-1.13","37,469","05/18","+5.12","+1.13","-11.3","-11.6","-14.9","-20.4","-3.34","+4.44","+83.1","-5.76"
"247","2324","仁寶","28.25","-0.4","-1.4","56,236","05/18","+0.66","+5.04","+3.86","-11.5","-5.82","+13.3","+57.9","+45.8","+232","+54.8"
"248","9927","泰銘","66.7","-0.3","-0.45","108","05/18","-9.8","-14.8","-11.5","-11.5","-49.5","-55.3","-40.3","-68.9","-85.3","-39.5"
"249","8450","霹靂","15.8","0","0","19","05/18","-1.68","-1.68","-4.88","-11.4","-18.8","-24","-48.2","-67.7","-57.1","-64.7"
"250","9906","欣巴巴","32.15","+0.25","+0.78","315","05/18","-0.26","+0.26","-0.26","-11.4","-10.1","-5.34","-15.9","-21.5","-5.34","-24.9"
"251","00950B","凱基A級公司債","13.89","-0.05","-0.36","5,916","05/18","-0.79","-0.79","-0.79","-11.3","+2.46","-50.8","-82.8","-82.7","-89.1","-82.3"
"252","2701","萬企","10.2","-0.1","-0.97","216","05/18","-12.1","-11.1","-11.1","-11.3","-13.5","-14","-4.87","-12.9","+6.47","+2.98"
"253","1436","華友聯","46.3","+0.1","+0.22","306","05/18","-0.99","+5.24","+5.37","-11.3","-10.5","-1.2","-3.73","-26.5","-33.7","-0.55"
"254","6922","宸曜","187","-2.5","-1.32","142","05/18","+0.49","-9.29","-6.39","-11.3","-17.3","+38.5","+211","","","+754"
"255","3450","聯鈞","410","+14.5","+3.67","4,302","05/18","+2.75","-0.13","-1.7","-11.2","+1.74","+7.29","+7.21","-13.8","+50.9","-12.8"
"256","2816","旺旺保","31.25","+0.95","+3.14","315","05/18","-0.31","-6.88","-20.9","-11.2","+14.4","+17.3","+7.26","-25.5","-65.7","-15.8"
"257","8016","矽創","275","+1","+0.36","1,577","05/18","-1.87","-29.9","-4.39","-11.2","+29.2","+26.2","+28.2","-8.37","+7.28","-1.55"
"258","2489","瑞軒","39.75","-0.6","-1.49","22,811","05/18","-1.18","-4.33","-5.79","-11.1","-13.1","-5.37","+9.98","+314","+202","+309"
"259","00903","富邦元宇宙","21.4","-0.36","-1.65","988","05/18","-27.3","-11.1","-92.3","-11.1","+14.3","-11.1","-61.9","-80.5","-86","-65.2"
"260","00987B","野村10+澳洲公債","15.7","-0.12","-0.76","2,056","05/18","0","0","0","-11.1","-11.1","-11.1","-87.5","","",""
"261","5222","全訊","123.5","-2","-1.59","441","05/18","-1.33","-4.86","-7.08","-11","-8.42","-22.7","-6.55","+24.7","-10.3","+18.2"
"262","00928","中信上櫃ESG30","35.7","-0.37","-1.03","1,361","05/18","+10.6","-30.5","-30.5","-11","-6.41","-41.1","-23.2","+421","-37.1","+329"
"263","4960","誠美材","33.5","-0.75","-2.19","12,565","05/18","-6.17","-6.64","-8.52","-11","+12.2","-14.4","+88.3","+59.9","+51.3","+79.5"
"264","3611","鼎翰","188.5","+0.5","+0.27","38","05/18","0","-1.21","-2.4","-10.9","+2.52","+6.54","-1.21","-18.5","-22.7","-20.5"
"265","6205","詮欣","76.2","-0.6","-0.78","1,700","05/18","-2.49","-4.1","-4.63","-10.9","-23.5","+38.9","+227","+242","+168","+99.3"
"266","2480","敦陽科","148","-0.5","-0.34","265","05/18","+1.14","-1.77","-10.1","-10.9","-15.8","-3.9","+12.4","+128","+48.7","+38.4"
"267","1515","力山","22.1","-0.5","-2.21","240","05/18","+0.51","+2.5","+4.07","-10.8","+12.9","+16","+5.64","+5.75","-29.3","-0.76"
"268","5386","青雲","445","+30","+7.23","378","05/18","-1.55","-2.95","-5.44","-10.8","-3.19","+38.2","-20","+4.92","+55.3","-0.8"
"269","4956","光鋐","41.95","-0.05","-0.12","2,395","05/18","-0.71","-2.48","-8.73","-10.8","-9.81","-23.6","+8.08","+15.1","-9.67","-0.35"
"270","4770","上品","231","+4.5","+1.99","406","05/18","+1.84","-0.82","+0.53","-10.8","-3.41","+2.86","-10.6","+65","+38.5","+14.2"
"271","6292","迅德","52.3","-0.3","-0.57","269","05/18","-2.93","-6.5","-4.34","-10.8","+2.8","+21.7","+159","+89.1","-26.8","+169"
"272","5609","中菲行","79.7","+0.5","+0.63","115","05/18","-3.12","-11.4","-9.71","-10.6","-16.2","-7.92","-33.1","-40","-65.8","0"
"273","9935","慶豐富","18.35","+0.15","+0.82","257","05/18","-3.66","-4.17","-8.84","-10.5","-13.8","-3.33","-16.1","-25.5","-74.1","-16.2"
"274","5546","永固-KY","15.8","-0.25","-1.56","19","05/18","0","0","0","-10.5","-10.5","-10.5","-15","-29.2","-15","-26.1"
"275","1563","巧新","45.15","+0.4","+0.89","498","05/18","+0.57","-5.16","-0.74","-10.4","-10.6","+32.7","+124","+96.5","+135","+102"
"276","3555","博士旺","206","+1","+0.49","187","05/18","-0.68","+1.38","+2.4","-10.4","+1.99","-15.8","+34.2","","","+49"
"277","00962","台新AI優息動能","13.37","+0.01","+0.07","730","05/18","-24","-9.52","+66.7","-10.4","+41.8","+265","-56","-37.5","-52","-64.3"
"278","5457","宣德","30","-3.3","-9.91","2,048","05/18","-6.11","-7.55","-7.41","-10.3","-10.9","-6.25","+2.24","-1.65","+41.3","+7.09"
"279","1604","聲寶","23.1","+0.3","+1.32","288","05/18","0","-1.14","+3.98","-10.3","-27.9","-31","-23.5","-28.3","-37.3","-24.6"
"280","4576","大銀微系統","258.5","-7","-2.64","8,985","05/18","+1.56","+3.52","+2.68","-10.3","-8.61","-14.5","+30.5","+29.9","+26.1","+39.2"
"281","3303","岱稜","48.75","-0.4","-0.81","297","05/18","-3.92","-3.08","-3.53","-10.2","+25.3","+41.2","+20.6","-17.3","-45.9","+3.99"
"282","1340","勝悅-KY","5.44","0","0","347","05/18","-10.2","-10.1","-10.3","-10.2","-7.9","-0.62","+20.5","+9.63","+184","-8.77"
"283","3532","台勝科","221.5","0","0","1,094","05/18","-2.88","-5.13","-6.4","-10.2","+5.26","+34.4","+87.6","+66.1","+205","+45.7"
"284","4991","環宇-KY","698","+56","+8.72","786","05/18","-2.51","-4.11","-5.5","-10.1","-16.5","-12.9","-22","-58.2","-32.7","-36.4"
"285","4951","精拓科","121.5","+1","+0.83","228","05/18","-1.29","-8.59","-10.3","-10","-1.92","+96.3","+81.2","+105","+89","+124"
"286","1587","吉茂","28.55","+0.05","+0.18","369","05/18","-2.06","-7.04","-6.71","-10","-14.2","-18.9","-23.2","+5.87","+38.5","-14.1"
"287","00737","國泰AI機器人","36.71","-0.14","-0.38","234","05/18","0","0","+10.2","-10","-1.82","+1.89","-12.9","-26","-44.3","-29.9"
"288","00960","野村全球航運龍頭","17.32","+0.03","+0.17","536","05/18","-1.56","-1.56","-3.08","-10","-36.4","-49.2","-89","-93.6","-97.1","-92.5"
"289","1259","安心","57.2","-1.8","-3.05","25","05/18","0","0","-10","-10","-11.8","-15.1","-10","+7.14","+125","+15.4"
"290","2712","遠雄來","15.5","-0.15","-0.96","9","05/18","0","0","0","-10","-18.2","-83.3","-60.9","-18.2","-67.9","-40"
"291","6182","合晶","55","-0.2","-0.36","9,317","05/18","-2.42","-7.16","-4.45","-9.94","+32.4","+164","+172","+163","+353","+186"
"292","1527","鑽全","32.25","+0.2","+0.62","205","05/18","-0.18","+0.18","-4.89","-9.92","-9.92","-8.4","-17.2","+68.2","+21.7","+8.78"
"293","3704","合勤控","38.6","+0.4","+1.05","3,310","05/18","-2.64","-9.47","-13.2","-9.88","-15","-20.6","-42.8","-41.7","-42.7","-31.4"
"294","6187","萬潤","1135","+10","+0.89","1,304","05/18","-0.77","-4.71","-5.97","-9.83","-25.3","-37.1","-32.8","-48.1","-48.2","-39.8"
"295","7714","創泓科技","126","+0.5","+0.4","130","05/18","-8.33","-11.7","-11.2","-9.78","-19.7","-27","-40.7","","","-27.6"
"296","3680","家登","544","-24","-4.23","3,608","05/18","+1.82","-1.07","+0.93","-9.76","-17.3","+41.8","+103","+27.7","+134","+19.6"
"297","8070","長華*","43.55","-1.6","-3.54","4,998","05/18","-0.57","-0.59","-1.23","-9.71","-17.2","-16.2","-25.1","-39.1","-44.5","-34.8"
"298","6776","展碁國際","57","+0.3","+0.53","181","05/18","-1.01","-5.25","-5.25","-9.68","-7.91","-25","+3.94","+219","+323","+70.9"
"299","00999A","主動野村臺灣高息","10.19","-0.07","-0.68","49,849","05/18","+12.4","-1.69","-12.6","-9.68","","","","","",""
"300","6285","啟碁","286","+26","+10","38,831","05/18","+10.1","+4.45","-1.52","-9.65","-24.7","-16.3","-29.4","+124","+206","+113"
