排名,代號,名稱,成交,漲跌 價,漲跌 幅,成交 張數,更新 日期,當日 增減 張數,2日 增減 張數,3日 增減 張數,5日 增減 張數,10日 增減 張數,1個月 增減 張數,3個月 增減 張數,半年 增減 張數,1年 增減 張數,今年 增減 張數
1,6116,彩晶,17.1,1.55,9.97,289351,05/29,1497,3486,2844,8551,9336,10155.0,9364.0,10147.0,10145.0,10005.0
2,6770,力積電,88.7,8.0,9.91,829646,05/29,4654,5720,5577,6278,6874,7094.0,4592.0,-6615.0,8807.0,-7562.0
3,9105,泰金寶-DR,8.8,0.29,3.41,120115,05/29,1811,2004,3228,3594,5291,5188.0,5090.0,5244.0,5108.0,5167.0
4,2344,華邦電,158.0,14.0,9.72,249880,05/29,1441,419,335,1953,1742,2735.0,-8568.0,-14893.0,2754.0,-24258.0
5,00631L,元大台灣50正2,36.94,2.47,7.17,214462,05/29,765,120,1221,1926,1294,4405.0,15884.0,14766.0,14044.0,16402.0
6,8110,華東,64.9,2.9,4.68,62297,05/29,4,331,586,1579,1989,1967.0,-2729.0,-2690.0,2120.0,-4981.0
7,3717,聯嘉投控,22.6,1.0,4.63,1490,05/29,3,989,989,940,-119,846.0,605.0,985.0,,983.0
8,2481,強茂,162.5,14.5,9.8,40975,05/29,475,612,55,776,1240,1297.0,1121.0,894.0,1529.0,1222.0
9,2486,一詮,264.5,3.5,1.34,6617,05/29,373,487,673,717,539,99.0,-168.0,-572.0,-206.0,-252.0
10,6182,合晶,99.5,8.8,9.7,14736,05/29,-1235,-3500,31,692,749,1645.0,807.0,734.0,1660.0,681.0
11,2303,聯電,144.5,2.5,1.76,366516,05/29,-823,-1531,-487,655,160,2942.0,1236.0,3952.0,719.0,3687.0
12,2002,中鋼,19.1,0.25,1.33,79358,05/29,8,11,-51,616,602,228.0,392.0,487.0,565.0,417.0
13,2436,偉詮電,77.2,0.4,0.52,8183,05/29,-63,106,263,597,1136,1547.0,3224.0,3286.0,2721.0,3293.0
14,6127,九豪,67.3,6.1,9.97,38105,05/29,537,619,596,548,866,902.0,632.0,910.0,910.0,728.0
15,2464,盟立,184.5,16.5,9.82,14604,05/29,228,76,111,509,574,185.0,1500.0,1611.0,1608.0,1632.0
16,00403A,主動統一升級50,10.7,0.23,2.2,466118,05/29,412,319,112,486,1049,,,,,
17,2317,鴻海,289.0,26.0,9.89,289511,05/29,318,365,456,482,356,792.0,-333.0,-987.0,-1384.0,-851.0
18,00637L,元大滬深300正2,22.4,0.86,3.99,40059,05/29,360,393,365,481,-729,-78.0,3793.0,-1664.0,8983.0,-2533.0
19,5328,華容,39.6,3.6,10.0,29948,05/29,316,355,537,475,685,690.0,69.0,95.0,748.0,219.0
20,6821,聯寶,70.1,-1.9,-2.64,841,05/29,-80,-63,106,471,585,436.0,657.0,657.0,657.0,657.0
21,5464,霖宏,83.0,7.5,9.93,2320,05/29,29,320,335,451,796,1540.0,1540.0,1540.0,1538.0,1538.0
22,6147,頎邦,305.5,27.5,9.89,39416,05/29,198,286,113,440,115,504.0,1343.0,1340.0,1330.0,1332.0
23,3532,台勝科,319.0,29.0,10.0,1580,05/29,-153,425,391,429,391,466.0,420.0,462.0,489.0,494.0
24,8150,南茂,113.0,10.0,9.71,13898,05/29,55,261,390,403,-68,422.0,-1003.0,48.0,564.0,296.0
25,1303,南亞,98.1,7.6,8.4,150487,05/29,631,453,575,400,540,-9.0,-2421.0,-3850.0,2665.0,-2408.0
26,2369,菱生,40.3,0.55,1.38,48805,05/29,9,-16,126,342,357,337.0,202.0,189.0,402.0,162.0
27,2324,仁寶,36.7,3.2,9.55,709501,05/29,468,442,414,331,789,897.0,600.0,473.0,385.0,523.0
28,2337,旺宏,166.5,6.5,4.06,170918,05/29,42,230,-35,329,-1164,-2801.0,-9435.0,-3546.0,-1776.0,-5051.0
29,6282,康舒,59.9,2.2,3.81,46989,05/29,56,81,-55,323,635,752.0,207.0,209.0,753.0,313.0
30,1312,國喬,11.35,0.4,3.65,25578,05/29,286,295,294,295,282,276.0,48.0,167.0,217.0,111.0
31,2441,超豐,141.5,0.5,0.35,15708,05/29,-12,6,35,285,-303,1662.0,1753.0,1798.0,1825.0,1745.0
32,0050,元大台灣50,105.4,4.9,4.88,102356,05/29,90,20,233,247,159,31.0,792.0,-172.0,1221.0,-199.0
33,5425,台半,116.5,2.0,1.75,66971,05/29,-130,23,44,247,454,617.0,699.0,562.0,715.0,665.0
34,1409,新纖,22.8,2.05,9.88,18565,05/29,11,219,243,245,243,244.0,143.0,134.0,226.0,147.0
35,8473,山林水,50.4,4.45,9.68,6821,05/29,179,205,224,227,244,244.0,243.0,220.0,247.0,244.0
36,1309,台達化,15.7,-0.55,-3.38,11800,05/29,174,245,214,219,248,430.0,1654.0,1656.0,1637.0,1649.0
37,4923,力士,47.0,-1.85,-3.79,1756,05/29,23,33,27,217,246,475.0,502.0,502.0,502.0,502.0
38,2408,南亞科,347.0,23.0,7.1,140976,05/29,120,307,195,213,-242,-129.0,-6274.0,-14890.0,-15600.0,-14834.0
39,6239,力成,379.0,21.5,6.01,17025,05/29,-14,232,202,209,229,388.0,92.0,358.0,235.0,341.0
40,6197,佳必琪,297.0,14.5,5.13,6988,05/29,58,66,136,186,288,280.0,315.0,325.0,229.0,322.0
41,6548,長科*,68.2,1.8,2.71,27293,05/29,109,140,123,174,174,152.0,157.0,149.0,180.0,140.0
42,0056,元大高股息,50.2,1.37,2.81,58209,05/29,60,42,68,172,134,258.0,40.0,13.0,117.0,-32.0
43,1440,南紡,12.55,0.65,5.46,4969,05/29,171,171,165,171,169,171.0,171.0,151.0,127.0,171.0
44,6456,GIS-KY,76.5,4.9,6.84,18360,05/29,56,-8,120,165,246,198.0,274.0,262.0,275.0,290.0
45,2495,普安,51.5,4.15,8.76,22833,05/29,92,80,124,162,207,201.0,100.0,3.0,219.0,-287.0
46,2402,毅嘉,69.4,3.3,4.99,12427,05/29,125,128,133,161,118,118.0,233.0,217.0,393.0,-143.0
47,3016,嘉晶,138.0,3.5,2.6,23100,05/29,-59,81,75,156,119,29.0,213.0,-271.0,348.0,-4.0
48,3135,凌航,260.5,10.5,4.2,2472,05/29,17,26,81,155,226,,,,,
49,3260,威剛,415.0,10.5,2.6,12937,05/29,59,12,122,154,69,-1584.0,-228.0,-570.0,163.0,-2471.0
50,2027,大成鋼,41.65,-0.1,-0.24,17387,05/29,-8,-4,40,153,259,334.0,334.0,-1076.0,232.0,337.0
51,2881,富邦金,110.0,0.0,0.0,139032,05/29,11,-42,30,149,119,181.0,63.0,-1284.0,-734.0,-283.0
52,1568,倉佑,45.35,4.1,9.94,13595,05/29,58,93,144,144,143,136.0,144.0,144.0,138.0,144.0
53,3706,神達,88.8,5.7,6.86,61351,05/29,94,83,93,142,207,205.0,-61.0,-914.0,-241.0,-204.0
54,00673R,期元大S&P原油反1,13.11,0.63,5.05,42267,05/29,68,114,150,137,-59,-2385.0,339.0,567.0,446.0,482.0
55,3583,辛耘,867.0,-10.0,-1.14,4881,05/29,33,106,92,137,121,266.0,839.0,862.0,774.0,860.0
56,2356,英業達,70.2,6.3,9.86,220829,05/29,225,313,50,136,584,728.0,448.0,-1095.0,-1529.0,440.0
57,2302,麗正,37.5,1.8,5.04,17611,05/29,121,127,-26,132,164,204.0,202.0,194.0,204.0,180.0
58,6488,環球晶,1015.0,88.0,9.49,11189,05/29,104,81,119,122,1,153.0,180.0,172.0,178.0,225.0
59,2375,凱美,166.5,5.0,3.1,47401,05/29,-164,286,419,121,591,743.0,681.0,407.0,819.0,560.0
60,2597,潤弘,166.0,9.0,5.73,1331,05/29,125,121,119,119,119,118.0,129.0,127.0,129.0,127.0
61,6120,達運,14.35,0.6,4.36,4930,05/29,188,158,258,117,258,256.0,200.0,227.0,247.0,183.0
62,6235,華孚,45.0,1.15,2.62,8757,05/29,98,120,118,117,131,134.0,142.0,73.0,-4.0,67.0
63,6405,悅城,79.8,2.9,3.77,677,05/29,-257,57,87,117,89,42.0,174.0,207.0,147.0,164.0
64,3056,富華新,13.25,0.05,0.38,1392,05/29,33,57,92,114,114,115.0,38.0,-4.0,67.0,73.0
65,6432,今展科,70.6,0.6,0.86,4958,05/29,28,43,70,109,417,1177.0,1201.0,910.0,1313.0,1071.0
66,8088,品安,60.6,0.2,0.33,3863,05/29,40,44,44,108,97,149.0,-5.0,-11.0,-983.0,-199.0
67,2426,鼎元,81.2,0.3,0.37,24537,05/29,-3,38,55,106,-98,-360.0,66.0,68.0,106.0,77.0
68,3257,虹冠電,68.8,3.2,4.88,5484,05/29,67,88,104,104,103,100.0,72.0,55.0,-86.0,-1.0
69,6274,台燿,1690.0,150.0,9.74,9688,05/29,1,-16,2,104,42,-261.0,-1010.0,-2126.0,-842.0,-1792.0
70,3615,安可,49.15,0.45,0.92,7197,05/29,132,133,59,103,172,228.0,172.0,225.0,228.0,227.0
71,6588,東典光電,112.5,-3.0,-2.6,1388,05/29,51,125,107,103,113,86.0,41.0,227.0,,187.0
72,2061,風青,36.3,3.3,10.0,1839,05/29,-50,-94,6,102,96,81.0,114.0,114.0,113.0,113.0
73,4113,聯上,14.3,0.05,0.35,457,05/29,41,61,81,100,100,108.0,104.0,101.0,108.0,89.0
74,1326,台化,49.9,4.5,9.91,67388,05/29,72,67,76,99,98,-320.0,-1008.0,-846.0,-8.0,-654.0
75,1301,台塑,47.45,2.4,5.33,45839,05/29,132,128,139,90,87,-89.0,-1258.0,-531.0,106.0,-332.0
76,3707,漢磊,89.3,2.2,2.53,27259,05/29,21,-63,80,90,127,491.0,462.0,-3729.0,438.0,-2092.0
77,2406,國碩,34.55,1.25,3.75,9814,05/29,-4,-12,2,89,54,151.0,-460.0,-360.0,154.0,-314.0
78,5864,致和證,43.05,3.2,8.03,11429,05/29,46,41,84,88,86,108.0,85.0,54.0,129.0,99.0
79,8358,金居,608.0,55.0,9.95,20729,05/29,89,87,91,85,100,-185.0,-2496.0,-5607.0,663.0,-3684.0
80,1402,遠東新,25.65,0.85,3.43,330333,05/29,160,145,235,80,20,224.0,174.0,174.0,205.0,183.0
81,4973,廣穎,160.0,7.5,4.92,14062,05/29,-11,43,61,78,17,121.0,0.0,57.0,136.0,74.0
82,3038,全台,23.2,-0.1,-0.43,516,05/29,0,0,0,77,77,74.0,77.0,77.0,76.0,77.0
83,4977,眾達-KY,210.5,0.0,0.0,3364,05/29,1,30,-42,75,164,179.0,-667.0,34.0,193.0,-35.0
84,2449,京元電子,328.5,8.5,2.66,68983,05/29,0,26,-58,73,61,39.0,-939.0,-2002.0,-335.0,-1333.0
85,6706,惠特,205.5,3.0,1.48,12521,05/29,12,-85,-66,73,330,271.0,7.0,19.0,538.0,-516.0
86,4909,新復興,54.9,2.8,5.37,1434,05/29,28,31,31,72,70,184.0,-2207.0,-2416.0,-4702.0,-2775.0
87,5351,鈺創,86.2,3.6,4.36,24248,05/29,-26,0,30,72,-129,-63.0,-90.0,-196.0,51.0,-473.0
88,5392,能率,44.55,4.05,10.0,12410,05/29,84,95,90,69,77,41.0,58.0,-94.0,71.0,-92.0
89,6187,萬潤,1120.0,-120.0,-9.68,7701,05/29,58,75,75,66,75,71.0,-189.0,15.0,-117.0,-1.0
90,00878,國泰永續高股息,30.76,0.76,2.53,71631,05/29,53,47,56,65,70,-14.0,56.0,-146.0,0.0,-173.0
91,3211,順達,436.0,-6.5,-1.47,10858,05/29,-16,-39,-70,65,71,75.0,-187.0,-312.0,-339.0,-534.0
92,6101,寬魚國際,38.35,-1.25,-3.16,352,05/29,0,-2,0,63,63,63.0,63.0,63.0,63.0,63.0
93,8131,福懋科,73.5,4.3,6.21,14267,05/29,2,9,27,62,56,10.0,-304.0,-60.0,85.0,-687.0
94,2376,技嘉,370.0,32.5,9.63,33435,05/29,14,28,34,56,2,83.0,-134.0,-31.0,-211.0,-96.0
95,2382,廣達,339.0,30.5,9.89,87793,05/29,82,78,76,56,-144,-165.0,460.0,211.0,-1411.0,421.0
96,1319,東陽,95.1,8.6,9.94,11136,05/29,44,53,56,55,109,90.0,77.0,79.0,-138.0,42.0
97,1608,華榮,34.5,1.05,3.14,7478,05/29,17,15,37,54,50,51.0,-26.0,-56.0,41.0,-92.0
98,3305,昇貿,157.5,-0.5,-0.32,9575,05/29,-4,17,25,54,20,162.0,-152.0,23.0,177.0,19.0
99,00929,復華台灣科技優息,30.25,0.85,2.89,36307,05/29,2,6,18,53,59,53.0,59.0,56.0,57.0,59.0
100,1563,巧新,66.7,5.6,9.17,14824,05/29,-11,0,51,51,51,51.0,51.0,42.0,28.0,49.0
101,3380,明泰,38.6,2.5,6.93,10992,05/29,50,50,51,51,90,99.0,88.0,72.0,-19.0,81.0
102,00680L,元大美債20正2,6.9,0.16,2.37,31709,05/29,-70,-1,43,50,123,109.0,24.0,5.0,-2155.0,112.0
103,6425,易發,94.3,-0.7,-0.74,2761,05/29,2,1,1,49,15,-5.0,-24.0,-276.0,42.0,-373.0
104,4562,穎漢,41.45,1.15,2.85,2367,05/29,8,3,1,48,22,36.0,-5.0,-43.0,-372.0,-83.0
105,6291,沛亨,679.0,25.0,3.82,3369,05/29,32,1,22,47,57,60.0,37.0,45.0,77.0,4.0
106,6862,三集瑞-KY,224.5,20.0,9.78,1578,05/29,16,51,51,47,56,62.0,56.0,62.0,63.0,63.0
107,2241,艾姆勒,34.55,-3.7,-9.67,7645,05/29,38,60,56,45,94,94.0,100.0,22.0,96.0,40.0
108,2534,宏盛,17.3,0.0,0.0,1016,05/29,0,11,15,45,45,45.0,45.0,25.0,43.0,45.0
109,3045,台灣大,111.5,0.5,0.45,21139,05/29,-10,45,45,45,45,11.0,45.0,21.0,25.0,-123.0
110,1304,台聚,12.2,-0.15,-1.21,8082,05/29,24,25,47,44,44,-244.0,134.0,154.0,91.0,149.0
111,3491,昇達科,2200.0,200.0,10.0,1372,05/29,13,41,40,44,55,90.0,-159.0,-91.0,-236.0,-193.0
112,6451,訊芯-KY,570.0,1.0,0.18,4137,05/29,-2,18,8,43,-349,259.0,129.0,176.0,207.0,218.0
113,009816,凱基台灣TOP50,15.2,0.4,2.7,155247,05/29,-30,-18,3,42,254,167.0,82.0,,,
114,1560,中砂,718.0,1.0,0.14,1503,05/29,-5,-9,-9,40,75,131.0,-156.0,-66.0,-325.0,-97.0
115,2399,映泰,47.9,0.2,0.42,6976,05/29,-7,51,-16,40,44,66.0,316.0,259.0,174.0,50.0
116,2485,兆赫,74.2,2.4,3.34,26576,05/29,48,67,62,39,-309,275.0,-625.0,-1268.0,960.0,-264.0
117,3026,禾伸堂,641.0,36.0,5.95,1558,05/29,-70,-83,-177,39,16,135.0,186.0,196.0,218.0,208.0
118,6191,精成科,97.0,-0.1,-0.1,6146,05/29,12,28,40,39,49,55.0,-145.0,-1207.0,-3471.0,-705.0
119,2301,光寶科,234.5,4.0,1.74,58581,05/29,-16,-52,-68,38,-149,133.0,72.0,-517.0,-374.0,-258.0
120,5386,青雲,593.0,18.0,3.13,2468,05/29,31,29,35,38,30,58.0,-817.0,61.0,49.0,-17.0
121,4760,勤凱,468.0,42.5,9.99,426,05/29,7,24,31,37,47,58.0,57.0,50.0,70.0,63.0
122,2618,長榮航,36.05,0.75,2.12,122964,05/29,17,40,-35,36,50,-125.0,-486.0,-361.0,-910.0,-116.0
123,6155,鈞寶,62.8,-1.7,-2.64,17534,05/29,-22,19,37,36,245,244.0,202.0,84.0,265.0,100.0
124,2891,中信金,60.5,1.2,2.02,113546,05/29,5,12,34,35,70,64.0,-115.0,35.0,-654.0,-244.0
125,4739,康普,108.0,9.8,9.98,6775,05/29,24,24,7,35,70,98.0,121.0,145.0,170.0,134.0
126,3594,磐儀,50.3,-0.5,-0.98,438,05/29,42,34,34,34,23,42.0,42.0,17.0,42.0,42.0
127,6531,愛普*,1190.0,95.0,8.68,13570,05/29,20,25,17,34,12,-44.0,71.0,-317.0,31.0,-231.0
128,00633L,富邦上証正2,54.35,2.05,3.92,7015,05/29,31,24,15,32,-160,-430.0,-164.0,-1055.0,-218.0,-1270.0
129,8162,微矽電子-創,73.5,-3.5,-4.55,1161,05/29,29,30,29,32,32,33.0,33.0,33.0,,33.0
130,00686R,群益臺灣加權反1,1.02,-0.05,-4.67,10501,05/29,0,28,31,31,9,31.0,16.0,-512.0,31.0,32.0
131,00980A,主動野村臺灣優選,24.48,0.81,3.42,17498,05/29,12,1,31,31,33,33.0,33.0,29.0,31.0,21.0
132,6108,競國,19.9,-0.25,-1.24,2425,05/29,8,18,18,31,36,36.0,19.0,19.0,37.0,19.0
133,6134,萬旭,36.2,3.25,9.86,7846,05/29,23,29,31,31,32,36.0,12.0,40.0,46.0,13.0
134,8039,台虹,162.0,8.5,5.54,41757,05/29,11,6,49,31,-34,164.0,-219.0,-766.0,255.0,-745.0
135,2371,大同,29.8,0.95,3.29,16038,05/29,23,33,31,30,309,177.0,119.0,189.0,-421.0,110.0
136,3673,TPK-KY,86.3,5.3,6.54,41007,05/29,28,-46,-53,30,-66,121.0,285.0,278.0,314.0,291.0
137,3687,歐買尬,73.9,2.4,3.36,734,05/29,9,31,31,30,27,38.0,-45.0,-135.0,24.0,-129.0
138,4938,和碩,88.5,5.1,6.12,38620,05/29,-18,42,35,30,38,15.0,38.0,38.0,19.0,38.0
139,6654,天正國際,154.0,14.0,10.0,161,05/29,7,26,29,30,30,30.0,30.0,30.0,-4.0,30.0
140,8104,錸寶,41.15,0.2,0.49,15571,05/29,8,52,54,30,30,31.0,-32.0,37.0,41.0,49.0
141,8271,宇瞻,245.5,8.5,3.59,5991,05/29,10,21,17,30,-28,-7.0,-227.0,-93.0,108.0,-326.0
142,7709,榮田,110.5,10.0,9.95,180,05/29,29,29,29,29,29,31.0,37.0,,,
143,1710,東聯,13.8,0.3,2.22,12494,05/29,18,24,29,28,29,31.0,6.0,36.0,33.0,-27.0
144,2308,台達電,2445.0,55.0,2.3,17179,05/29,-4,-11,0,28,16,-85.0,-467.0,-735.0,-74.0,-660.0
145,4707,磐亞,16.3,1.45,9.76,4783,05/29,4,4,4,26,26,27.0,27.0,29.0,27.0,28.0
146,1101,台泥,24.4,0.75,3.17,49699,05/29,15,13,23,25,18,-93.0,-268.0,-153.0,-194.0,-99.0
147,2393,億光,62.5,0.2,0.32,2866,05/29,0,0,14,25,32,39.0,15.0,-697.0,-1.0,15.0
148,6224,聚鼎,95.0,6.3,7.1,8095,05/29,15,21,21,25,33,0.0,49.0,49.0,46.0,49.0
149,6698,旭暉應材,37.65,1.45,4.01,3944,05/29,21,21,23,25,26,27.0,26.0,26.0,26.0,26.0
150,9904,寶成,25.45,0.25,0.99,12334,05/29,4,4,4,25,30,13.0,50.0,84.0,35.0,13.0
151,1815,富喬,106.0,2.5,2.42,20567,05/29,8,66,111,24,-15,159.0,-2658.0,-2603.0,-6366.0,-4580.0
152,3556,禾瑞亞,67.2,6.1,9.98,1964,05/29,23,23,23,24,25,22.0,25.0,25.0,25.0,25.0
153,6190,萬泰科,92.0,6.1,7.1,17729,05/29,6,63,15,24,-43,-1262.0,-82.0,286.0,-651.0,189.0
154,6695,芯鼎,58.2,0.4,0.69,2327,05/29,25,5,2,24,47,56.0,40.0,25.0,29.0,51.0
155,00927,群益半導體收益,41.03,0.93,2.32,18968,05/29,-4,3,11,23,18,21.0,17.0,39.0,36.0,39.0
156,2392,正崴,39.25,1.6,4.25,5819,05/29,16,22,24,23,32,42.0,13.0,-9.0,13.0,8.0
157,4906,正文,49.7,2.4,5.07,64823,05/29,-167,-145,44,23,-127,-125.0,343.0,353.0,305.0,334.0
158,6870,騰雲,266.0,3.0,1.14,410,05/29,14,23,23,23,23,23.0,22.0,23.0,,-5.0
159,00671R,富邦NASDAQ反1,2.38,-0.05,-2.06,3996,05/29,90,-3,15,22,64,-125.0,-609.0,153.0,1172.0,107.0
160,1582,信錦,119.5,6.0,5.29,12842,05/29,-4,18,16,22,36,50.0,60.0,-11.0,31.0,62.0
161,2104,國際中橡,10.2,0.33,3.34,4311,05/29,0,0,10,22,-7,-3.0,-20.0,20.0,26.0,3.0
162,3362,先進光,110.0,-0.5,-0.45,638,05/29,-1,10,23,22,-36,40.0,19.0,18.0,-123.0,8.0
163,6016,康和證,29.6,2.65,9.83,20973,05/29,8,7,18,22,23,-20.0,10.0,35.0,-180.0,34.0
164,1808,潤隆,29.5,1.35,4.8,2274,05/29,20,20,20,21,21,21.0,21.0,0.0,19.0,-27.0
165,3093,港建*,52.4,0.1,0.19,789,05/29,0,0,-19,21,14,-4.0,23.0,23.0,12.0,23.0
166,2474,可成,203.5,13.0,6.82,61961,05/29,21,11,26,20,21,16.0,4.0,12.0,-53.0,19.0
167,3021,鴻名,30.1,2.7,9.85,923,05/29,2,2,5,20,20,20.0,20.0,20.0,20.0,20.0
168,3042,晶技,215.5,-2.0,-0.92,46796,05/29,-16,24,9,20,65,73.0,104.0,96.0,28.0,57.0
169,3577,泓格,157.5,-3.5,-2.17,1855,05/29,-2,22,16,20,100,111.0,109.0,109.0,110.0,109.0
170,6446,藥華藥,930.0,68.0,7.89,5399,05/29,16,11,12,20,15,31.0,7.0,1.0,-49.0,24.0
171,6830,汎銓,678.0,-8.0,-1.17,1540,05/29,-7,-21,-21,20,49,133.0,-582.0,188.0,240.0,201.0
172,00655L,國泰中國A50正2,37.91,1.48,4.06,3778,05/29,17,16,15,19,-6,-129.0,-150.0,-383.0,76.0,-673.0
173,00919,群益台灣精選高息,29.01,0.6,2.11,104285,05/29,-5,-13,1,19,69,116.0,-1.0,-66.0,51.0,38.0
174,2305,全友,23.8,0.6,2.59,9462,05/29,-11,-13,17,19,56,54.0,60.0,48.0,40.0,53.0
175,2338,光罩,57.9,2.0,3.58,10061,05/29,-4,-6,7,19,54,58.0,-3640.0,-230.0,-218.0,-161.0
176,3691,碩禾,162.0,11.0,7.28,3640,05/29,26,28,38,19,57,299.0,158.0,214.0,265.0,249.0
177,8086,宏捷科,169.0,3.5,2.11,5711,05/29,-14,-21,-81,19,23,-528.0,50.0,22.0,77.0,40.0
178,00982A,主動群益台灣強棒,24.34,0.53,2.23,35428,05/29,-57,-40,-12,18,129,21.0,127.0,-152.0,125.0,-242.0
179,1609,大亞,39.25,3.35,9.33,40747,05/29,9,13,15,18,25,34.0,1.0,-20.0,-103.0,-12.0
180,2539,櫻花建,36.6,2.1,6.09,2645,05/29,37,17,19,18,20,17.0,29.0,23.0,32.0,34.0
181,3060,銘異,29.4,0.7,2.44,2896,05/29,0,7,33,18,32,23.0,-167.0,-190.0,84.0,-328.0
182,3264,欣銓,243.5,8.0,3.4,27444,05/29,-17,26,19,18,10,11.0,-320.0,-153.0,-838.0,-930.0
183,3479,安勤,135.0,-2.5,-1.82,3640,05/29,0,10,14,18,27,30.0,28.0,22.0,30.0,30.0
184,5483,中美晶,172.0,11.5,7.17,27576,05/29,9,-5,-5,18,-290,-2.0,39.0,35.0,-11.0,60.0
185,8050,廣積,59.0,0.8,1.37,2112,05/29,-13,-14,26,18,21,31.0,25.0,-1.0,29.0,-15.0
186,00708L,期元大S&P黃金正2,89.0,5.15,6.14,4251,05/29,-22,-18,-10,17,-22,-72.0,-129.0,-20.0,-21.0,-249.0
187,1305,華夏,12.3,-0.3,-2.38,4061,05/29,17,20,22,17,1,225.0,-75.0,170.0,243.0,-20.0
188,3131,弘塑,3450.0,-185.0,-5.09,1284,05/29,5,14,15,17,16,16.0,23.0,26.0,,25.0
189,6877,鏵友益,164.0,-1.0,-0.61,297,05/29,-3,-1,-7,17,1,-17.0,17.0,24.0,9.0,25.0
190,1702,南僑,31.25,0.05,0.16,531,05/29,-1,16,16,16,15,16.0,15.0,6.0,16.0,10.0
191,2458,義隆,162.0,1.0,0.62,2421,05/29,9,0,15,16,3,14.0,30.0,26.0,-14.0,27.0
192,4566,時碩工業,70.2,3.0,4.46,7407,05/29,3,10,11,16,16,42.0,69.0,69.0,63.0,61.0
193,00910,第一金太空衛星,87.95,2.0,2.33,2291,05/29,0,-1,-1,15,15,14.0,18.0,18.0,19.0,17.0
194,1503,士電,219.0,3.0,1.39,6209,05/29,-2,0,13,15,23,20.0,-62.0,-27.0,-373.0,-3.0
195,1587,吉茂,32.0,-0.1,-0.31,4398,05/29,-60,13,13,15,13,9.0,-9.0,-66.0,17.0,-93.0
196,2547,日勝生,9.86,-0.03,-0.3,2199,05/29,0,0,0,15,15,15.0,5.0,-35.0,-117.0,5.0
197,5202,力新,12.2,-0.25,-2.01,798,05/29,-6,20,20,15,20,14.0,10.0,8.0,-5.0,19.0
198,8429,金麗-KY,6.22,0.01,0.16,193,05/29,0,-1,16,15,16,16.0,11.0,15.0,16.0,15.0
199,1708,東鹼,38.2,1.7,4.66,2554,05/29,6,14,14,14,-32,-43.0,10.0,-2.0,-6.0,7.0
200,3323,加百裕,37.9,0.9,2.43,2624,05/29,0,-7,19,14,32,-41.0,-36.0,-101.0,-522.0,-85.0
201,6175,立敦,103.0,-4.0,-3.74,13829,05/29,-33,14,17,14,113,220.0,189.0,108.0,240.0,111.0
202,1308,亞聚,13.1,-0.15,-1.13,3054,05/29,13,16,15,13,18,-52.0,-2.0,-8.0,12.0,-2.0
203,2493,揚博,160.0,-3.0,-1.84,4547,05/29,1,9,-8,13,-11,6.0,-10.0,18.0,14.0,-39.0
204,3013,晟銘電,122.0,4.5,3.83,5811,05/29,0,-2,-62,13,23,2.0,-207.0,-175.0,-725.0,-107.0
205,6584,南俊國際,744.0,54.0,7.83,1728,05/29,4,18,17,13,9,-10.0,-270.0,-274.0,15.0,-206.0
206,1215,卜蜂,125.0,-2.5,-1.96,2528,05/29,3,8,12,12,12,10.0,2.0,-15.0,3.0,-2.0
207,1522,堤維西,34.55,3.1,9.86,13169,05/29,4,9,10,12,12,6.0,19.0,-39.0,-35.0,12.0
208,1524,耿鼎,33.45,1.55,4.86,20615,05/29,15,23,23,12,26,33.0,-150.0,29.0,-579.0,21.0
209,2331,精英,22.2,2.0,9.9,11906,05/29,11,12,11,12,10,20.0,-375.0,-49.0,-53.0,-97.0
210,2354,鴻準,60.9,2.6,4.46,20458,05/29,2,18,18,12,-14,42.0,44.0,-711.0,-122.0,-1.0
211,4526,東台,38.95,0.5,1.3,7406,05/29,0,-53,-72,12,108,306.0,146.0,-117.0,-283.0,-5.0
212,5469,瀚宇博,85.2,1.2,1.43,3367,05/29,-3,1,-11,12,-32,-15.0,-58.0,-679.0,-271.0,-313.0
213,6196,帆宣,511.0,15.0,3.02,2184,05/29,-1,13,12,12,14,-6.0,-80.0,-39.0,-760.0,-45.0
214,6442,光聖,1845.0,-50.0,-2.64,3193,05/29,-11,-43,-58,12,14,-15.0,-281.0,-411.0,-205.0,-294.0
215,6994,富威電力,64.8,3.2,5.19,1131,05/29,-1,0,0,12,48,38.0,80.0,24.0,,-10.0
216,3019,亞光,154.0,4.5,3.01,9864,05/29,26,24,12,11,-85,-822.0,-628.0,75.0,-254.0,88.0
217,3062,建漢,30.7,1.3,4.42,10542,05/29,2,9,10,11,41,17.0,108.0,115.0,113.0,112.0
218,5245,智晶,27.05,0.25,0.93,322,05/29,0,5,2,11,16,23.0,-33.0,8.0,23.0,15.0
219,5452,佶優,34.95,2.6,8.04,8035,05/29,20,18,18,11,26,14.0,-4.0,20.0,-57.0,-27.0
220,6603,富強鑫,25.55,1.0,4.07,8254,05/29,10,12,12,11,12,-10.0,-700.0,-26.0,-49.0,-149.0
221,8932,智通*,100.5,3.5,3.61,3644,05/29,10,1,11,11,10,12.0,12.0,-48.0,1.0,-15.0
222,1477,聚陽,216.5,-1.0,-0.46,1746,05/29,0,4,11,10,17,21.0,23.0,7.0,-4.0,23.0
223,1536,和大,52.8,1.5,2.92,11271,05/29,5,15,17,10,-13,-33.0,-1661.0,-3172.0,-4082.0,-2752.0
224,2885,元大金,59.6,0.5,0.85,91346,05/29,0,0,10,10,8,10.0,17.0,37.0,33.0,25.0
225,3207,耀勝,65.1,0.1,0.15,606,05/29,0,0,6,10,-34,13.0,-19.0,15.0,-167.0,0.0
226,6269,台郡,62.9,2.1,3.45,2807,05/29,9,14,3,10,6,19.0,-79.0,-79.0,-282.0,-142.0
227,6505,台塑化,51.4,1.5,3.01,9994,05/29,5,5,7,10,8,10.0,-75.0,-328.0,-102.0,-160.0
228,6609,瀧澤科,45.95,1.1,2.45,1734,05/29,3,5,9,10,12,9.0,3.0,5.0,12.0,2.0
229,6805,富世達,1930.0,165.0,9.35,4063,05/29,10,9,9,10,10,-13.0,-107.0,-119.0,-124.0,-89.0
230,8032,光菱,43.2,-0.8,-1.82,315,05/29,10,10,10,10,10,10.0,10.0,10.0,2.0,10.0
231,1313,聯成,10.7,0.1,0.94,3682,05/29,11,11,9,9,9,6.0,-100.0,-106.0,7.0,-123.0
232,2330,台積電,2355.0,60.0,2.61,104784,05/29,-27,5,14,9,-13,9.0,-119.0,-107.0,-691.0,-60.0
233,3017,奇鋐,2665.0,85.0,3.29,9351,05/29,11,-7,-8,9,1,-23.0,-347.0,-285.0,-746.0,-386.0
234,3490,單井,38.45,0.0,0.0,1814,05/29,-43,14,13,9,-58,18.0,28.0,26.0,29.0,28.0
235,7734,印能科技,3675.0,5.0,0.14,236,05/29,9,9,9,9,9,2.0,5.0,9.0,,8.0
236,00885,富邦越南,18.84,0.17,0.91,4691,05/29,1,12,10,8,6,-15.0,-36.0,37.0,119.0,-3.0
237,1102,亞泥,34.0,1.6,4.94,205245,05/29,7,7,7,8,8,21.0,15.0,11.0,17.0,18.0
238,1718,中纖,6.62,0.22,3.44,7096,05/29,0,0,8,8,3,7.0,-26.0,-25.0,8.0,-23.0
239,3324,雙鴻,1065.0,60.0,5.97,2917,05/29,0,6,8,8,-117,-205.0,-519.0,-348.0,-969.0,-506.0
240,3511,矽瑪,20.8,0.7,3.48,418,05/29,0,0,8,8,9,-3.0,7.0,-2.0,-24.0,2.0
241,4542,科嶠,270.0,8.5,3.25,832,05/29,5,0,-224,8,19,-39.0,-774.0,457.0,452.0,169.0
242,4741,泓瀚,60.0,-1.9,-3.07,921,05/29,1,4,6,8,1,3.0,11.0,12.0,12.0,11.0
243,5536,聖暉*,993.0,-42.0,-4.06,1822,05/29,-4,-1,4,8,-2,-3.0,19.0,-12.0,-5.0,-23.0
244,8390,金益鼎,121.5,0.5,0.41,871,05/29,3,3,2,8,8,11.0,-34.0,-231.0,5.0,-23.0
245,8422,可寧衛*,26.9,0.2,0.75,7162,05/29,3,-3,-4,8,60,-112.0,-727.0,-6907.0,78.0,-14497.0
246,00685L,群益臺灣加權正2,294.0,19.2,6.99,3418,05/29,-6,-7,4,7,10,9.0,-72.0,-63.0,-249.0,-105.0
247,00902,中信電池及儲能,17.04,0.36,2.16,2732,05/29,1,1,1,7,-6,-7.0,-4.0,-12.0,32.0,-1.0
248,00931B,統一美債20年,13.39,0.14,1.06,10486,05/29,1,5,7,7,7,7.0,7.0,7.0,3.0,7.0
249,00981A,主動統一台股增長,31.54,0.82,2.67,205601,05/29,-615,-199,12,7,-2078,214.0,1937.0,-1195.0,3355.0,977.0
250,1570,力肯,52.1,-0.2,-0.38,566,05/29,1,2,3,7,8,7.0,8.0,-12.0,8.0,-11.0
251,2453,凌群,61.0,0.9,1.5,1153,05/29,5,-10,-11,7,8,8.0,8.0,4.0,-33.0,8.0
252,2457,飛宏,26.0,0.85,3.38,3856,05/29,2,5,-12,7,23,4.0,-192.0,-109.0,23.0,-39.0
253,5285,界霖,90.1,0.0,0.0,5422,05/29,-15,-3,-3,7,7,6.0,8.0,8.0,8.0,8.0
254,6265,方土昶,55.2,1.4,2.6,10011,05/29,14,-27,-4,7,42,24.0,-375.0,-23.0,101.0,-2387.0
255,6861,睿生光電,440.0,24.0,5.77,1766,05/29,10,11,10,7,-120,-296.0,45.0,83.0,85.0,85.0
256,8255,朋程,199.5,15.0,8.13,7603,05/29,2,-2,-12,7,8,8.0,9.0,8.0,-1.0,9.0
257,00918,大華優利高填息30,29.2,0.84,2.96,27352,05/29,8,8,5,6,143,144.0,147.0,165.0,155.0,166.0
258,2101,南港,30.05,0.3,1.01,2324,05/29,-1,2,7,6,3,8.0,3.0,-18.0,-248.0,-16.0
259,2428,興勤,292.0,-0.5,-0.17,7408,05/29,-14,-3,1,6,18,18.0,12.0,11.0,20.0,21.0
260,2497,怡利電,59.7,-1.1,-1.81,1479,05/29,1,7,7,6,5,5.0,3.0,6.0,5.0,-13.0
261,2540,愛山林,55.0,1.4,2.61,1417,05/29,13,13,8,6,-6,15.0,-31.0,-179.0,2.0,-67.0
262,3027,盛達,19.45,0.2,1.04,687,05/29,-5,2,2,6,-8,5.0,-19.0,-32.0,-126.0,-18.0
263,3044,健鼎,521.0,27.5,5.57,4782,05/29,10,2,7,6,4,9.0,5.0,-56.0,-7.0,-42.0
264,3141,晶宏,80.7,-1.3,-1.59,5018,05/29,-1,7,8,6,45,84.0,54.0,86.0,78.0,74.0
265,3311,閎暉,35.8,-0.65,-1.78,1902,05/29,1,6,6,6,7,9.0,9.0,8.0,9.0,9.0
266,3346,麗清,21.45,1.95,10.0,924,05/29,0,6,6,6,0,6.0,6.0,1.0,-8.0,6.0
267,3533,嘉澤,2650.0,165.0,6.64,1614,05/29,6,5,6,6,6,4.0,-15.0,-4.0,-30.0,-2.0
268,3558,神準,144.0,2.5,1.77,1956,05/29,6,7,7,6,7,8.0,1.0,7.0,-40.0,8.0
269,3630,新鉅科,26.15,0.5,1.95,509,05/29,1,4,4,6,7,35.0,16.0,15.0,15.0,34.0
270,3704,合勤控,46.35,1.0,2.21,6330,05/29,1,1,0,6,42,64.0,-2.0,-154.0,-194.0,-92.0
271,4952,凌通,52.8,-0.5,-0.94,1167,05/29,0,-2,1,6,10,7.0,10.0,11.0,6.0,12.0
272,5388,中磊,86.7,2.0,2.36,3895,05/29,1,8,9,6,16,18.0,-20.0,-36.0,-71.0,-30.0
273,5521,工信,10.35,0.2,1.97,3641,05/29,-2,-2,-3,6,-1,10.0,-315.0,-1012.0,-173.0,-896.0
274,6689,伊雲谷,65.0,0.4,0.62,222,05/29,0,2,0,6,9,11.0,9.0,2.0,8.0,10.0
275,8299,群聯,2575.0,125.0,5.1,6552,05/29,0,4,-1,6,-63,-64.0,-25.0,-159.0,-47.0,-371.0
276,9921,巨大,69.3,1.5,2.21,1867,05/29,0,27,8,6,-4,-18.0,-49.0,-212.0,2.0,-156.0
277,00752,中信中國50,22.72,0.44,1.97,2860,05/29,1,1,3,5,1,4.0,1.0,4.0,-27.0,5.0
278,00994A,主動第一金台股優,18.48,0.34,1.87,8386,05/29,-1,6,6,5,-2,6.0,7.0,,,
279,2070,精湛,77.6,1.7,2.24,2959,05/29,-14,-11,-2,5,-2,-5.0,-72.0,14.0,-5.0,14.0
280,2329,華泰,61.1,1.2,2.0,27262,05/29,5,-14,-14,5,-248,-99.0,-234.0,-244.0,-146.0,-676.0
281,2812,台中銀,18.45,-0.05,-0.27,18546,05/29,6,6,5,5,5,6.0,6.0,-99.0,-97.0,-5.0
282,3294,英濟,40.2,0.85,2.16,1486,05/29,-1,-17,-68,5,166,273.0,61.0,-35.0,-2204.0,46.0
283,3444,利機,105.0,-10.5,-9.09,3472,05/29,-10,-9,4,5,11,18.0,16.0,21.0,21.0,-89.0
284,3526,凡甲,369.0,-1.0,-0.27,656,05/29,0,0,-1,5,-105,63.0,68.0,68.0,69.0,54.0
285,3546,宇峻,82.0,1.2,1.49,475,05/29,4,4,4,5,10,3.0,3.0,-10.0,-149.0,6.0
286,3680,家登,540.0,5.0,0.93,1782,05/29,-10,5,5,5,-29,-27.0,-21.0,-15.0,-695.0,-17.0
287,4545,銘鈺,38.5,-0.15,-0.39,543,05/29,0,4,5,5,7,7.0,5.0,7.0,3.0,-1.0
288,4577,達航科技,111.5,-5.0,-4.29,1714,05/29,1,8,7,5,-12,-11.0,-174.0,-326.0,29.0,-50.0
289,4770,上品,255.0,1.0,0.39,576,05/29,0,7,7,5,5,5.0,1.0,-9.0,0.0,-4.0
290,4807,日成-KY,27.9,2.5,9.84,1076,05/29,3,3,5,5,6,6.0,6.0,-51.0,-8.0,5.0
291,5011,久陽,18.7,0.6,3.31,2568,05/29,0,-1,-42,5,5,5.0,6.0,5.0,4.0,5.0
292,5471,松翰,54.1,-1.5,-2.7,4892,05/29,4,4,6,5,2,6.0,1.0,14.0,14.0,15.0
293,6213,聯茂,268.5,7.5,2.87,20471,05/29,13,-5,38,5,-295,-485.0,81.0,-337.0,-959.0,-201.0
294,6234,高僑,49.7,-1.5,-2.93,3039,05/29,-2,-35,-24,5,-42,-133.0,10.0,-38.0,21.0,-97.0
295,6285,啟碁,319.0,15.0,4.93,26333,05/29,30,-6,-2,5,158,327.0,-5.0,419.0,367.0,416.0
296,6552,易華電,34.75,0.65,1.91,707,05/29,-1,-13,-13,5,11,6.0,14.0,12.0,6.0,14.0
297,6667,信紘科,287.0,19.0,7.09,3563,05/29,4,4,4,5,5,6.0,1.0,-2.0,-7.0,3.0
298,6906,現觀科,109.0,0.5,0.46,293,05/29,-1,-2,1,5,5,-2.0,5.0,5.0,5.0,5.0
299,7402,邑錡,99.6,1.6,1.63,545,05/29,1,1,3,5,17,43.0,-9.0,-58.0,26.0,-15.0
300,8070,長華*,52.5,1.6,3.14,9773,05/29,0,2,5,5,-945,52.0,63.0,31.0,-34.0,52.0
